Date,1211.SR,2010.SR,7010.SR,ETEL.CA,IGIC,KFH.KW,NBK.KW,QAT,SWDY.CA,UAE
2018-04-10,18.03333282470703,118.4000015258789,33.599998474121094,12.670000076293945,9.569999694824219,273.7489929199219,518.0859985351562,17.059999465942383,23.909000396728516,16.68000030517578
2018-04-11,17.53333282470703,117.4000015258789,33.040000915527344,12.9399995803833,9.5600004196167,274.2770080566406,520.218017578125,16.889999389648438,24.27199935913086,16.6200008392334
2018-04-12,17.66666603088379,116.80000305175781,33.0,13.180000305175781,9.550000190734863,271.11199951171875,513.822021484375,16.90999984741211,23.795000076293945,16.6200008392334
2018-04-13,17.66666603088379,116.80000305175781,33.0,13.180000305175781,9.550000190734863,271.11199951171875,513.822021484375,16.815000534057617,23.795000076293945,16.59000015258789
2018-04-15,17.799999237060547,118.80000305175781,33.31999969482422,13.720000267028809,9.550000190734863,271.11199951171875,513.822021484375,16.815000534057617,23.433000564575195,16.59000015258789
2018-04-16,17.899999618530273,120.19999694824219,33.36000061035156,13.84000015258789,9.550000190734863,272.6940002441406,515.2429809570312,16.850000381469727,23.371000289916992,16.790000915527344
2018-04-17,17.899999618530273,122.4000015258789,33.7599983215332,14.3100004196167,9.550000190734863,273.22198486328125,515.2429809570312,16.92799949645996,23.29199981689453,16.81999969482422
2018-04-18,18.066665649414062,121.0,34.0,14.510000228881836,9.550000190734863,273.22198486328125,514.5330200195312,17.06999969482422,23.0049991607666,16.700000762939453
2018-04-19,19.133333206176758,122.80000305175781,33.880001068115234,14.84000015258789,9.579999923706055,272.6940002441406,513.822021484375,17.219999313354492,23.275999069213867,16.551000595092773
2018-04-20,19.133333206176758,122.80000305175781,33.880001068115234,14.84000015258789,9.579999923706055,272.6940002441406,513.822021484375,17.23900032043457,23.275999069213867,16.51099967956543
2018-04-22,19.03333282470703,122.0,33.279998779296875,15.100000381469727,9.579999923706055,272.1669921875,516.6649780273438,17.23900032043457,23.959999084472656,16.51099967956543
2018-04-23,19.266666412353516,122.80000305175781,33.79999923706055,15.109999656677246,9.579999923706055,272.1669921875,519.5079956054688,17.299999237060547,23.60700035095215,16.51099967956543
2018-04-24,18.899999618530273,122.4000015258789,33.880001068115234,14.90999984741211,9.579999923706055,270.5840148925781,523.77197265625,17.0,23.503000259399414,16.219999313354492
2018-04-25,18.633333206176758,121.19999694824219,33.36000061035156,14.90999984741211,9.579999923706055,271.11199951171875,530.8779907226562,17.15999984741211,23.503000259399414,16.226999282836914
2018-04-26,18.600000381469727,118.5999984741211,33.119998931884766,14.8100004196167,9.579999923706055,270.5840148925781,531.5889892578125,17.290000915527344,25.145000457763672,16.6200008392334
2018-04-27,18.600000381469727,118.5999984741211,33.119998931884766,14.8100004196167,9.579999923706055,270.5840148925781,531.5889892578125,17.219999313354492,25.145000457763672,16.531999588012695
2018-04-29,18.66666603088379,118.0,32.959999084472656,15.5600004196167,9.579999923706055,270.5840148925781,529.4569702148438,17.219999313354492,24.804000854492188,16.531999588012695
2018-04-30,19.0,114.5999984741211,33.08000183105469,16.110000610351562,9.579999923706055,271.6390075683594,530.1680297851562,17.11400032043457,25.14699935913086,16.530000686645508
2018-05-01,18.799999237060547,114.19999694824219,33.15999984741211,16.110000610351562,9.579999923706055,273.7489929199219,528.7459716796875,17.010000228881836,25.14699935913086,16.540000915527344
2018-05-02,18.66666603088379,114.0,33.279998779296875,16.1200008392334,9.579999923706055,274.8039855957031,525.1929931640625,16.899999618530273,24.368000030517578,16.389999389648438
2018-05-03,19.100000381469727,113.80000305175781,33.439998626708984,15.640000343322754,9.579999923706055,275.8590087890625,525.9039916992188,16.440000534057617,23.871999740600586,16.3700008392334
2018-05-04,19.100000381469727,113.80000305175781,33.439998626708984,15.640000343322754,9.579999923706055,275.8590087890625,525.9039916992188,16.621999740600586,23.871999740600586,16.399999618530273
2018-05-06,19.0,114.5999984741211,33.400001525878906,15.770000457763672,9.579999923706055,277.968994140625,524.4819946289062,16.621999740600586,23.566999435424805,16.399999618530273
2018-05-07,19.0,114.0,33.560001373291016,15.979999542236328,9.640000343322754,279.02398681640625,525.1929931640625,16.799999237060547,23.490999221801758,16.260000228881836
2018-05-08,18.799999237060547,114.0,33.040000915527344,16.860000610351562,9.640000343322754,279.02398681640625,525.1929931640625,16.701000213623047,23.527000427246094,16.149999618530273
2018-05-09,18.366666793823242,113.80000305175781,31.799999237060547,16.530000686645508,9.619999885559082,278.4960021972656,524.4819946289062,16.551000595092773,22.722999572753906,15.930000305175781
2018-05-10,18.399999618530273,115.0,32.36000061035156,16.0,9.619999885559082,277.968994140625,524.4819946289062,16.610000610351562,22.440000534057617,16.040000915527344
2018-05-11,18.399999618530273,115.0,32.36000061035156,16.0,9.579999923706055,277.968994140625,524.4819946289062,16.610000610351562,22.440000534057617,16.030000686645508
2018-05-13,18.633333206176758,116.5999984741211,33.20000076293945,15.869999885559082,9.579999923706055,277.968994140625,524.4819946289062,16.610000610351562,22.79800033569336,16.030000686645508
2018-05-14,18.66666603088379,116.5999984741211,33.400001525878906,15.34000015258789,9.59000015258789,277.968994140625,523.77197265625,16.75,22.88599967956543,15.970000267028809
2018-05-15,18.633333206176758,117.4000015258789,33.2400016784668,15.289999961853027,9.579999923706055,277.968994140625,525.1929931640625,16.68000030517578,22.493999481201172,16.049999237060547
2018-05-16,18.399999618530273,116.0,33.040000915527344,14.930000305175781,9.579999923706055,277.968994140625,525.1929931640625,16.725000381469727,21.576000213623047,16.229999542236328
2018-05-17,18.566665649414062,117.5999984741211,33.040000915527344,14.380000114440918,9.579999923706055,277.968994140625,524.4819946289062,16.674999237060547,22.013999938964844,16.229999542236328
2018-05-18,18.566665649414062,117.5999984741211,33.040000915527344,14.380000114440918,9.618000030517578,277.968994140625,524.4819946289062,16.649999618530273,22.013999938964844,15.960000038146973
2018-05-20,18.53333282470703,117.19999694824219,32.959999084472656,14.279999732971191,9.618000030517578,277.968994140625,525.1929931640625,16.649999618530273,21.858999252319336,15.960000038146973
2018-05-21,18.633333206176758,117.0,33.400001525878906,14.359999656677246,9.600000381469727,277.968994140625,525.1929931640625,16.739999771118164,21.98200035095215,16.219999313354492
2018-05-22,18.566665649414062,121.0,33.84000015258789,14.430000305175781,9.59000015258789,277.968994140625,523.77197265625,16.823999404907227,21.764999389648438,16.290000915527344
2018-05-23,18.766666412353516,119.80000305175781,34.31999969482422,14.390000343322754,9.600000381469727,277.968994140625,520.9290161132812,16.860000610351562,21.864999771118164,16.440000534057617
2018-05-24,18.799999237060547,121.4000015258789,34.599998474121094,14.40999984741211,9.59000015258789,277.968994140625,517.3759765625,16.729999542236328,21.972999572753906,16.341999053955078
2018-05-25,18.799999237060547,121.4000015258789,34.599998474121094,14.40999984741211,9.59000015258789,277.968994140625,517.3759765625,16.860000610351562,21.972999572753906,16.239999771118164
2018-05-27,18.566665649414062,121.0,34.84000015258789,14.239999771118164,9.59000015258789,277.968994140625,516.6649780273438,16.860000610351562,22.011999130249023,16.239999771118164
2018-05-28,18.766666412353516,121.0,35.040000915527344,14.279999732971191,9.59000015258789,277.968994140625,515.2429809570312,16.860000610351562,22.260000228881836,16.239999771118164
2018-05-29,18.866666793823242,123.0,35.15999984741211,14.529999732971191,9.59000015258789,277.968994140625,516.6649780273438,17.139999389648438,22.347000122070312,16.190000534057617
2018-05-30,18.933332443237305,125.0,35.119998931884766,14.359999656677246,9.59000015258789,277.968994140625,515.2429809570312,16.799999237060547,21.783000946044922,16.299999237060547
2018-05-31,19.700000762939453,130.39999389648438,35.439998626708984,14.710000038146973,9.579999923706055,277.968994140625,513.822021484375,17.489999771118164,20.94099998474121,16.31999969482422
2018-06-01,19.700000762939453,130.39999389648438,35.439998626708984,14.710000038146973,9.619999885559082,277.968994140625,513.822021484375,17.209999084472656,20.94099998474121,16.34000015258789
2018-06-03,19.700000762939453,129.1999969482422,36.560001373291016,15.130000114440918,9.619999885559082,277.968994140625,514.5330200195312,17.209999084472656,21.437999725341797,16.34000015258789
2018-06-04,19.66666603088379,129.60000610351562,37.08000183105469,15.130000114440918,9.619999885559082,277.968994140625,518.7969970703125,17.600000381469727,21.437999725341797,16.399999618530273
2018-06-05,19.833332061767578,129.39999389648438,36.79999923706055,14.5600004196167,9.640000343322754,277.968994140625,522.3499755859375,17.719999313354492,20.726999282836914,16.6200008392334
2018-06-06,19.833332061767578,127.4000015258789,36.720001220703125,14.5600004196167,9.640000343322754,273.7489929199219,527.3250122070312,17.719999313354492,20.233999252319336,16.850000381469727
2018-06-07,19.700000762939453,126.80000305175781,35.79999923706055,14.9399995803833,9.649999618530273,273.22198486328125,530.1680297851562,17.68000030517578,20.534000396728516,16.709999084472656
2018-06-08,19.700000762939453,126.80000305175781,35.79999923706055,14.9399995803833,9.649999618530273,273.22198486328125,530.1680297851562,17.709999084472656,20.534000396728516,16.639999389648438
2018-06-10,19.5,125.19999694824219,35.279998779296875,15.40999984741211,9.649999618530273,272.1669921875,531.5889892578125,17.709999084472656,20.825000762939453,16.639999389648438
2018-06-11,19.100000381469727,126.19999694824219,34.84000015258789,15.40999984741211,9.649999618530273,270.0570068359375,528.0360107421875,17.645000457763672,20.825000762939453,17.094999313354492
2018-06-12,19.066665649414062,126.5999984741211,35.040000915527344,15.100000381469727,9.609999656677246,272.6940002441406,531.5889892578125,17.450000762939453,20.25200080871582,17.079999923706055
2018-06-13,19.066665649414062,126.5999984741211,35.040000915527344,15.289999961853027,9.609999656677246,274.2770080566406,533.010009765625,17.899999618530273,20.202999114990234,16.950000762939453
2018-06-14,19.066665649414062,126.5999984741211,35.040000915527344,15.1899995803833,9.609999656677246,276.385986328125,532.2999877929688,17.3700008392334,19.930999755859375,16.829999923706055
2018-06-15,19.066665649414062,126.5999984741211,35.040000915527344,15.1899995803833,9.609999656677246,276.385986328125,532.2999877929688,17.110000610351562,19.930999755859375,16.770000457763672
2018-06-17,19.066665649414062,126.5999984741211,35.040000915527344,15.1899995803833,9.609999656677246,276.385986328125,532.2999877929688,17.110000610351562,19.930999755859375,16.770000457763672
2018-06-18,19.066665649414062,126.5999984741211,35.040000915527344,15.1899995803833,9.609999656677246,276.385986328125,532.2999877929688,17.06999969482422,19.930999755859375,16.360000610351562
2018-06-19,19.066665649414062,126.5999984741211,35.040000915527344,14.760000228881836,9.609999656677246,275.3320007324219,531.5889892578125,16.260000228881836,20.139999389648438,15.684000015258789
2018-06-20,18.799999237060547,125.80000305175781,34.560001373291016,14.489999771118164,9.609999656677246,276.385986328125,530.8779907226562,16.260000228881836,19.54400062561035,15.59000015258789
2018-06-21,19.0,126.0,35.0,14.510000228881836,9.600000381469727,276.385986328125,530.1680297851562,16.209999084472656,19.820999145507812,15.489999771118164
2018-06-22,19.0,126.0,35.0,14.510000228881836,9.600000381469727,276.385986328125,530.1680297851562,16.329999923706055,19.820999145507812,15.579999923706055
2018-06-24,19.200000762939453,128.60000610351562,35.959999084472656,14.34000015258789,9.600000381469727,276.91400146484375,530.1680297851562,16.329999923706055,19.618999481201172,15.579999923706055
2018-06-25,19.299999237060547,128.1999969482422,36.0,14.109999656677246,9.600000381469727,281.1340026855469,531.5889892578125,16.280000686645508,19.54199981689453,15.40999984741211
2018-06-26,19.16666603088379,127.0,35.720001220703125,13.59000015258789,9.600000381469727,286.4079895019531,533.010009765625,16.010000228881836,19.155000686645508,15.390000343322754
2018-06-27,19.333332061767578,127.19999694824219,35.720001220703125,13.8100004196167,9.600000381469727,286.9360046386719,532.2999877929688,16.089000701904297,19.268999099731445,15.010000228881836
2018-06-28,19.066665649414062,126.19999694824219,35.880001068115234,14.069999694824219,9.609999656677246,284.2980041503906,533.010009765625,16.239999771118164,19.961000442504883,15.069999694824219
2018-06-29,19.066665649414062,126.19999694824219,35.880001068115234,14.069999694824219,9.609999656677246,284.2980041503906,533.010009765625,16.350000381469727,19.961000442504883,15.220000267028809
2018-07-01,18.966665267944336,126.0,36.0,14.069999694824219,9.609999656677246,284.2980041503906,533.010009765625,16.350000381469727,19.961000442504883,15.220000267028809
2018-07-02,18.733333587646484,124.0,35.720001220703125,14.100000381469727,9.609999656677246,286.9360046386719,532.2999877929688,16.59000015258789,20.461000442504883,15.140000343322754
2018-07-03,18.799999237060547,123.4000015258789,35.63999938964844,14.109999656677246,9.609999656677246,294.32000732421875,538.6959838867188,16.540000915527344,20.52400016784668,15.109999656677246
2018-07-04,18.633333206176758,124.4000015258789,35.68000030517578,13.890000343322754,9.609999656677246,306.97900390625,549.3560180664062,16.540000915527344,20.11400032043457,15.109999656677246
2018-07-05,18.5,123.5999984741211,35.36000061035156,14.109999656677246,9.609999656677246,308.5610046386719,561.43798828125,16.540000915527344,19.90399932861328,15.239999771118164
2018-07-06,18.5,123.5999984741211,35.36000061035156,14.109999656677246,9.609999656677246,308.5610046386719,561.43798828125,16.639999389648438,19.90399932861328,15.270000457763672
2018-07-08,18.766666412353516,123.5999984741211,34.52000045776367,14.279999732971191,9.609999656677246,315.4179992675781,567.1229858398438,16.639999389648438,19.242000579833984,15.270000457763672
2018-07-09,19.266666412353516,125.80000305175781,34.400001525878906,13.989999771118164,9.609999656677246,314.8909912109375,567.1229858398438,16.690000534057617,19.030000686645508,15.399999618530273
2018-07-10,19.16666603088379,127.0,34.79999923706055,14.270000457763672,9.609999656677246,319.63800048828125,570.677001953125,16.760000228881836,19.395999908447266,15.42300033569336
2018-07-11,19.0,127.4000015258789,34.7599983215332,14.470000267028809,9.609999656677246,329.6600036621094,577.072998046875,16.850000381469727,19.444000244140625,15.329999923706055
2018-07-12,19.066665649414062,126.80000305175781,34.79999923706055,14.279999732971191,9.609999656677246,329.1319885253906,572.0980224609375,16.729999542236328,19.224000930786133,15.420000076293945
2018-07-13,19.066665649414062,126.80000305175781,34.79999923706055,14.279999732971191,9.609999656677246,329.1319885253906,572.0980224609375,16.700000762939453,19.224000930786133,15.479999542236328
2018-07-15,19.200000762939453,128.1999969482422,34.880001068115234,14.140000343322754,9.609999656677246,324.385009765625,577.7830200195312,16.700000762939453,19.024999618530273,15.479999542236328
2018-07-16,19.5,129.0,35.36000061035156,13.989999771118164,9.609999656677246,329.6600036621094,580.6259765625,16.77400016784668,18.551000595092773,15.510000228881836
2018-07-17,19.333332061767578,128.39999389648438,35.20000076293945,14.260000228881836,9.649999618530273,323.3299865722656,577.7830200195312,16.860000610351562,18.143999099731445,15.59000015258789
2018-07-18,19.233333587646484,129.39999389648438,35.15999984741211,14.300000190734863,9.649999618530273,323.8580017089844,578.4940185546875,16.959999084472656,17.974000930786133,15.619999885559082
2018-07-19,19.366666793823242,129.60000610351562,35.040000915527344,13.75,9.579999923706055,323.8580017089844,577.7830200195312,16.954999923706055,18.184999465942383,15.760000228881836
2018-07-20,19.366666793823242,129.60000610351562,35.040000915527344,13.75,9.579999923706055,323.8580017089844,577.7830200195312,17.139999389648438,18.184999465942383,15.760000228881836
2018-07-22,19.600000381469727,129.39999389648438,35.0,13.65999984741211,9.579999923706055,320.1650085449219,575.6510009765625,17.139999389648438,17.93899917602539,15.760000228881836
2018-07-23,19.333332061767578,129.1999969482422,35.040000915527344,13.65999984741211,9.579999923706055,323.3299865722656,575.6510009765625,16.940000534057617,17.93899917602539,15.59000015258789
2018-07-24,19.266666412353516,129.39999389648438,35.2400016784668,13.770000457763672,9.579999923706055,321.74798583984375,577.7830200195312,17.239999771118164,18.16699981689453,15.680000305175781
2018-07-25,19.466665267944336,129.8000030517578,35.0,13.539999961853027,9.579999923706055,320.6929931640625,577.7830200195312,17.149999618530273,17.993999481201172,16.0
2018-07-26,19.16666603088379,129.8000030517578,34.720001220703125,13.65999984741211,9.5600004196167,322.2749938964844,577.7830200195312,17.219999313354492,18.083999633789062,15.760000228881836
2018-07-27,19.16666603088379,129.8000030517578,34.720001220703125,13.65999984741211,9.5600004196167,322.2749938964844,577.7830200195312,17.177000045776367,18.083999633789062,15.621999740600586
2018-07-29,19.133333206176758,129.8000030517578,34.7599983215332,13.760000228881836,9.5600004196167,320.1650085449219,578.4940185546875,17.177000045776367,18.40999984741211,15.621999740600586
2018-07-30,19.16666603088379,129.39999389648438,34.7599983215332,13.680000305175781,9.5600004196167,314.8909912109375,577.7830200195312,17.31999969482422,18.481000900268555,15.75
2018-07-31,19.16666603088379,128.8000030517578,34.599998474121094,14.020000457763672,9.5600004196167,307.5060119628906,575.6510009765625,17.757999420166016,18.645999908447266,15.789999961853027
2018-08-01,19.266666412353516,128.8000030517578,34.400001525878906,14.069999694824219,9.579999923706055,308.5610046386719,576.3619995117188,18.200000762939453,18.69300079345703,15.789999961853027
2018-08-02,19.16666603088379,128.60000610351562,34.52000045776367,14.010000228881836,9.579999923706055,313.3080139160156,578.4940185546875,18.21500015258789,19.142000198364258,15.899999618530273
2018-08-03,19.16666603088379,128.60000610351562,34.52000045776367,14.010000228881836,9.579999923706055,313.3080139160156,578.4940185546875,18.19300079345703,19.142000198364258,15.920000076293945
2018-08-05,19.16666603088379,128.1999969482422,34.279998779296875,14.010000228881836,9.579999923706055,318.0559997558594,582.7579956054688,18.19300079345703,19.466999053955078,15.920000076293945
2018-08-06,19.03333282470703,128.0,34.20000076293945,14.020000457763672,9.59000015258789,321.2200012207031,588.4439697265625,18.260000228881836,19.20599937438965,15.819999694824219
2018-08-07,19.16666603088379,128.0,34.400001525878906,14.180000305175781,9.600000381469727,322.8030090332031,589.1539916992188,18.360000610351562,19.30299949645996,15.819999694824219
2018-08-08,19.03333282470703,127.4000015258789,34.2400016784668,14.0600004196167,9.600000381469727,322.8030090332031,591.2860107421875,18.12700080871582,19.312999725341797,15.670000076293945
2018-08-09,19.0,126.80000305175781,34.08000183105469,14.289999961853027,9.600000381469727,322.2749938964844,591.9970092773438,18.1200008392334,19.260000228881836,15.75
2018-08-10,19.0,126.80000305175781,34.08000183105469,14.289999961853027,9.600000381469727,322.2749938964844,591.9970092773438,17.799999237060547,19.260000228881836,15.739999771118164
2018-08-12,19.0,126.19999694824219,33.47999954223633,14.130000114440918,9.600000381469727,317.0010070800781,592.7080078125,17.799999237060547,19.222000122070312,15.739999771118164
2018-08-13,18.366666793823242,123.19999694824219,32.63999938964844,14.0,9.630000114440918,312.781005859375,591.2860107421875,17.40999984741211,18.974000930786133,15.430000305175781
2018-08-14,18.633333206176758,123.4000015258789,32.0,14.34000015258789,9.630000114440918,313.3080139160156,592.7080078125,17.523000717163086,18.0939998626709,15.460000038146973
2018-08-15,18.700000762939453,123.80000305175781,31.600000381469727,14.039999961853027,9.630000114440918,312.781005859375,593.4180297851562,17.448999404907227,17.85300064086914,15.399999618530273
2018-08-16,18.233333587646484,123.0,31.360000610351562,14.029999732971191,9.630000114440918,313.3080139160156,591.2860107421875,17.18899917602539,17.492000579833984,15.529999732971191
2018-08-17,18.233333587646484,123.0,31.360000610351562,14.029999732971191,9.630000114440918,313.3080139160156,591.2860107421875,17.229999542236328,17.492000579833984,15.529999732971191
2018-08-19,18.233333587646484,123.0,31.360000610351562,14.050000190734863,9.630000114440918,313.3080139160156,591.2860107421875,17.229999542236328,17.405000686645508,15.529999732971191
2018-08-20,18.233333587646484,123.0,31.360000610351562,14.050000190734863,9.600000381469727,313.3080139160156,591.2860107421875,17.360000610351562,17.405000686645508,15.550000190734863
2018-08-21,18.233333587646484,123.0,31.360000610351562,14.050000190734863,9.619999885559082,313.3080139160156,591.2860107421875,17.360000610351562,17.405000686645508,15.569999694824219
2018-08-22,18.233333587646484,123.0,31.360000610351562,14.050000190734863,9.619999885559082,313.3080139160156,591.2860107421875,17.420000076293945,17.405000686645508,15.699999809265137
2018-08-23,18.233333587646484,123.0,31.360000610351562,14.050000190734863,9.649999618530273,313.3080139160156,591.2860107421875,17.329999923706055,17.405000686645508,15.635000228881836
2018-08-24,18.233333587646484,123.0,31.360000610351562,14.050000190734863,9.649999618530273,313.3080139160156,591.2860107421875,17.489999771118164,17.405000686645508,15.793000221252441
2018-08-26,18.66666603088379,125.19999694824219,32.439998626708984,14.039999961853027,9.649999618530273,313.3080139160156,581.3369750976562,17.489999771118164,17.405000686645508,15.793000221252441
2018-08-27,18.5,125.4000015258789,32.63999938964844,14.039999961853027,9.649999618530273,312.2539978027344,577.072998046875,17.799999237060547,17.405000686645508,15.539999961853027
2018-08-28,18.700000762939453,126.80000305175781,33.2400016784668,14.039999961853027,9.649999618530273,308.5610046386719,572.0980224609375,17.709999084472656,17.405000686645508,15.449999809265137
2018-08-29,18.66666603088379,127.4000015258789,32.880001068115234,14.039999961853027,9.649999618530273,309.6159973144531,575.6510009765625,17.799999237060547,17.405000686645508,15.579999923706055
2018-08-30,18.333332061767578,126.0,33.0,14.039999961853027,9.670000076293945,309.6159973144531,570.677001953125,17.84000015258789,17.405000686645508,15.5600004196167
2018-08-31,18.333332061767578,126.0,33.0,14.039999961853027,9.75,309.6159973144531,570.677001953125,18.0,17.405000686645508,15.550000190734863
2018-09-02,18.0,124.80000305175781,32.68000030517578,13.779999732971191,9.75,309.6159973144531,573.5189819335938,18.0,19.347999572753906,15.550000190734863
2018-09-03,17.866666793823242,125.5999984741211,33.20000076293945,13.739999771118164,9.75,306.45098876953125,569.2550048828125,18.0,19.856000900268555,15.550000190734863
2018-09-04,17.899999618530273,126.19999694824219,33.560001373291016,14.029999732971191,9.75,310.6709899902344,574.9409790039062,17.920000076293945,20.222999572753906,15.680000305175781
2018-09-05,17.333332061767578,120.5999984741211,32.439998626708984,13.800000190734863,9.710000038146973,311.1990051269531,575.6510009765625,17.809999465942383,19.886999130249023,15.529999732971191
2018-09-06,17.03333282470703,118.19999694824219,32.08000183105469,13.670000076293945,9.699999809265137,310.6709899902344,579.2050170898438,17.670000076293945,19.950000762939453,15.489999771118164
2018-09-07,17.03333282470703,118.19999694824219,32.08000183105469,13.670000076293945,9.699999809265137,310.6709899902344,579.2050170898438,17.31999969482422,19.950000762939453,15.430999755859375
2018-09-09,16.933332443237305,120.19999694824219,32.79999923706055,13.59000015258789,9.699999809265137,311.1990051269531,582.0479736328125,17.31999969482422,19.680999755859375,15.430999755859375
2018-09-10,16.833332061767578,119.0,33.119998931884766,13.460000038146973,9.649999618530273,311.1990051269531,586.31201171875,17.54199981689453,19.554000854492188,15.505000114440918
2018-09-11,16.766666412353516,119.80000305175781,33.08000183105469,13.460000038146973,9.649999618530273,311.1990051269531,586.31201171875,17.802000045776367,19.554000854492188,15.640000343322754
2018-09-12,16.649999618530273,119.0,33.20000076293945,13.029999732971191,9.699999809265137,311.72601318359375,589.1539916992188,17.899999618530273,19.30699920654297,15.579999923706055
2018-09-13,16.433332443237305,117.5999984741211,32.720001220703125,12.890000343322754,9.699999809265137,313.83599853515625,589.864990234375,18.08799934387207,18.601999282836914,15.619999885559082
2018-09-14,16.433332443237305,117.5999984741211,32.720001220703125,12.890000343322754,9.649999618530273,313.83599853515625,589.864990234375,17.920000076293945,18.601999282836914,15.600000381469727
2018-09-16,16.200000762939453,117.19999694824219,32.36000061035156,12.579999923706055,9.649999618530273,315.4179992675781,585.6010131835938,17.920000076293945,17.77400016784668,15.600000381469727
2018-09-17,16.733333587646484,116.80000305175781,32.599998474121094,12.479999542236328,9.640000343322754,316.4729919433594,589.864990234375,17.420000076293945,17.990999221801758,15.229999542236328
2018-09-18,16.299999237060547,118.5999984741211,32.7599983215332,11.90999984741211,9.640000343322754,315.4179992675781,589.864990234375,17.420000076293945,18.16900062561035,15.270000457763672
2018-09-19,16.549999237060547,119.4000015258789,32.7599983215332,11.359999656677246,9.640000343322754,312.781005859375,589.1539916992188,17.709999084472656,17.259000778198242,15.210000038146973
2018-09-20,16.383333206176758,122.4000015258789,32.79999923706055,10.770000457763672,9.640000343322754,320.1650085449219,589.864990234375,17.639999389648438,16.493999481201172,15.260000228881836
2018-09-21,16.383333206176758,122.4000015258789,32.79999923706055,10.770000457763672,9.670000076293945,320.1650085449219,589.864990234375,17.790000915527344,16.493999481201172,15.300000190734863
2018-09-23,16.383333206176758,122.4000015258789,32.79999923706055,11.050000190734863,9.670000076293945,312.2539978027344,575.6510009765625,17.790000915527344,16.85300064086914,15.300000190734863
2018-09-24,16.383333206176758,122.4000015258789,32.79999923706055,11.069999694824219,9.670000076293945,311.72601318359375,575.6510009765625,17.56999969482422,16.804000854492188,15.300000190734863
2018-09-25,17.16666603088379,125.80000305175781,33.599998474121094,11.069999694824219,9.670000076293945,316.4729919433594,584.1799926757812,17.639999389648438,17.222000122070312,15.279999732971191
2018-09-26,16.799999237060547,124.0,33.7599983215332,11.630000114440918,9.670000076293945,315.9460144042969,585.6010131835938,17.915000915527344,17.50200080871582,15.199999809265137
2018-09-27,16.966665267944336,123.5999984741211,33.720001220703125,11.649999618530273,9.670000076293945,315.4179992675781,587.7329711914062,17.81999969482422,17.829999923706055,15.300000190734863
2018-09-28,16.966665267944336,123.5999984741211,33.720001220703125,11.649999618530273,9.670000076293945,315.4179992675781,587.7329711914062,18.030000686645508,17.829999923706055,15.270000457763672
2018-09-30,17.266666412353516,125.4000015258789,34.20000076293945,11.680000305175781,9.670000076293945,314.8909912109375,591.9970092773438,18.030000686645508,17.709999084472656,15.270000457763672
2018-10-01,17.16666603088379,126.0,34.15999984741211,11.720000267028809,9.670000076293945,314.3630065917969,591.9970092773438,17.889999389648438,17.1299991607666,15.420000076293945
2018-10-02,17.100000381469727,125.80000305175781,34.0,11.579999923706055,9.670000076293945,313.83599853515625,591.2860107421875,17.75,16.950000762939453,15.479999542236328
2018-10-03,17.066665649414062,126.0,34.0,11.479999542236328,9.699999809265137,314.8909912109375,591.2860107421875,17.709999084472656,16.700000762939453,15.3100004196167
2018-10-04,17.333332061767578,125.80000305175781,33.68000030517578,11.210000038146973,9.699999809265137,313.83599853515625,589.1539916992188,17.670000076293945,16.110000610351562,15.130000114440918
2018-10-05,17.333332061767578,125.80000305175781,33.68000030517578,11.210000038146973,9.699999809265137,313.83599853515625,589.1539916992188,17.520000457763672,16.110000610351562,15.069999694824219
2018-10-07,17.233333587646484,123.80000305175781,33.0,11.210000038146973,9.699999809265137,312.2539978027344,587.02197265625,17.520000457763672,16.110000610351562,15.069999694824219
2018-10-08,17.16666603088379,124.0,33.52000045776367,10.670000076293945,9.699999809265137,311.72601318359375,589.1539916992188,17.700000762939453,14.979999542236328,15.100000381469727
2018-10-09,17.100000381469727,124.0,33.31999969482422,10.880000114440918,9.670000076293945,311.72601318359375,591.2860107421875,17.709999084472656,14.859999656677246,15.130000114440918
2018-10-10,17.0,122.4000015258789,33.0,10.720000267028809,9.670000076293945,311.1990051269531,589.1539916992188,17.639999389648438,14.720000267028809,14.9399995803833
2018-10-11,15.766666412353516,116.19999694824219,32.400001525878906,10.239999771118164,9.670000076293945,310.1440124511719,584.1799926757812,17.56100082397461,13.880000114440918,14.789999961853027
2018-10-12,15.766666412353516,116.19999694824219,32.400001525878906,10.239999771118164,9.5,310.1440124511719,584.1799926757812,17.6200008392334,13.880000114440918,15.039999961853027
2018-10-14,14.666666030883789,116.19999694824219,30.399999618530273,10.239999771118164,9.5,306.97900390625,572.8090209960938,17.6200008392334,13.880000114440918,15.039999961853027
2018-10-15,15.199999809265137,118.19999694824219,31.760000228881836,10.680000305175781,9.630000114440918,307.5060119628906,579.2050170898438,17.540000915527344,14.119999885559082,14.75
2018-10-16,14.949999809265137,124.0,33.439998626708984,10.75,9.630000114440918,306.97900390625,578.4940185546875,17.90999984741211,14.600000381469727,14.90999984741211
2018-10-17,15.149999618530273,125.80000305175781,32.599998474121094,10.760000228881836,9.630000114440918,306.45098876953125,580.6259765625,18.18000030517578,14.979999542236328,14.779999732971191
2018-10-18,15.0,124.80000305175781,33.20000076293945,10.869999885559082,9.649999618530273,305.3970031738281,579.2050170898438,17.969999313354492,14.489999771118164,14.9399995803833
2018-10-19,15.0,124.80000305175781,33.20000076293945,10.869999885559082,9.649999618530273,305.3970031738281,579.2050170898438,18.1200008392334,14.489999771118164,14.930000305175781
2018-10-21,14.600000381469727,125.0,33.68000030517578,10.670000076293945,9.649999618530273,304.8689880371094,577.7830200195312,18.1200008392334,14.5,14.930000305175781
2018-10-22,13.666666030883789,127.0,34.400001525878906,10.670000076293945,9.649999618530273,301.7040100097656,577.072998046875,18.3799991607666,14.5,14.979999542236328
2018-10-23,14.5,123.19999694824219,33.2400016784668,10.770000457763672,9.649999618530273,305.3970031738281,575.6510009765625,18.139999389648438,14.979999542236328,14.996000289916992
2018-10-24,15.433333396911621,122.0,32.52000045776367,10.84000015258789,9.649999618530273,308.03399658203125,579.2050170898438,18.010000228881836,14.210000038146973,14.739999771118164
2018-10-25,15.766666412353516,129.60000610351562,34.47999954223633,10.359999656677246,9.649999618530273,309.0889892578125,581.3369750976562,18.559999465942383,14.149999618530273,14.979999542236328
2018-10-26,15.766666412353516,129.60000610351562,34.47999954223633,10.359999656677246,9.649999618530273,309.0889892578125,581.3369750976562,18.18000030517578,14.149999618530273,14.829999923706055
2018-10-28,15.699999809265137,127.19999694824219,34.20000076293945,10.649999618530273,9.649999618530273,306.97900390625,581.3369750976562,18.18000030517578,14.3100004196167,14.829999923706055
2018-10-29,15.833333015441895,127.19999694824219,34.400001525878906,10.800000190734863,9.649999618530273,306.45098876953125,581.3369750976562,18.3700008392334,14.449999809265137,14.729999542236328
2018-10-30,15.866665840148926,126.80000305175781,34.0,10.789999961853027,9.65999984741211,308.5610046386719,583.468994140625,18.259000778198242,14.609999656677246,15.079999923706055
2018-10-31,16.0,126.80000305175781,34.15999984741211,10.550000190734863,9.65999984741211,309.6159973144531,584.1799926757812,18.569000244140625,15.170000076293945,15.180000305175781
2018-11-01,15.533332824707031,126.5999984741211,34.040000915527344,10.670000076293945,9.550000190734863,312.2539978027344,588.4439697265625,18.479999542236328,15.15999984741211,15.210000038146973
2018-11-02,15.533332824707031,126.5999984741211,34.040000915527344,10.670000076293945,9.550000190734863,312.2539978027344,588.4439697265625,18.540000915527344,15.15999984741211,15.25
2018-11-04,15.566665649414062,126.0,33.720001220703125,10.729999542236328,9.550000190734863,312.2539978027344,588.4439697265625,18.540000915527344,14.960000038146973,15.25
2018-11-05,15.333333015441895,125.4000015258789,33.36000061035156,10.779999732971191,9.550000190734863,310.6709899902344,588.4439697265625,18.690000534057617,15.0600004196167,15.288999557495117
2018-11-06,15.216666221618652,125.0,33.599998474121094,10.789999961853027,9.649999618530273,310.6709899902344,588.4439697265625,18.780000686645508,15.739999771118164,15.279000282287598
2018-11-07,15.133333206176758,124.0,33.400001525878906,10.930000305175781,9.649999618530273,312.781005859375,590.5759887695312,18.510000228881836,16.25,15.350000381469727
2018-11-08,15.083333015441895,123.0,33.20000076293945,10.960000038146973,9.649999618530273,312.2539978027344,594.1290283203125,18.899999618530273,16.270000457763672,15.380000114440918
2018-11-09,15.083333015441895,123.0,33.20000076293945,10.960000038146973,9.649999618530273,312.2539978027344,594.1290283203125,18.68000030517578,16.270000457763672,15.100000381469727
2018-11-11,14.949999809265137,123.5999984741211,33.20000076293945,10.869999885559082,9.649999618530273,312.781005859375,593.4180297851562,18.68000030517578,16.079999923706055,15.100000381469727
2018-11-12,15.066665649414062,123.80000305175781,33.439998626708984,10.90999984741211,9.670000076293945,313.3080139160156,594.1290283203125,18.809999465942383,16.59000015258789,14.949999809265137
2018-11-13,15.399999618530273,122.80000305175781,33.400001525878906,10.920000076293945,9.670000076293945,313.3080139160156,593.4180297851562,18.790000915527344,16.709999084472656,14.970000267028809
2018-11-14,15.416666030883789,120.5999984741211,33.20000076293945,10.9399995803833,9.670000076293945,313.3080139160156,593.4180297851562,18.59000015258789,16.399999618530273,15.157999992370605
2018-11-15,15.833333015441895,119.80000305175781,33.400001525878906,11.430000305175781,9.670000076293945,313.3080139160156,593.4180297851562,18.961999893188477,16.84000015258789,15.140000343322754
2018-11-16,15.833333015441895,119.80000305175781,33.400001525878906,11.430000305175781,9.800000190734863,313.3080139160156,593.4180297851562,19.06999969482422,16.84000015258789,15.1899995803833
2018-11-18,15.583333015441895,119.0,32.36000061035156,11.670000076293945,9.800000190734863,314.3630065917969,591.2860107421875,19.06999969482422,17.229999542236328,15.1899995803833
2018-11-19,15.649999618530273,118.80000305175781,32.7599983215332,11.539999961853027,9.760000228881836,313.3080139160156,589.1539916992188,18.899999618530273,16.780000686645508,15.020000457763672
2018-11-20,15.850000381469727,116.4000015258789,32.31999969482422,11.539999961853027,9.770000457763672,314.3630065917969,585.6010131835938,18.579999923706055,16.780000686645508,14.779999732971191
2018-11-21,15.916666030883789,116.5999984741211,32.400001525878906,11.489999771118164,9.800000190734863,312.781005859375,587.02197265625,18.75,16.450000762939453,14.970000267028809
2018-11-22,15.899999618530273,117.4000015258789,32.599998474121094,11.510000228881836,9.800000190734863,312.781005859375,587.02197265625,18.75,16.540000915527344,14.970000267028809
2018-11-23,15.899999618530273,117.4000015258789,32.599998474121094,11.510000228881836,9.6899995803833,312.781005859375,587.02197265625,18.770000457763672,16.540000915527344,14.970000267028809
2018-11-25,15.616665840148926,115.4000015258789,32.15999984741211,11.0,9.6899995803833,312.2539978027344,589.1539916992188,18.770000457763672,16.1200008392334,14.970000267028809
2018-11-26,15.216666221618652,115.4000015258789,32.36000061035156,11.149999618530273,9.6899995803833,312.781005859375,590.5759887695312,18.93000030517578,16.25,14.850000381469727
2018-11-27,15.399999618530273,115.5999984741211,32.31999969482422,11.630000114440918,9.739999771118164,316.4729919433594,593.4180297851562,19.239999771118164,16.43000030517578,14.649999618530273
2018-11-28,15.466666221618652,117.19999694824219,32.79999923706055,12.25,9.739999771118164,318.0559997558594,593.4180297851562,19.290000915527344,16.309999465942383,14.619999885559082
2018-11-29,15.600000381469727,117.4000015258789,33.20000076293945,12.279999732971191,9.649999618530273,315.4179992675781,589.864990234375,19.520000457763672,16.030000686645508,14.449999809265137
2018-11-30,15.600000381469727,117.4000015258789,33.20000076293945,12.279999732971191,9.720000267028809,315.4179992675781,589.864990234375,19.360000610351562,16.030000686645508,14.470000267028809
2018-12-02,15.916666030883789,120.0,33.84000015258789,11.970000267028809,9.720000267028809,315.4179992675781,589.864990234375,19.360000610351562,15.989999771118164,14.470000267028809
2018-12-03,16.866666793823242,121.4000015258789,34.0,12.279999732971191,9.720000267028809,316.4729919433594,593.4180297851562,19.114999771118164,15.1899995803833,14.670000076293945
2018-12-04,16.933332443237305,121.19999694824219,33.599998474121094,11.960000038146973,9.720000267028809,320.6929931640625,594.1290283203125,19.059999465942383,14.449999809265137,14.300000190734863
2018-12-05,16.766666412353516,121.19999694824219,33.79999923706055,11.930000305175781,9.720000267028809,322.2749938964844,593.4180297851562,19.059999465942383,14.40999984741211,14.300000190734863
2018-12-06,16.733333587646484,120.80000305175781,33.880001068115234,11.739999771118164,9.779999732971191,327.0220031738281,596.9719848632812,19.559999465942383,14.069999694824219,14.170000076293945
2018-12-07,16.733333587646484,120.80000305175781,33.880001068115234,11.739999771118164,9.779999732971191,327.0220031738281,596.9719848632812,19.459999084472656,14.069999694824219,14.109999656677246
2018-12-09,16.700000762939453,120.5999984741211,33.599998474121094,11.539999961853027,9.779999732971191,325.44000244140625,599.10400390625,19.459999084472656,14.359999656677246,14.109999656677246
2018-12-10,16.833332061767578,119.80000305175781,33.79999923706055,11.9399995803833,9.800000190734863,324.9119873046875,596.260986328125,19.270000457763672,15.149999618530273,13.739999771118164
2018-12-11,16.799999237060547,118.4000015258789,33.720001220703125,11.789999961853027,9.770999908447266,325.44000244140625,594.8400268554688,19.450000762939453,15.720000267028809,13.819999694824219
2018-12-12,17.03333282470703,119.19999694824219,33.959999084472656,11.859999656677246,9.779999732971191,325.44000244140625,591.9970092773438,19.200000762939453,16.739999771118164,14.010000228881836
2018-12-13,16.933332443237305,120.0,34.63999938964844,11.800000190734863,9.770000457763672,325.44000244140625,593.4180297851562,19.43000030517578,16.75,14.255999565124512
2018-12-14,16.933332443237305,120.0,34.63999938964844,11.800000190734863,9.770000457763672,325.44000244140625,593.4180297851562,19.260000228881836,16.75,14.010000228881836
2018-12-16,17.133333206176758,121.0,35.08000183105469,12.319999694824219,9.770000457763672,326.4949951171875,599.10400390625,19.260000228881836,16.579999923706055,14.010000228881836
2018-12-17,17.133333206176758,123.80000305175781,36.20000076293945,12.5600004196167,9.800000190734863,327.0220031738281,599.10400390625,19.25,16.90999984741211,13.989999771118164
2018-12-18,17.03333282470703,123.19999694824219,36.439998626708984,12.920000076293945,9.789999961853027,322.2749938964844,598.3930053710938,18.81999969482422,16.709999084472656,13.880000114440918
2018-12-19,16.766666412353516,120.19999694824219,36.439998626708984,12.869999885559082,9.789999961853027,325.44000244140625,596.9719848632812,18.969999313354492,16.809999465942383,13.770000457763672
2018-12-20,16.53333282470703,118.80000305175781,36.36000061035156,12.800000190734863,9.789999961853027,324.9119873046875,589.864990234375,18.839000701904297,16.81999969482422,13.710000038146973
2018-12-21,16.53333282470703,118.80000305175781,36.36000061035156,12.800000190734863,9.770000457763672,324.9119873046875,589.864990234375,18.729999542236328,16.81999969482422,13.720000267028809
2018-12-23,16.383333206176758,119.0,36.20000076293945,12.399999618530273,9.770000457763672,321.74798583984375,590.5759887695312,18.729999542236328,16.65999984741211,13.720000267028809
2018-12-24,16.483333587646484,118.80000305175781,36.599998474121094,12.399999618530273,9.789999961853027,323.8580017089844,591.2860107421875,18.6299991607666,16.190000534057617,13.399999618530273
2018-12-25,16.100000381469727,117.0,36.439998626708984,12.319999694824219,9.789999961853027,321.2200012207031,591.2860107421875,18.6299991607666,16.059999465942383,13.399999618530273
2018-12-26,16.066665649414062,115.5999984741211,36.279998779296875,12.479999542236328,9.789999961853027,320.1650085449219,591.2860107421875,18.85099983215332,16.3799991607666,13.819999694824219
2018-12-27,16.116666793823242,115.0,36.599998474121094,12.760000228881836,9.789999961853027,322.8030090332031,592.7080078125,18.68000030517578,17.239999771118164,13.729999542236328
2018-12-28,16.116666793823242,115.0,36.599998474121094,12.760000228881836,9.789999961853027,322.8030090332031,592.7080078125,18.610000610351562,17.239999771118164,13.800000190734863
2018-12-30,16.316665649414062,116.4000015258789,36.720001220703125,12.630000114440918,9.789999961853027,322.8030090332031,591.9970092773438,18.610000610351562,17.350000381469727,13.800000190734863
2018-12-31,16.433332443237305,116.19999694824219,36.720001220703125,12.680000305175781,9.800000190734863,322.2749938964844,592.7080078125,18.489999771118164,17.969999313354492,13.699999809265137
2019-01-01,16.28333282470703,116.19999694824219,36.599998474121094,12.680000305175781,9.800000190734863,322.2749938964844,592.7080078125,18.489999771118164,17.969999313354492,13.699999809265137
2019-01-02,16.200000762939453,116.0,37.20000076293945,12.550000190734863,9.8100004196167,323.3299865722656,594.1290283203125,18.30500030517578,18.040000915527344,14.100000381469727
2019-01-03,16.433332443237305,117.19999694824219,38.0,12.619999885559082,9.8100004196167,326.4949951171875,597.6820068359375,18.399999618530273,17.799999237060547,14.0
2019-01-04,16.433332443237305,117.19999694824219,38.0,12.619999885559082,9.800000190734863,326.4949951171875,597.6820068359375,18.700000762939453,17.799999237060547,14.100000381469727
2019-01-06,16.966665267944336,118.80000305175781,38.0,12.630000114440918,9.800000190734863,330.18701171875,601.2360229492188,18.700000762939453,17.809999465942383,14.100000381469727
2019-01-07,17.299999237060547,120.0,38.400001525878906,12.630000114440918,9.800000190734863,330.7139892578125,604.0789794921875,19.190000534057617,17.809999465942383,14.100000381469727
2019-01-08,17.5,119.19999694824219,38.040000915527344,12.9399995803833,9.819999694824219,332.2969970703125,601.947021484375,19.1200008392334,18.399999618530273,14.079999923706055
2019-01-09,17.700000762939453,121.0,39.040000915527344,13.460000038146973,9.850000381469727,330.7139892578125,601.2360229492188,19.430999755859375,18.399999618530273,14.220000267028809
2019-01-10,17.66666603088379,122.4000015258789,39.400001525878906,13.90999984741211,9.850000381469727,334.9339904785156,614.739013671875,19.5,18.56999969482422,14.300000190734863
2019-01-11,17.66666603088379,122.4000015258789,39.400001525878906,13.90999984741211,9.850000381469727,334.9339904785156,614.739013671875,19.479999542236328,18.56999969482422,14.149999618530273
2019-01-13,18.100000381469727,123.4000015258789,39.279998779296875,13.920000076293945,9.850000381469727,337.04400634765625,620.4240112304688,19.479999542236328,18.799999237060547,14.149999618530273
2019-01-14,17.933332443237305,122.0,39.20000076293945,13.699999809265137,9.850000381469727,335.4620056152344,625.3989868164062,19.56999969482422,18.399999618530273,14.020000457763672
2019-01-15,18.333332061767578,122.0,39.20000076293945,14.0600004196167,9.859999656677246,334.9339904785156,626.1099853515625,19.524999618530273,18.450000762939453,13.850000381469727
2019-01-16,18.466665267944336,122.5999984741211,39.279998779296875,13.8100004196167,9.880000114440918,334.9339904785156,625.3989868164062,19.34000015258789,18.309999465942383,13.90999984741211
2019-01-17,18.66666603088379,122.5999984741211,39.79999923706055,13.720000267028809,9.880000114440918,335.989013671875,630.3740234375,19.860000610351562,18.15999984741211,13.970000267028809
2019-01-18,18.66666603088379,122.5999984741211,39.79999923706055,13.720000267028809,9.899999618530273,335.989013671875,630.3740234375,19.770000457763672,18.15999984741211,14.100000381469727
2019-01-20,18.333332061767578,123.0,39.47999954223633,13.720000267028809,9.899999618530273,338.0989990234375,629.6630249023438,19.770000457763672,17.860000610351562,14.100000381469727
2019-01-21,18.433332443237305,121.4000015258789,40.0,13.779999732971191,9.899999618530273,334.9339904785156,628.2420043945312,19.770000457763672,17.829999923706055,14.100000381469727
2019-01-22,18.366666793823242,121.0,40.79999923706055,13.6899995803833,9.890000343322754,336.5159912109375,629.6630249023438,19.190000534057617,17.559999465942383,13.84000015258789
2019-01-23,18.433332443237305,122.80000305175781,40.79999923706055,13.579999923706055,9.890000343322754,331.24200439453125,629.6630249023438,19.5,17.850000381469727,13.869999885559082
2019-01-24,18.333332061767578,120.4000015258789,40.880001068115234,13.579999923706055,9.920000076293945,328.6050109863281,631.0850219726562,19.610000610351562,17.850000381469727,13.989999771118164
2019-01-25,18.333332061767578,120.4000015258789,40.880001068115234,13.579999923706055,9.930000305175781,328.6050109863281,631.0850219726562,19.6200008392334,17.850000381469727,14.149999618530273
2019-01-27,17.966665267944336,121.0,40.79999923706055,13.9399995803833,9.930000305175781,318.0559997558594,623.2670288085938,19.6200008392334,18.1299991607666,14.149999618530273
2019-01-28,18.433332443237305,123.0,40.880001068115234,13.90999984741211,9.930000305175781,312.2539978027344,622.5560302734375,19.219999313354492,18.010000228881836,14.109999656677246
2019-01-29,18.333332061767578,122.80000305175781,40.47999954223633,13.800000190734863,9.9399995803833,316.4729919433594,618.2919921875,19.059999465942383,18.040000915527344,14.21500015258789
2019-01-30,18.200000762939453,123.4000015258789,40.2400016784668,13.84000015258789,9.963000297546387,320.6929931640625,617.5819702148438,19.389999389648438,17.829999923706055,14.178999900817871
2019-01-31,18.333332061767578,122.80000305175781,40.15999984741211,13.989999771118164,9.949999809265137,320.6929931640625,616.8709716796875,19.450000762939453,17.68000030517578,14.229999542236328
2019-02-01,18.333332061767578,122.80000305175781,40.15999984741211,13.989999771118164,9.949999809265137,320.6929931640625,616.8709716796875,19.280000686645508,17.68000030517578,14.1899995803833
2019-02-03,18.16666603088379,122.19999694824219,39.91999816894531,14.899999618530273,9.949999809265137,319.63800048828125,609.7639770507812,19.280000686645508,17.889999389648438,14.1899995803833
2019-02-04,18.299999237060547,123.0,39.959999084472656,14.569999694824219,9.979999542236328,321.2200012207031,611.1849975585938,19.399999618530273,17.989999771118164,14.180000305175781
2019-02-05,18.399999618530273,123.80000305175781,39.959999084472656,15.020000457763672,9.979999542236328,324.9119873046875,614.0280151367188,19.280000686645508,18.040000915527344,14.239999771118164
2019-02-06,18.16666603088379,124.80000305175781,40.0,14.720000267028809,10.0,329.1319885253906,606.9210205078125,19.06999969482422,18.030000686645508,14.199999809265137
2019-02-07,18.200000762939453,124.5999984741211,39.84000015258789,14.6899995803833,10.069999694824219,330.7139892578125,602.656982421875,18.780000686645508,18.299999237060547,14.130000114440918
2019-02-08,18.200000762939453,124.5999984741211,39.84000015258789,14.6899995803833,10.0,330.7139892578125,602.656982421875,18.739999771118164,18.299999237060547,14.130000114440918
2019-02-10,18.200000762939453,123.4000015258789,39.79999923706055,14.770000457763672,10.0,328.6050109863281,604.0789794921875,18.739999771118164,18.25,14.130000114440918
2019-02-11,18.333332061767578,122.5999984741211,39.7599983215332,14.630000114440918,9.979999542236328,325.9670104980469,609.052978515625,18.570999145507812,18.170000076293945,13.84000015258789
2019-02-12,18.333332061767578,123.19999694824219,39.79999923706055,14.84000015258789,9.979999542236328,329.6600036621094,616.8709716796875,18.68000030517578,18.59000015258789,13.710000038146973
2019-02-13,18.5,123.80000305175781,40.560001373291016,14.720000267028809,9.979999542236328,328.6050109863281,613.3170166015625,18.43000030517578,18.6200008392334,13.699999809265137
2019-02-14,18.53333282470703,124.0,40.79999923706055,14.479999542236328,9.970000267028809,327.0220031738281,609.052978515625,17.860000610351562,18.260000228881836,13.760000228881836
2019-02-15,18.53333282470703,124.0,40.79999923706055,14.479999542236328,9.970000267028809,327.0220031738281,609.052978515625,18.020000457763672,18.260000228881836,13.9399995803833
2019-02-17,18.466665267944336,123.5999984741211,40.47999954223633,14.5600004196167,9.970000267028809,328.0769958496094,611.1849975585938,18.020000457763672,18.43000030517578,13.9399995803833
2019-02-18,18.399999618530273,123.4000015258789,40.2400016784668,14.899999618530273,9.970000267028809,328.0769958496094,614.739013671875,18.020000457763672,18.610000610351562,13.9399995803833
2019-02-19,18.299999237060547,123.0,39.63999938964844,15.5,10.0,329.1319885253906,621.8460083007812,17.809999465942383,18.309999465942383,13.9399995803833
2019-02-20,18.366666793823242,123.80000305175781,40.08000183105469,15.289999961853027,10.0,328.0769958496094,625.3989868164062,18.049999237060547,18.290000915527344,14.1899995803833
2019-02-21,18.333332061767578,123.4000015258789,40.15999984741211,14.84000015258789,9.960000038146973,329.1319885253906,628.9520263671875,18.190000534057617,18.139999389648438,14.380000114440918
2019-02-22,18.333332061767578,123.4000015258789,40.15999984741211,14.84000015258789,9.989999771118164,329.1319885253906,628.9520263671875,18.360000610351562,18.139999389648438,14.4399995803833
2019-02-24,18.299999237060547,122.5999984741211,40.0,14.529999732971191,9.989999771118164,329.1319885253906,628.9520263671875,18.360000610351562,17.93000030517578,14.4399995803833
2019-02-25,18.16666603088379,120.80000305175781,39.68000030517578,14.470000267028809,9.989999771118164,329.1319885253906,628.9520263671875,18.190000534057617,17.860000610351562,14.569999694824219
2019-02-26,18.233333587646484,121.80000305175781,40.2400016784668,14.670000076293945,9.989999771118164,329.1319885253906,628.9520263671875,18.440000534057617,17.84000015258789,14.760000228881836
2019-02-27,18.200000762939453,122.0,40.15999984741211,14.789999961853027,9.989999771118164,329.6600036621094,631.0850219726562,18.399999618530273,17.610000610351562,14.600000381469727
2019-02-28,18.233333587646484,122.4000015258789,39.7599983215332,14.890000343322754,10.0,329.6600036621094,621.135009765625,18.350000381469727,17.209999084472656,14.760000228881836
2019-03-01,18.233333587646484,122.4000015258789,39.7599983215332,14.890000343322754,10.0,329.6600036621094,621.135009765625,18.260000228881836,17.209999084472656,14.680000305175781
2019-03-03,18.399999618530273,122.4000015258789,39.84000015258789,14.649999618530273,10.0,332.8240051269531,626.8200073242188,18.260000228881836,16.920000076293945,14.680000305175781
2019-03-04,18.399999618530273,122.5999984741211,40.0,14.59000015258789,10.0,334.9339904785156,634.6380004882812,18.25,16.700000762939453,14.479999542236328
2019-03-05,18.366666793823242,122.4000015258789,39.959999084472656,14.600000381469727,10.0,336.5159912109375,641.0339965820312,18.100000381469727,16.559999465942383,14.550000190734863
2019-03-06,18.366666793823242,121.80000305175781,39.91999816894531,14.600000381469727,10.020000457763672,336.5159912109375,648.8519897460938,17.889999389648438,16.31999969482422,14.5
2019-03-07,18.16666603088379,121.5999984741211,40.0,14.800000190734863,10.010000228881836,335.4620056152344,650.2730102539062,17.670000076293945,16.8700008392334,14.199999809265137
2019-03-08,18.16666603088379,121.5999984741211,40.0,14.800000190734863,10.010000228881836,335.4620056152344,650.2730102539062,17.860000610351562,16.8700008392334,14.119999885559082
2019-03-10,17.966665267944336,121.5999984741211,39.91999816894531,14.9399995803833,10.010000228881836,332.2969970703125,643.166015625,17.860000610351562,17.40999984741211,14.119999885559082
2019-03-11,17.333332061767578,121.5999984741211,39.880001068115234,14.770000457763672,10.010000228881836,333.8789978027344,643.166015625,17.899999618530273,17.510000228881836,14.380000114440918
2019-03-12,17.466665267944336,121.80000305175781,40.15999984741211,14.729999542236328,10.010000228881836,335.4620056152344,647.4299926757812,17.93000030517578,17.459999084472656,14.199999809265137
2019-03-13,18.100000381469727,123.0,41.040000915527344,14.640000343322754,10.010000228881836,335.4620056152344,646.719970703125,17.850000381469727,17.350000381469727,14.196999549865723
2019-03-14,18.03333282470703,124.19999694824219,41.439998626708984,14.569999694824219,10.010000228881836,335.989013671875,664.4869995117188,17.799999237060547,16.969999313354492,14.25
2019-03-15,18.03333282470703,124.19999694824219,41.439998626708984,14.569999694824219,10.029999732971191,335.989013671875,664.4869995117188,17.940000534057617,16.969999313354492,14.319999694824219
2019-03-17,17.966665267944336,123.80000305175781,41.119998931884766,14.520000457763672,10.029999732971191,337.5710144042969,661.6439819335938,17.940000534057617,17.1200008392334,14.319999694824219
2019-03-18,18.333332061767578,125.0,42.400001525878906,14.5,10.050000190734863,337.5710144042969,663.0650024414062,18.219999313354492,17.110000610351562,14.569999694824219
2019-03-19,18.333332061767578,125.19999694824219,42.560001373291016,14.319999694824219,10.0600004196167,339.6809997558594,672.3040161132812,18.020000457763672,16.65999984741211,14.520000457763672
2019-03-20,18.200000762939453,124.80000305175781,42.400001525878906,14.25,10.0600004196167,346.010986328125,682.2540283203125,18.139999389648438,16.469999313354492,14.609999656677246
2019-03-21,18.333332061767578,125.0,42.400001525878906,14.380000114440918,10.039999961853027,358.6700134277344,683.6749877929688,18.25,16.450000762939453,14.670000076293945
2019-03-22,18.333332061767578,125.0,42.400001525878906,14.380000114440918,10.0600004196167,358.6700134277344,683.6749877929688,18.18000030517578,16.450000762939453,14.4350004196167
2019-03-24,18.03333282470703,123.5999984741211,42.400001525878906,14.460000038146973,10.0600004196167,361.8340148925781,684.385986328125,18.18000030517578,16.700000762939453,14.4350004196167
2019-03-25,18.233333587646484,123.4000015258789,42.79999923706055,14.279999732971191,10.0600004196167,363.9440002441406,684.385986328125,18.239999771118164,16.209999084472656,14.524999618530273
2019-03-26,18.266666412353516,123.4000015258789,42.63999938964844,14.539999961853027,10.0600004196167,363.9440002441406,667.8619995117188,18.280000686645508,16.049999237060547,14.623000144958496
2019-03-27,18.299999237060547,124.19999694824219,42.79999923706055,14.479999542236328,10.069999694824219,366.0539855957031,678.3090209960938,18.31999969482422,15.609999656677246,14.489999771118164
2019-03-28,18.266666412353516,123.80000305175781,42.880001068115234,14.539999961853027,10.069999694824219,368.16400146484375,671.593017578125,18.290000915527344,15.550000190734863,14.619999885559082
2019-03-29,18.266666412353516,123.80000305175781,42.880001068115234,14.539999961853027,10.079999923706055,368.16400146484375,671.593017578125,18.5,15.550000190734863,14.72700023651123
2019-03-31,18.266666412353516,123.80000305175781,42.880001068115234,14.609999656677246,10.079999923706055,371.3290100097656,668.6079711914062,18.5,15.75,14.72700023651123
2019-04-01,18.366666793823242,125.0,43.439998626708984,15.119999885559082,10.079999923706055,378.1860046386719,671.593017578125,18.51799964904785,16.0,14.812999725341797
2019-04-02,18.399999618530273,126.0,43.84000015258789,14.970000267028809,10.079999923706055,378.8710021972656,679.0560302734375,18.489999771118164,16.360000610351562,14.789999961853027
2019-04-03,18.366666793823242,127.4000015258789,44.31999969482422,14.930000305175781,10.079999923706055,389.8949890136719,678.3090209960938,18.375,16.110000610351562,14.779999732971191
2019-04-04,18.466665267944336,127.19999694824219,44.63999938964844,15.029999732971191,10.079999923706055,389.8949890136719,678.3090209960938,18.459999084472656,16.229999542236328,14.789999961853027
2019-04-05,18.466665267944336,127.19999694824219,44.63999938964844,15.029999732971191,10.079999923706055,389.8949890136719,678.3090209960938,18.579999923706055,16.229999542236328,14.899999618530273
2019-04-07,18.200000762939453,127.0,43.84000015258789,14.890000343322754,10.079999923706055,399.1780090332031,683.5330200195312,18.579999923706055,16.1299991607666,14.899999618530273
2019-04-08,18.466665267944336,127.19999694824219,44.15999984741211,14.739999771118164,10.079999923706055,393.95599365234375,683.5330200195312,18.639999389648438,16.1200008392334,14.899999618530273
2019-04-09,18.466665267944336,127.19999694824219,44.08000183105469,14.649999618530273,10.069999694824219,383.51300048828125,678.3090209960938,18.530000686645508,16.1200008392334,14.843000411987305
2019-04-10,18.366666793823242,125.4000015258789,44.2400016784668,14.880000114440918,10.069999694824219,385.8340148925781,685.0250244140625,18.639999389648438,16.34000015258789,14.975000381469727
2019-04-11,18.266666412353516,124.19999694824219,44.2400016784668,14.770000457763672,10.079999923706055,382.35198974609375,684.2789916992188,18.700000762939453,16.399999618530273,14.843000411987305
2019-04-12,18.266666412353516,124.19999694824219,44.2400016784668,14.770000457763672,10.069999694824219,382.35198974609375,684.2789916992188,18.770000457763672,16.399999618530273,14.9399995803833
2019-04-14,18.266666412353516,123.5999984741211,44.15999984741211,14.729999542236328,10.069999694824219,380.0320129394531,686.5180053710938,18.770000457763672,16.34000015258789,14.9399995803833
2019-04-15,18.600000381469727,125.0,43.91999816894531,14.600000381469727,10.069999694824219,381.7720031738281,684.2789916992188,18.770000457763672,16.239999771118164,15.225000381469727
2019-04-16,19.299999237060547,124.80000305175781,44.15999984741211,14.359999656677246,10.050000190734863,384.0929870605469,698.4569702148438,18.729999542236328,16.15999984741211,15.17300033569336
2019-04-17,19.466665267944336,126.4000015258789,44.400001525878906,14.25,10.050000190734863,390.4750061035156,693.2340087890625,18.780000686645508,15.649999618530273,15.329999923706055
2019-04-18,19.266666412353516,125.0,44.79999923706055,14.430000305175781,10.069999694824219,398.5979919433594,701.4420166015625,18.948999404907227,15.920000076293945,15.489999771118164
2019-04-21,19.133333206176758,125.19999694824219,45.7599983215332,14.239999771118164,10.069999694824219,402.65899658203125,697.7109985351562,18.948999404907227,15.539999961853027,15.489999771118164
2019-04-22,18.66666603088379,124.19999694824219,45.7599983215332,14.170000076293945,10.079999923706055,395.11700439453125,690.2490234375,19.07200050354004,15.680000305175781,15.710000038146973
2019-04-23,18.399999618530273,124.0,46.08000183105469,14.050000190734863,10.079999923706055,393.95599365234375,686.5180053710938,19.079999923706055,15.3100004196167,15.6899995803833
2019-04-24,18.233333587646484,123.19999694824219,45.84000015258789,14.100000381469727,10.079999923706055,395.11700439453125,691.7410278320312,19.09000015258789,15.40999984741211,15.600000381469727
2019-04-25,18.333332061767578,123.4000015258789,45.040000915527344,14.100000381469727,10.079999923706055,393.3760070800781,689.5029907226562,19.09000015258789,15.40999984741211,15.59000015258789
2019-04-26,18.333332061767578,123.4000015258789,45.040000915527344,14.100000381469727,10.079999923706055,393.3760070800781,689.5029907226562,19.100000381469727,15.40999984741211,15.612000465393066
2019-04-28,18.53333282470703,124.0,45.20000076293945,14.100000381469727,10.079999923706055,388.15399169921875,683.5330200195312,19.100000381469727,15.40999984741211,15.612000465393066
2019-04-29,18.66666603088379,124.0,45.20000076293945,14.100000381469727,10.079999923706055,384.0929870605469,686.5180053710938,18.950000762939453,15.40999984741211,15.449999809265137
2019-04-30,18.66666603088379,124.19999694824219,45.84000015258789,14.119999885559082,10.029999732971191,385.8340148925781,693.97998046875,18.950000762939453,15.619999885559082,15.458999633789062
2019-05-01,19.0,124.80000305175781,46.15999984741211,14.119999885559082,10.100000381469727,385.8340148925781,691.7410278320312,18.8700008392334,15.619999885559082,15.199999809265137
2019-05-02,19.333332061767578,123.19999694824219,46.79999923706055,14.140000343322754,10.100000381469727,392.21600341796875,699.9500122070312,19.100000381469727,15.579999923706055,15.449999809265137
2019-05-03,19.333332061767578,123.19999694824219,46.79999923706055,14.140000343322754,10.100000381469727,392.21600341796875,699.9500122070312,19.09000015258789,15.579999923706055,15.350000381469727
2019-05-05,19.333332061767578,122.4000015258789,46.15999984741211,13.649999618530273,10.100000381469727,390.4750061035156,702.18798828125,19.09000015258789,15.25,15.350000381469727
2019-05-06,19.66666603088379,120.0,45.20000076293945,13.079999923706055,10.100000381469727,396.2770080566406,704.427001953125,18.81999969482422,14.100000381469727,15.130000114440918
2019-05-07,19.66666603088379,119.5999984741211,44.79999923706055,13.069999694824219,10.130000114440918,398.01800537109375,734.2750244140625,18.46500015258789,14.15999984741211,14.819999694824219
2019-05-08,19.633333206176758,117.4000015258789,45.52000045776367,12.779999732971191,10.130000114440918,402.0790100097656,732.0369873046875,18.283000946044922,13.470000267028809,14.6899995803833
2019-05-09,19.566665649414062,115.80000305175781,43.7599983215332,12.680000305175781,10.149999618530273,396.85699462890625,723.0819702148438,18.09000015258789,14.020000457763672,14.489999771118164
2019-05-10,19.566665649414062,115.80000305175781,43.7599983215332,12.680000305175781,10.119999885559082,396.85699462890625,723.0819702148438,18.09000015258789,14.020000457763672,14.5600004196167
2019-05-12,19.100000381469727,114.80000305175781,42.0,12.880000114440918,10.119999885559082,388.15399169921875,700.6959838867188,18.09000015258789,14.25,14.5600004196167
2019-05-13,18.333332061767578,109.0,39.68000030517578,12.8100004196167,10.119999885559082,379.45098876953125,694.7260131835938,17.200000762939453,13.930000305175781,13.729999542236328
2019-05-14,18.433332443237305,112.0,38.79999923706055,13.0600004196167,10.119999885559082,373.64898681640625,688.7559814453125,17.490999221801758,14.039999961853027,14.109999656677246
2019-05-15,17.966665267944336,111.80000305175781,39.20000076293945,12.960000038146973,10.119999885559082,377.1310119628906,693.97998046875,17.559999465942383,13.539999961853027,13.680000305175781
2019-05-16,17.66666603088379,113.19999694824219,41.20000076293945,12.8100004196167,10.119999885559082,383.51300048828125,717.1119995117188,17.459999084472656,13.819999694824219,13.65999984741211
2019-05-17,17.66666603088379,113.19999694824219,41.20000076293945,12.8100004196167,10.119999885559082,383.51300048828125,717.1119995117188,17.610000610351562,13.819999694824219,13.75
2019-05-19,17.333332061767578,110.5999984741211,41.119998931884766,12.760000228881836,10.119999885559082,377.1310119628906,705.9190063476562,17.610000610351562,13.40999984741211,13.75
2019-05-20,16.899999618530273,109.19999694824219,40.959999084472656,12.529999732971191,10.119999885559082,374.2300109863281,714.1279907226562,17.579999923706055,13.0,13.390000343322754
2019-05-21,16.649999618530273,112.80000305175781,42.400001525878906,12.819999694824219,10.119999885559082,378.2909851074219,720.843994140625,17.389999389648438,13.649999618530273,13.630000114440918
2019-05-22,16.649999618530273,112.4000015258789,42.79999923706055,13.020000457763672,10.119999885559082,378.8710021972656,717.8590087890625,17.299999237060547,13.899999618530273,13.609999656677246
2019-05-23,16.66666603088379,109.5999984741211,41.68000030517578,13.149999618530273,10.119999885559082,377.1310119628906,711.1430053710938,17.1299991607666,14.1899995803833,13.619999885559082
2019-05-24,16.66666603088379,109.5999984741211,41.68000030517578,13.149999618530273,10.119999885559082,377.1310119628906,711.1430053710938,17.18000030517578,14.1899995803833,13.649999618530273
2019-05-26,16.583332061767578,107.0,40.79999923706055,13.619999885559082,10.119999885559082,377.71099853515625,716.3660278320312,17.18000030517578,14.520000457763672,13.649999618530273
2019-05-27,15.0,108.19999694824219,40.63999938964844,13.5,10.119999885559082,381.1919860839844,723.0819702148438,17.18000030517578,14.369999885559082,13.649999618530273
2019-05-28,15.966666221618652,110.4000015258789,40.560001373291016,13.770000457763672,10.09000015258789,385.25299072265625,723.8280029296875,17.510000228881836,14.5,13.90999984741211
2019-05-29,15.333333015441895,110.0,39.52000045776367,13.529999732971191,10.100000381469727,391.05499267578125,726.0670166015625,17.90999984741211,14.1899995803833,14.079999923706055
2019-05-30,15.916666030883789,111.80000305175781,40.2400016784668,13.279999732971191,10.100000381469727,394.5369873046875,723.0819702148438,18.260000228881836,13.90999984741211,14.069999694824219
2019-05-31,15.916666030883789,111.80000305175781,40.2400016784668,13.279999732971191,10.100000381469727,394.5369873046875,723.0819702148438,18.299999237060547,13.90999984741211,14.109999656677246
2019-06-02,15.916666030883789,111.80000305175781,40.2400016784668,13.210000038146973,10.100000381469727,392.7959899902344,719.3510131835938,18.299999237060547,13.800000190734863,14.109999656677246
2019-06-03,15.916666030883789,111.80000305175781,40.2400016784668,13.510000228881836,10.100000381469727,394.5369873046875,726.81298828125,18.360000610351562,13.979999542236328,14.119999885559082
2019-06-04,15.916666030883789,111.80000305175781,40.2400016784668,13.510000228881836,10.100000381469727,394.5369873046875,726.81298828125,18.43000030517578,13.979999542236328,14.369999885559082
2019-06-05,15.916666030883789,111.80000305175781,40.2400016784668,13.510000228881836,10.100000381469727,394.5369873046875,726.81298828125,18.299999237060547,13.979999542236328,14.199999809265137
2019-06-06,15.916666030883789,111.80000305175781,40.2400016784668,13.510000228881836,10.100000381469727,394.5369873046875,726.81298828125,18.209999084472656,13.979999542236328,14.180000305175781
2019-06-07,15.916666030883789,111.80000305175781,40.2400016784668,13.510000228881836,10.119999885559082,394.5369873046875,726.81298828125,18.309999465942383,13.979999542236328,14.27400016784668
2019-06-09,15.850000381469727,115.0,41.599998474121094,13.579999923706055,10.119999885559082,399.75799560546875,736.5139770507812,18.309999465942383,14.130000114440918,14.27400016784668
2019-06-10,16.16666603088379,118.0,44.0,14.09000015258789,10.130000114440918,402.65899658203125,741.7379760742188,18.329999923706055,14.25,13.960000038146973
2019-06-11,16.66666603088379,119.0,45.599998474121094,13.920000076293945,10.149999618530273,404.3999938964844,745.468994140625,18.549999237060547,14.3100004196167,14.140000343322754
2019-06-12,17.333332061767578,120.80000305175781,45.36000061035156,13.800000190734863,10.149999618530273,403.239990234375,738.7529907226562,18.547000885009766,14.09000015258789,14.008000373840332
2019-06-13,17.233333587646484,118.19999694824219,43.91999816894531,13.539999961853027,10.210000038146973,399.75799560546875,735.7680053710938,18.280000686645508,14.0,13.710000038146973
2019-06-14,17.233333587646484,118.19999694824219,43.91999816894531,13.539999961853027,10.180000305175781,399.75799560546875,735.7680053710938,18.889999389648438,14.0,13.569999694824219
2019-06-16,17.16666603088379,117.80000305175781,44.400001525878906,13.539999961853027,10.180000305175781,398.01800537109375,729.7979736328125,18.889999389648438,14.0600004196167,13.569999694824219
2019-06-17,17.833332061767578,118.5999984741211,44.400001525878906,13.630000114440918,10.210000038146973,398.5979919433594,729.052001953125,17.670000076293945,14.279999732971191,13.140000343322754
2019-06-18,17.866666793823242,119.0,44.0,13.420000076293945,10.210000038146973,398.01800537109375,721.5900268554688,17.959999084472656,14.170000076293945,13.470000267028809
2019-06-19,17.5,118.80000305175781,44.0,13.369999885559082,10.210000038146973,399.1780090332031,715.6199951171875,17.770000457763672,13.979999542236328,13.329999923706055
2019-06-20,17.333332061767578,119.0,44.0,13.460000038146973,10.220000267028809,404.9800109863281,731.291015625,18.020000457763672,13.800000190734863,13.449999809265137
2019-06-21,17.333332061767578,119.0,44.0,13.460000038146973,10.220000267028809,404.9800109863281,731.291015625,17.799999237060547,13.800000190734863,13.449999809265137
2019-06-23,16.549999237060547,116.80000305175781,42.720001220703125,13.390000343322754,10.220000267028809,406.1409912109375,728.3060302734375,17.799999237060547,13.529999732971191,13.449999809265137
2019-06-24,16.16666603088379,113.5999984741211,41.119998931884766,13.479999542236328,10.220000267028809,406.72100830078125,729.052001953125,17.829999923706055,13.619999885559082,13.359999656677246
2019-06-25,16.433332443237305,113.19999694824219,41.68000030517578,13.479999542236328,10.300000190734863,407.8810119628906,729.052001953125,17.770000457763672,13.609999656677246,13.300000190734863
2019-06-26,16.466665267944336,113.4000015258789,40.79999923706055,13.720000267028809,10.199999809265137,410.2019958496094,720.843994140625,17.850000381469727,14.0600004196167,13.34000015258789
2019-06-27,16.200000762939453,114.19999694824219,41.68000030517578,13.890000343322754,10.199999809265137,410.2019958496094,726.81298828125,17.889999389648438,14.289999961853027,13.625
2019-06-28,16.200000762939453,114.19999694824219,41.68000030517578,13.890000343322754,10.199999809265137,410.2019958496094,726.81298828125,17.889999389648438,14.289999961853027,13.529999732971191
2019-06-30,16.216665267944336,114.5999984741211,41.52000045776367,13.890000343322754,10.199999809265137,414.2640075683594,729.7979736328125,17.889999389648438,14.289999961853027,13.529999732971191
2019-07-01,16.16666603088379,114.5999984741211,41.279998779296875,13.890000343322754,10.199999809265137,417.7449951171875,729.052001953125,18.06999969482422,14.289999961853027,13.640000343322754
2019-07-02,16.0,115.0,41.599998474121094,14.279999732971191,10.199999809265137,424.12701416015625,733.5289916992188,17.964000701904297,14.449999809265137,13.583000183105469
2019-07-03,15.916666030883789,115.4000015258789,41.84000015258789,14.729999542236328,10.199999809265137,429.3489990234375,736.5139770507812,18.25,14.40999984741211,13.609999656677246
2019-07-04,15.866665840148926,115.0,41.84000015258789,14.529999732971191,10.199999809265137,433.4100036621094,736.5139770507812,18.25,14.229999542236328,13.609999656677246
2019-07-05,15.866665840148926,115.0,41.84000015258789,14.529999732971191,10.210000038146973,433.4100036621094,736.5139770507812,17.714000701904297,14.229999542236328,13.369999885559082
2019-07-07,15.633333206176758,114.80000305175781,41.84000015258789,14.449999809265137,10.210000038146973,443.85400390625,738.7529907226562,17.714000701904297,14.0,13.369999885559082
2019-07-08,15.216666221618652,114.4000015258789,41.7599983215332,14.59000015258789,10.210000038146973,445.593994140625,745.468994140625,17.920000076293945,13.960000038146973,13.569999694824219
2019-07-09,15.433333396911621,114.4000015258789,42.2400016784668,14.399999618530273,10.210000038146973,457.197998046875,750.6920166015625,17.93000030517578,13.84000015258789,13.460000038146973
2019-07-10,15.483332633972168,114.0,42.2400016784668,14.369999885559082,10.210000038146973,461.260009765625,750.6920166015625,18.270000457763672,13.539999961853027,13.770000457763672
2019-07-11,16.100000381469727,113.80000305175781,42.2400016784668,14.260000228881836,10.25,458.3590087890625,758.9010009765625,18.09000015258789,13.380000114440918,13.529000282287598
2019-07-12,16.100000381469727,113.80000305175781,42.2400016784668,14.260000228881836,10.225000381469727,458.3590087890625,758.9010009765625,18.020000457763672,13.380000114440918,13.380000114440918
2019-07-14,15.866665840148926,114.4000015258789,43.040000915527344,13.979999542236328,10.225000381469727,457.77899169921875,756.6619873046875,18.020000457763672,13.229999542236328,13.380000114440918
2019-07-15,16.133333206176758,113.80000305175781,43.68000030517578,13.649999618530273,10.229999542236328,451.97698974609375,754.4229736328125,18.139999389648438,13.210000038146973,13.619999885559082
2019-07-16,16.200000762939453,114.4000015258789,44.79999923706055,13.90999984741211,10.220000267028809,451.97698974609375,755.916015625,17.899999618530273,13.149999618530273,13.649999618530273
2019-07-17,16.5,114.5999984741211,45.20000076293945,14.050000190734863,10.220000267028809,453.1369934082031,752.9310302734375,17.989999771118164,13.09000015258789,13.890000343322754
2019-07-18,16.633333206176758,114.19999694824219,44.47999954223633,14.079999923706055,10.25,453.1369934082031,749.9459838867188,17.92300033569336,13.239999771118164,14.192999839782715
2019-07-19,16.633333206176758,114.19999694824219,44.47999954223633,14.079999923706055,10.289999961853027,453.1369934082031,749.9459838867188,17.700000762939453,13.239999771118164,14.15999984741211
2019-07-21,16.100000381469727,112.5999984741211,44.400001525878906,13.989999771118164,10.289999961853027,446.7550048828125,747.7069702148438,17.700000762939453,13.149999618530273,14.15999984741211
2019-07-22,16.133333206176758,110.5999984741211,43.84000015258789,14.039999961853027,10.239999771118164,445.593994140625,745.468994140625,17.850000381469727,13.40999984741211,14.199999809265137
2019-07-23,15.399999618530273,109.0,43.279998779296875,14.039999961853027,10.220000267028809,442.1130065917969,743.9760131835938,17.950000762939453,13.40999984741211,14.395000457763672
2019-07-24,15.583333015441895,110.0,43.20000076293945,14.0,10.210000038146973,442.1130065917969,743.9760131835938,17.950000762939453,13.34000015258789,14.600000381469727
2019-07-25,16.600000381469727,111.0,43.599998474121094,14.010000228881836,10.229999542236328,449.656005859375,748.4539794921875,17.899999618530273,13.079999923706055,14.600000381469727
2019-07-26,16.600000381469727,111.0,43.599998474121094,14.010000228881836,10.229999542236328,449.656005859375,748.4539794921875,18.09000015258789,13.079999923706055,14.628000259399414
2019-07-28,16.16666603088379,110.19999694824219,44.08000183105469,13.960000038146973,10.229999542236328,454.2969970703125,748.4539794921875,18.09000015258789,13.029999732971191,14.628000259399414
2019-07-29,15.866665840148926,108.4000015258789,43.52000045776367,13.970000267028809,10.210000038146973,454.87799072265625,751.43798828125,18.097999572753906,12.920000076293945,14.579999923706055
2019-07-30,15.850000381469727,108.5999984741211,43.68000030517578,14.020000457763672,10.210000038146973,450.2359924316406,744.7219848632812,17.959999084472656,12.199999809265137,14.539999961853027
2019-07-31,15.666666030883789,107.4000015258789,43.20000076293945,14.0,10.199999809265137,452.5570068359375,745.468994140625,17.639999389648438,12.100000381469727,14.468999862670898
2019-08-01,15.899999618530273,106.4000015258789,43.439998626708984,14.050000190734863,10.25,453.1369934082031,746.2150268554688,17.594999313354492,12.260000228881836,14.369999885559082
2019-08-02,15.899999618530273,106.4000015258789,43.439998626708984,14.050000190734863,10.25,453.1369934082031,746.2150268554688,17.350000381469727,12.260000228881836,14.0649995803833
2019-08-04,15.600000381469727,104.19999694824219,43.119998931884766,14.1899995803833,10.25,451.97698974609375,742.4840087890625,17.350000381469727,12.350000381469727,14.0649995803833
2019-08-05,15.616665840148926,102.0,43.20000076293945,14.100000381469727,10.25,453.1369934082031,744.7219848632812,16.8799991607666,12.350000381469727,13.720000267028809
2019-08-06,15.366665840148926,102.19999694824219,43.36000061035156,14.220000267028809,10.25,451.97698974609375,744.7219848632812,16.81999969482422,12.149999618530273,13.859999656677246
2019-08-07,15.550000190734863,104.4000015258789,44.0,14.289999961853027,10.25,453.7170104980469,748.4539794921875,16.959999084472656,12.40999984741211,14.029999732971191
2019-08-08,15.833333015441895,104.0,44.0,14.539999961853027,10.25,453.7170104980469,746.2150268554688,16.8799991607666,13.180000305175781,14.050000190734863
2019-08-09,15.833333015441895,104.0,44.0,14.539999961853027,10.25,453.7170104980469,746.2150268554688,16.90999984741211,13.180000305175781,13.949999809265137
2019-08-11,15.833333015441895,104.0,44.0,14.539999961853027,10.25,453.7170104980469,746.2150268554688,16.90999984741211,13.180000305175781,13.949999809265137
2019-08-12,15.833333015441895,104.0,44.0,14.539999961853027,10.229999542236328,453.7170104980469,746.2150268554688,16.790000915527344,13.180000305175781,13.779999732971191
2019-08-13,15.833333015441895,104.0,44.0,14.539999961853027,10.300000190734863,453.7170104980469,746.2150268554688,16.790000915527344,13.180000305175781,13.840999603271484
2019-08-14,15.833333015441895,104.0,44.0,14.550000190734863,10.21500015258789,454.2969970703125,749.9459838867188,16.299999237060547,14.050000190734863,13.600000381469727
2019-08-15,15.833333015441895,104.0,44.0,14.0,10.329999923706055,452.5570068359375,746.2150268554688,16.290000915527344,13.84000015258789,13.640000343322754
2019-08-16,15.833333015441895,104.0,44.0,14.0,10.329999923706055,452.5570068359375,746.2150268554688,16.469999313354492,13.84000015258789,13.720000267028809
2019-08-18,16.03333282470703,103.0,43.7599983215332,14.100000381469727,10.329999923706055,442.6929931640625,741.7379760742188,16.469999313354492,14.079999923706055,13.720000267028809
2019-08-19,16.066665649414062,104.19999694824219,44.79999923706055,13.369999885559082,10.329999923706055,447.3349914550781,746.2150268554688,16.597999572753906,14.020000457763672,13.65999984741211
2019-08-20,16.399999618530273,103.4000015258789,45.119998931884766,13.449999809265137,10.350000381469727,447.9150085449219,746.2150268554688,16.799999237060547,14.170000076293945,13.800000190734863
2019-08-21,16.299999237060547,102.4000015258789,44.959999084472656,13.449999809265137,10.229999542236328,443.85400390625,745.468994140625,16.81999969482422,13.9399995803833,13.789999961853027
2019-08-22,16.116666793823242,102.4000015258789,43.20000076293945,13.470000267028809,10.329999923706055,442.6929931640625,746.9609985351562,16.90999984741211,13.84000015258789,13.765000343322754
2019-08-23,16.116666793823242,102.4000015258789,43.20000076293945,13.470000267028809,10.300000190734863,442.6929931640625,746.9609985351562,16.93000030517578,13.84000015258789,13.640999794006348
2019-08-25,15.566665649414062,99.80000305175781,42.08000183105469,13.479999542236328,10.300000190734863,429.3489990234375,737.260009765625,16.93000030517578,13.739999771118164,13.640999794006348
2019-08-26,15.75,99.4000015258789,42.400001525878906,13.420000076293945,10.300000190734863,429.3489990234375,737.260009765625,16.729999542236328,13.539999961853027,13.506999969482422
2019-08-27,15.716666221618652,101.19999694824219,41.52000045776367,13.520000457763672,10.25,435.1510009765625,738.7529907226562,16.959999084472656,13.520000457763672,13.800000190734863
2019-08-28,15.066665649414062,100.5999984741211,40.15999984741211,13.470000267028809,10.289999961853027,434.5710144042969,740.9910278320312,17.040000915527344,13.869999885559082,13.869999885559082
2019-08-29,14.766666412353516,99.9000015258789,39.599998474121094,13.470000267028809,10.260000228881836,433.989990234375,740.2449951171875,17.291000366210938,14.15999984741211,13.87399959564209
2019-08-30,14.766666412353516,99.9000015258789,39.599998474121094,13.470000267028809,10.279000282287598,433.989990234375,740.2449951171875,17.285999298095703,14.15999984741211,13.923999786376953
2019-09-01,14.633333206176758,99.69999694824219,39.52000045776367,13.470000267028809,10.279000282287598,433.989990234375,740.2449951171875,17.285999298095703,14.15999984741211,13.923999786376953
2019-09-02,14.933333396911621,100.19999694824219,40.0,13.40999984741211,10.279000282287598,432.25,741.7379760742188,17.285999298095703,14.699999809265137,13.923999786376953
2019-09-03,15.0,99.69999694824219,40.31999969482422,13.180000305175781,10.329999923706055,433.4100036621094,739.4990234375,17.290000915527344,15.0,13.949999809265137
2019-09-04,15.300000190734863,100.80000305175781,41.599998474121094,12.960000038146973,10.220000267028809,432.25,738.7529907226562,17.43000030517578,14.920000076293945,14.0600004196167
2019-09-05,15.149999618530273,99.9000015258789,41.20000076293945,12.960000038146973,10.329999923706055,432.25,735.7680053710938,17.417999267578125,14.789999961853027,14.057999610900879
2019-09-06,15.149999618530273,99.9000015258789,41.20000076293945,12.960000038146973,10.220000267028809,432.25,735.7680053710938,17.344999313354492,14.789999961853027,14.069999694824219
2019-09-08,15.216666221618652,100.19999694824219,41.279998779296875,12.869999885559082,10.220000267028809,429.9289855957031,730.5440063476562,17.344999313354492,14.75,14.069999694824219
2019-09-09,15.166666030883789,99.30000305175781,41.84000015258789,12.829999923706055,10.300000190734863,422.9670104980469,721.5900268554688,17.530000686645508,14.619999885559082,14.0
2019-09-10,15.116665840148926,96.5,41.52000045776367,12.899999618530273,10.289999961853027,422.385986328125,723.0819702148438,17.6200008392334,14.800000190734863,14.140000343322754
2019-09-11,14.783332824707031,94.4000015258789,40.400001525878906,12.869999885559082,10.329999923706055,410.2019958496094,699.2030029296875,17.780000686645508,14.770000457763672,14.25
2019-09-12,14.483332633972168,93.4000015258789,39.91999816894531,12.930000305175781,10.300000190734863,410.2019958496094,698.4569702148438,17.90999984741211,14.649999618530273,14.25
2019-09-13,14.483332633972168,93.4000015258789,39.91999816894531,12.930000305175781,10.289999961853027,410.2019958496094,698.4569702148438,18.059999465942383,14.649999618530273,14.199999809265137
2019-09-15,14.350000381469727,91.0,39.599998474121094,12.720000267028809,10.289999961853027,400.3389892578125,702.9340209960938,18.059999465942383,14.380000114440918,14.199999809265137
2019-09-16,14.75,92.80000305175781,40.400001525878906,12.510000228881836,10.289999961853027,386.41400146484375,696.9650268554688,18.01300048828125,14.130000114440918,14.270000457763672
2019-09-17,14.516666412353516,89.80000305175781,40.560001373291016,12.729999542236328,10.239999771118164,386.41400146484375,696.9650268554688,17.8799991607666,13.6899995803833,14.159000396728516
2019-09-18,14.666666030883789,90.0,40.79999923706055,12.619999885559082,10.300000190734863,364.9460144042969,676.8170166015625,17.764999389648438,13.649999618530273,14.149999618530273
2019-09-19,15.166666030883789,91.80000305175781,42.0,12.770000457763672,10.300000190734863,369.5880126953125,693.97998046875,17.799999237060547,13.850000381469727,14.149999618530273
2019-09-20,15.166666030883789,91.80000305175781,42.0,12.770000457763672,10.300000190734863,369.5880126953125,693.97998046875,17.610000610351562,13.850000381469727,13.949999809265137
2019-09-22,15.233332633972168,92.4000015258789,41.52000045776367,12.229999542236328,10.300000190734863,390.4750061035156,705.9190063476562,17.610000610351562,12.84000015258789,13.949999809265137
2019-09-23,15.233332633972168,92.4000015258789,41.52000045776367,11.729999542236328,10.300000190734863,393.3760070800781,719.3510131835938,17.729999542236328,12.649999618530273,13.850000381469727
2019-09-24,15.399999618530273,93.5,42.560001373291016,11.380000114440918,10.239999771118164,394.5369873046875,718.60498046875,17.469999313354492,12.430000305175781,13.770000457763672
2019-09-25,15.316665649414062,92.80000305175781,42.2400016784668,11.489999771118164,10.239999771118164,396.85699462890625,720.0969848632812,17.690000534057617,12.970000267028809,13.760000228881836
2019-09-26,15.25,92.80000305175781,42.720001220703125,11.699999809265137,10.239999771118164,394.5369873046875,714.8740234375,17.604999542236328,12.859999656677246,13.720000267028809
2019-09-27,15.25,92.80000305175781,42.720001220703125,11.699999809265137,10.239999771118164,394.5369873046875,714.8740234375,17.610000610351562,12.859999656677246,13.65999984741211
2019-09-29,15.066665649414062,92.0,42.880001068115234,12.010000228881836,10.239999771118164,393.95599365234375,711.1430053710938,17.610000610351562,13.420000076293945,13.65999984741211
2019-09-30,15.133333206176758,92.0,43.52000045776367,11.989999771118164,10.239999771118164,391.635986328125,706.6649780273438,17.559999465942383,13.390000343322754,13.539999961853027
2019-10-01,14.933333396911621,92.0,43.36000061035156,11.989999771118164,10.239999771118164,391.05499267578125,704.427001953125,17.63599967956543,13.619999885559082,13.50100040435791
2019-10-02,14.633333206176758,92.0,42.31999969482422,11.760000228881836,10.239999771118164,387.5740051269531,702.18798828125,17.530000686645508,13.15999984741211,13.388999938964844
2019-10-03,14.333333015441895,91.19999694824219,41.68000030517578,11.729999542236328,10.270000457763672,386.41400146484375,701.4420166015625,17.590999603271484,12.84000015258789,13.369999885559082
2019-10-04,14.333333015441895,91.19999694824219,41.68000030517578,11.729999542236328,10.270000457763672,386.41400146484375,701.4420166015625,17.649999618530273,12.84000015258789,13.520000457763672
2019-10-06,14.333333015441895,91.30000305175781,42.0,11.729999542236328,10.270000457763672,391.05499267578125,705.1729736328125,17.649999618530273,12.84000015258789,13.520000457763672
2019-10-07,14.350000381469727,90.9000015258789,41.040000915527344,11.920000076293945,10.260000228881836,398.01800537109375,708.9039916992188,17.59000015258789,13.239999771118164,13.585000038146973
2019-10-08,14.516666412353516,90.80000305175781,40.959999084472656,11.8100004196167,10.289999961853027,397.43798828125,711.1430053710938,17.59000015258789,13.100000381469727,13.58899974822998
2019-10-09,14.350000381469727,89.19999694824219,40.2400016784668,11.739999771118164,10.260000228881836,394.5369873046875,705.9190063476562,17.420000076293945,12.930000305175781,13.65999984741211
2019-10-10,14.300000190734863,88.5,40.400001525878906,11.8100004196167,10.260000228881836,395.11700439453125,708.1580200195312,17.670000076293945,13.020000457763672,13.829999923706055
2019-10-11,14.300000190734863,88.5,40.400001525878906,11.8100004196167,10.369999885559082,395.11700439453125,708.1580200195312,17.85099983215332,13.020000457763672,14.119999885559082
2019-10-13,14.066665649414062,88.30000305175781,40.0,11.649999618530273,10.369999885559082,396.2770080566406,707.4119873046875,17.85099983215332,12.899999618530273,14.119999885559082
2019-10-14,13.833333015441895,88.19999694824219,39.84000015258789,11.470000267028809,10.359999656677246,395.6969909667969,708.1580200195312,17.850000381469727,12.829999923706055,14.04800033569336
2019-10-15,13.350000381469727,87.30000305175781,39.720001220703125,11.229999542236328,10.359999656677246,399.75799560546875,705.9190063476562,17.920000076293945,12.729999542236328,14.053000450134277
2019-10-16,13.416666030883789,87.0,39.68000030517578,11.210000038146973,10.359999656677246,404.3999938964844,710.39697265625,17.90999984741211,12.979999542236328,14.020000457763672
2019-10-17,13.666666030883789,90.5,39.959999084472656,11.199999809265137,10.359999656677246,403.82000732421875,711.1430053710938,17.875,12.970000267028809,14.229999542236328
2019-10-18,13.666666030883789,90.5,39.959999084472656,11.199999809265137,10.359999656677246,403.82000732421875,711.1430053710938,17.95199966430664,12.970000267028809,14.390000343322754
2019-10-20,14.100000381469727,90.9000015258789,40.79999923706055,11.220000267028809,10.359999656677246,399.75799560546875,699.9500122070312,17.95199966430664,12.979999542236328,14.390000343322754
2019-10-21,14.100000381469727,90.0999984741211,40.400001525878906,11.170000076293945,10.347000122070312,400.91900634765625,703.6810302734375,18.0,13.020000457763672,14.350000381469727
2019-10-22,14.199999809265137,90.19999694824219,40.400001525878906,11.109999656677246,10.319999694824219,402.65899658203125,708.9039916992188,17.950000762939453,13.15999984741211,14.34000015258789
2019-10-23,14.166666030883789,90.0,40.08000183105469,11.0,10.350000381469727,402.0790100097656,705.9190063476562,17.905000686645508,12.949999809265137,14.359999656677246
2019-10-24,14.333333015441895,90.0,39.880001068115234,10.989999771118164,10.350000381469727,401.4989929199219,704.427001953125,17.920000076293945,13.100000381469727,14.329999923706055
2019-10-25,14.333333015441895,90.0,39.880001068115234,10.989999771118164,10.350000381469727,401.4989929199219,704.427001953125,17.996999740600586,13.100000381469727,14.329999923706055
2019-10-27,14.300000190734863,88.9000015258789,39.720001220703125,11.0,10.350000381469727,402.65899658203125,701.4420166015625,17.996999740600586,13.0,14.329999923706055
2019-10-28,14.0,89.0999984741211,39.599998474121094,11.109999656677246,10.359999656677246,402.0790100097656,704.427001953125,17.739999771118164,13.1899995803833,14.130000114440918
2019-10-29,14.100000381469727,87.19999694824219,39.040000915527344,11.180000305175781,10.369999885559082,402.0790100097656,704.427001953125,17.68000030517578,13.350000381469727,14.029999732971191
2019-10-30,14.133333206176758,87.9000015258789,39.0,11.260000228881836,10.380000114440918,396.85699462890625,704.427001953125,17.75,13.369999885559082,14.0600004196167
2019-10-31,14.133333206176758,87.69999694824219,38.31999969482422,11.529999732971191,10.350000381469727,396.85699462890625,702.18798828125,17.56999969482422,13.449999809265137,13.855999946594238
2019-11-01,14.133333206176758,87.69999694824219,38.31999969482422,11.529999732971191,10.369999885559082,396.85699462890625,702.18798828125,17.850000381469727,13.449999809265137,14.029999732971191
2019-11-03,13.883333206176758,86.4000015258789,37.63999938964844,11.619999885559082,10.369999885559082,394.5369873046875,700.6959838867188,17.850000381469727,13.489999771118164,14.029999732971191
2019-11-04,13.966666221618652,86.30000305175781,38.0,11.449999809265137,10.390000343322754,393.3760070800781,699.2030029296875,17.600000381469727,13.300000190734863,13.819999694824219
2019-11-05,14.25,88.5,38.68000030517578,11.40999984741211,10.399999618530273,388.7349853515625,693.97998046875,17.780000686645508,13.319999694824219,13.8100004196167
2019-11-06,13.850000381469727,89.5,38.599998474121094,11.329999923706055,10.392999649047852,388.7349853515625,695.4719848632812,17.600000381469727,13.010000228881836,13.890000343322754
2019-11-07,13.983332633972168,90.5,38.400001525878906,11.600000381469727,10.395999908447266,389.8949890136719,698.4569702148438,17.84000015258789,12.989999771118164,13.876999855041504
2019-11-08,13.983332633972168,90.5,38.400001525878906,11.600000381469727,10.380000114440918,389.8949890136719,698.4569702148438,17.69499969482422,12.989999771118164,13.869999885559082
2019-11-10,13.916666030883789,91.5,38.36000061035156,11.600000381469727,10.380000114440918,394.5369873046875,717.8590087890625,17.69499969482422,12.989999771118164,13.869999885559082
2019-11-11,14.100000381469727,93.0,38.400001525878906,11.59000015258789,10.369999885559082,393.95599365234375,723.0819702148438,17.889999389648438,12.789999961853027,13.720000267028809
2019-11-12,14.800000190734863,94.4000015258789,39.08000183105469,11.449999809265137,10.399999618530273,394.5369873046875,725.3209838867188,17.6200008392334,12.75,13.652000427246094
2019-11-13,14.883333206176758,92.69999694824219,38.79999923706055,11.369999885559082,10.399999618530273,395.11700439453125,726.0670166015625,17.639999389648438,12.760000228881836,13.979999542236328
2019-11-14,14.683333396911621,92.69999694824219,39.599998474121094,11.119999885559082,10.399999618530273,395.6969909667969,722.3359985351562,17.8700008392334,12.829999923706055,13.8100004196167
2019-11-15,14.683333396911621,92.69999694824219,39.599998474121094,11.119999885559082,10.399999618530273,395.6969909667969,722.3359985351562,17.93000030517578,12.829999923706055,13.920000076293945
2019-11-17,14.266666412353516,92.0,39.20000076293945,11.010000228881836,10.399999618530273,395.6969909667969,726.81298828125,17.93000030517578,12.770000457763672,13.920000076293945
2019-11-18,14.666666030883789,92.0,39.52000045776367,10.84000015258789,10.399999618530273,397.43798828125,729.052001953125,17.864999771118164,12.470000267028809,13.625
2019-11-19,14.850000381469727,94.19999694824219,39.79999923706055,10.600000381469727,10.385000228881836,399.75799560546875,732.0369873046875,17.643999099731445,12.260000228881836,13.760000228881836
2019-11-20,14.816665649414062,94.9000015258789,40.0,10.5,10.449999809265137,399.75799560546875,731.291015625,17.93000030517578,12.260000228881836,13.760000228881836
2019-11-21,14.816665649414062,94.0999984741211,39.880001068115234,10.59000015258789,10.390000343322754,399.1780090332031,730.5440063476562,17.8799991607666,12.199999809265137,13.6899995803833
2019-11-22,14.816665649414062,94.0999984741211,39.880001068115234,10.59000015258789,10.380000114440918,399.1780090332031,730.5440063476562,17.92099952697754,12.199999809265137,13.649999618530273
2019-11-24,14.566665649414062,93.5,39.119998931884766,10.539999961853027,10.380000114440918,400.3389892578125,733.5289916992188,17.92099952697754,12.079999923706055,13.649999618530273
2019-11-25,14.899999618530273,93.0999984741211,38.36000061035156,10.460000038146973,10.430000305175781,411.3630065917969,742.4840087890625,17.95599937438965,12.149999618530273,13.755000114440918
2019-11-26,14.566665649414062,90.30000305175781,37.84000015258789,10.369999885559082,10.430000305175781,406.1409912109375,761.1389770507812,17.709999084472656,12.210000038146973,13.6899995803833
2019-11-27,14.266666412353516,89.69999694824219,37.560001373291016,10.380000114440918,10.430000305175781,412.52301025390625,755.1690063476562,17.739999771118164,12.050000190734863,13.628999710083008
2019-11-28,14.316665649414062,91.0,37.279998779296875,10.460000038146973,10.430000305175781,422.9670104980469,754.4229736328125,17.739999771118164,12.029999732971191,13.628999710083008
2019-11-29,14.316665649414062,91.0,37.279998779296875,10.460000038146973,10.430000305175781,422.9670104980469,754.4229736328125,17.5,12.029999732971191,13.430000305175781
2019-12-01,14.316665649414062,91.80000305175781,37.20000076293945,10.350000381469727,10.430000305175781,439.7919921875,763.3779907226562,17.5,11.859999656677246,13.430000305175781
2019-12-02,14.166666030883789,90.0999984741211,36.560001373291016,10.210000038146973,10.430000305175781,443.27398681640625,770.8400268554688,17.614999771118164,11.430000305175781,13.520000457763672
2019-12-03,14.166666030883789,89.5,36.91999816894531,10.220000267028809,10.369999885559082,442.6929931640625,759.64697265625,17.549999237060547,11.149999618530273,13.5
2019-12-04,13.949999809265137,90.80000305175781,37.20000076293945,10.390000343322754,10.399999618530273,445.0140075683594,761.1389770507812,17.893999099731445,11.319999694824219,13.654999732971191
2019-12-05,13.783332824707031,90.0,37.7599983215332,10.4399995803833,10.399999618530273,446.7550048828125,761.885009765625,18.010000228881836,11.369999885559082,13.770000457763672
2019-12-06,13.783332824707031,90.0,37.7599983215332,10.4399995803833,10.430000305175781,446.7550048828125,761.885009765625,18.0,11.369999885559082,13.732000350952148
2019-12-08,14.050000190734863,92.80000305175781,38.91999816894531,10.40999984741211,10.430000305175781,453.1369934082031,764.8699951171875,18.0,11.279999732971191,13.732000350952148
2019-12-09,13.933333396911621,93.0,39.400001525878906,10.390000343322754,10.430000305175781,460.67999267578125,767.85498046875,17.959999084472656,11.260000228881836,13.732000350952148
2019-12-10,13.833333015441895,92.19999694824219,39.880001068115234,10.399999618530273,10.430000305175781,460.0989990234375,771.5859985351562,17.850000381469727,11.489999771118164,13.5
2019-12-11,13.75,92.80000305175781,39.79999923706055,10.380000114440918,10.4399995803833,460.0989990234375,772.3319702148438,18.239999771118164,11.420000076293945,13.850000381469727
2019-12-12,13.533332824707031,89.69999694824219,39.20000076293945,10.34000015258789,10.479999542236328,460.0989990234375,785.0180053710938,18.020000457763672,11.420000076293945,13.869000434875488
2019-12-13,13.533332824707031,89.69999694824219,39.20000076293945,10.34000015258789,10.449999809265137,460.0989990234375,785.0180053710938,17.829999923706055,11.420000076293945,13.710000038146973
2019-12-15,13.550000190734863,90.0999984741211,39.599998474121094,10.380000114440918,10.449999809265137,464.1610107421875,788.7490234375,17.829999923706055,11.460000038146973,13.710000038146973
2019-12-16,13.466666221618652,90.9000015258789,39.63999938964844,10.300000190734863,10.449999809265137,463.58099365234375,788.0029907226562,17.68000030517578,11.279999732971191,13.748000144958496
2019-12-17,13.666666030883789,90.30000305175781,40.47999954223633,10.520000457763672,10.449999809265137,460.0989990234375,783.5260009765625,17.790000915527344,11.550000190734863,13.5
2019-12-18,13.850000381469727,91.5,40.560001373291016,10.649999618530273,10.5,461.260009765625,790.2420043945312,17.690000534057617,11.65999984741211,13.470000267028809
2019-12-19,14.116665840148926,92.30000305175781,40.79999923706055,10.670000076293945,10.479999542236328,464.1610107421875,797.7039794921875,17.649999618530273,11.449999809265137,13.390000343322754
2019-12-20,14.116665840148926,92.30000305175781,40.79999923706055,10.670000076293945,10.489999771118164,464.1610107421875,797.7039794921875,17.6200008392334,11.449999809265137,13.289999961853027
2019-12-22,14.066665649414062,92.0,41.040000915527344,10.670000076293945,10.489999771118164,469.9630126953125,802.927001953125,17.6200008392334,11.470000267028809,13.289999961853027
2019-12-23,14.866665840148926,93.19999694824219,41.91999816894531,10.569999694824219,10.489999771118164,471.12298583984375,802.1810302734375,17.920000076293945,11.430000305175781,13.369999885559082
2019-12-24,14.866665840148926,93.0,41.7599983215332,10.369999885559082,10.5,470.5429992675781,805.166015625,17.840999603271484,11.229999542236328,13.515000343322754
2019-12-25,14.649999618530273,92.0999984741211,40.880001068115234,10.460000038146973,10.5,470.5429992675781,799.1959838867188,17.840999603271484,11.210000038146973,13.515000343322754
2019-12-26,14.833333015441895,93.30000305175781,40.560001373291016,10.229999542236328,10.5,469.38299560546875,790.9879760742188,17.809999465942383,11.25,13.4399995803833
2019-12-27,14.833333015441895,93.30000305175781,40.560001373291016,10.229999542236328,10.5,469.38299560546875,790.9879760742188,17.92099952697754,11.25,13.494000434875488
2019-12-29,14.916666030883789,94.0999984741211,40.79999923706055,10.1899995803833,10.5,469.38299560546875,790.9879760742188,17.92099952697754,11.210000038146973,13.494000434875488
2019-12-30,14.75,93.69999694824219,40.08000183105469,10.09000015258789,10.5,469.9630126953125,795.4650268554688,17.799999237060547,11.25,13.539999961853027
2019-12-31,14.800000190734863,93.9000015258789,40.720001220703125,10.0600004196167,10.5,470.5429992675781,798.4500122070312,17.790000915527344,11.5,13.430000305175781
2020-01-01,14.683333396911621,93.0999984741211,40.31999969482422,10.0600004196167,10.5,470.5429992675781,798.4500122070312,17.790000915527344,11.5,13.430000305175781
2020-01-02,14.683333396911621,93.4000015258789,40.560001373291016,10.1899995803833,10.5,470.5429992675781,798.4500122070312,18.0,11.329999923706055,13.510000228881836
2020-01-03,14.683333396911621,93.4000015258789,40.560001373291016,10.1899995803833,10.550000190734863,470.5429992675781,798.4500122070312,17.996000289916992,11.329999923706055,13.369999885559082
2020-01-05,14.149999618530273,92.0,39.31999969482422,9.329999923706055,10.550000190734863,446.7550048828125,776.0640258789062,17.996000289916992,10.670000076293945,13.369999885559082
2020-01-06,14.533332824707031,91.9000015258789,39.08000183105469,9.239999771118164,10.550000190734863,446.7550048828125,779.0479736328125,17.860000610351562,10.869999885559082,13.156000137329102
2020-01-07,14.533332824707031,91.0,38.91999816894531,9.239999771118164,10.5600004196167,453.1369934082031,790.9879760742188,17.760000228881836,10.869999885559082,13.15999984741211
2020-01-08,14.116665840148926,90.5,39.0,9.420000076293945,10.579999923706055,452.5570068359375,788.0029907226562,17.7549991607666,10.890000343322754,13.12600040435791
2020-01-09,14.533332824707031,92.0,39.720001220703125,9.600000381469727,10.600000381469727,465.3210144042969,794.718994140625,17.889999389648438,11.0,13.22700023651123
2020-01-10,14.533332824707031,92.0,39.720001220703125,9.600000381469727,10.609999656677246,465.3210144042969,794.718994140625,17.829999923706055,11.0,13.104999542236328
2020-01-12,14.533332824707031,91.9000015258789,39.720001220703125,9.649999618530273,10.609999656677246,465.3210144042969,794.718994140625,17.829999923706055,11.050000190734863,13.104999542236328
2020-01-13,14.783332824707031,92.69999694824219,39.599998474121094,9.550000190734863,10.574999809265137,465.3210144042969,794.718994140625,18.315000534057617,11.079999923706055,13.510000228881836
2020-01-14,14.933333396911621,93.19999694824219,39.560001373291016,9.520000457763672,10.600000381469727,472.864013671875,811.8820190429688,18.28499984741211,11.260000228881836,13.390000343322754
2020-01-15,14.783332824707031,92.4000015258789,39.20000076293945,9.470000267028809,10.600000381469727,474.02398681640625,818.5980224609375,18.309999465942383,11.069999694824219,13.569999694824219
2020-01-16,14.966666221618652,92.80000305175781,39.400001525878906,9.489999771118164,10.529999732971191,474.6050109863281,820.8359985351562,18.4060001373291,10.960000038146973,13.574999809265137
2020-01-17,14.966666221618652,92.80000305175781,39.400001525878906,9.489999771118164,10.579999923706055,474.6050109863281,820.8359985351562,18.420000076293945,10.960000038146973,13.6850004196167
2020-01-19,15.366665840148926,92.19999694824219,39.36000061035156,9.40999984741211,10.579999923706055,479.82598876953125,825.3140258789062,18.420000076293945,10.869999885559082,13.6850004196167
2020-01-20,15.449999809265137,92.9000015258789,39.400001525878906,9.420000076293945,10.579999923706055,479.2460021972656,819.343994140625,18.420000076293945,10.640000343322754,13.6850004196167
2020-01-21,15.149999618530273,92.0,39.279998779296875,9.34000015258789,10.449999809265137,476.3450012207031,818.5980224609375,18.40999984741211,10.520000457763672,13.729999542236328
2020-01-22,15.016666412353516,91.80000305175781,39.119998931884766,9.369999885559082,10.479999542236328,475.18499755859375,817.10498046875,18.368999481201172,10.649999618530273,13.692000389099121
2020-01-23,14.766666412353516,90.9000015258789,37.279998779296875,9.800000190734863,10.449999809265137,475.7650146484375,817.10498046875,18.25,10.710000038146973,13.550000190734863
2020-01-24,14.766666412353516,90.9000015258789,37.279998779296875,9.800000190734863,10.520000457763672,475.7650146484375,817.10498046875,18.30500030517578,10.710000038146973,13.553000450134277
2020-01-26,14.5,89.80000305175781,37.040000915527344,9.65999984741211,10.520000457763672,474.6050109863281,809.6430053710938,18.30500030517578,10.680000305175781,13.553000450134277
2020-01-27,14.199999809265137,88.5,36.599998474121094,9.609999656677246,10.449999809265137,474.02398681640625,791.7340087890625,18.174999237060547,10.569999694824219,13.553000450134277
2020-01-28,14.333333015441895,88.9000015258789,36.36000061035156,10.199999809265137,10.550000190734863,477.5060119628906,790.9879760742188,18.104999542236328,10.630000114440918,13.437999725341797
2020-01-29,14.100000381469727,87.19999694824219,35.959999084472656,10.199999809265137,10.550000190734863,483.88800048828125,790.9879760742188,18.1299991607666,10.880000114440918,13.364999771118164
2020-01-30,14.300000190734863,87.5,36.52000045776367,12.34000015258789,10.59000015258789,485.62799072265625,783.5260009765625,18.1299991607666,11.279999732971191,13.361000061035156
2020-01-31,14.300000190734863,87.5,36.52000045776367,12.34000015258789,10.5,485.62799072265625,783.5260009765625,18.0,11.279999732971191,13.208000183105469
2020-02-02,13.833333015441895,86.5,36.31999969482422,13.850000381469727,10.5,483.88800048828125,779.7949829101562,18.0,11.050000190734863,13.208000183105469
2020-02-03,13.766666412353516,86.30000305175781,35.63999938964844,12.970000267028809,10.399999618530273,482.1470031738281,775.3170166015625,17.64699935913086,10.949999809265137,13.079999923706055
2020-02-04,13.866665840148926,87.0,35.68000030517578,13.109999656677246,10.579999923706055,481.5669860839844,775.3170166015625,17.834999084472656,10.949999809265137,12.987000465393066
2020-02-05,13.816665649414062,86.4000015258789,35.279998779296875,13.8100004196167,10.600000381469727,482.1470031738281,773.8250122070312,17.780000686645508,10.8100004196167,12.986000061035156
2020-02-06,13.666666030883789,86.30000305175781,35.0,13.8100004196167,10.569999694824219,481.5669860839844,778.302001953125,17.489999771118164,10.8100004196167,12.911999702453613
2020-02-07,13.666666030883789,86.30000305175781,35.0,13.8100004196167,10.5,481.5669860839844,778.302001953125,17.450000762939453,10.8100004196167,12.739999771118164
2020-02-09,13.300000190734863,84.0999984741211,34.720001220703125,13.8100004196167,10.5,479.82598876953125,775.3170166015625,17.450000762939453,10.760000228881836,12.739999771118164
2020-02-10,13.416666030883789,84.0,34.79999923706055,13.40999984741211,10.600000381469727,474.6050109863281,767.85498046875,17.309999465942383,10.680000305175781,12.925999641418457
2020-02-11,13.333333015441895,83.5,34.47999954223633,13.149999618530273,10.600000381469727,476.3450012207031,773.8250122070312,17.40999984741211,10.630000114440918,12.79699993133545
2020-02-12,13.266666412353516,83.5999984741211,34.400001525878906,12.930000305175781,10.449999809265137,475.18499755859375,769.3480224609375,17.235000610351562,10.460000038146973,12.765000343322754
2020-02-13,13.149999618530273,81.9000015258789,34.2400016784668,13.029999732971191,10.470000267028809,473.4440002441406,762.6320190429688,17.041000366210938,10.399999618530273,12.774999618530273
2020-02-14,13.149999618530273,81.9000015258789,34.2400016784668,13.029999732971191,10.449999809265137,473.4440002441406,762.6320190429688,17.125,10.399999618530273,12.760000228881836
2020-02-16,13.149999618530273,81.9000015258789,34.2400016784668,12.34000015258789,10.449999809265137,468.22198486328125,761.885009765625,17.125,10.050000190734863,12.760000228881836
2020-02-17,13.116665840148926,81.0,34.720001220703125,12.420000076293945,10.449999809265137,469.38299560546875,764.8699951171875,17.125,10.170000076293945,12.760000228881836
2020-02-18,13.016666412353516,80.80000305175781,34.79999923706055,12.119999885559082,10.449999809265137,466.48199462890625,757.4080200195312,16.950000762939453,9.8100004196167,12.970999717712402
2020-02-19,13.566665649414062,82.9000015258789,35.0,12.09000015258789,10.550000190734863,462.4200134277344,759.64697265625,16.924999237060547,9.979999542236328,12.9399995803833
2020-02-20,13.649999618530273,84.0,35.52000045776367,12.25,10.470000267028809,469.38299560546875,764.8699951171875,16.899999618530273,10.1899995803833,12.930000305175781
2020-02-21,13.649999618530273,84.0,35.52000045776367,12.25,10.5,469.38299560546875,764.8699951171875,17.049999237060547,10.1899995803833,12.888999938964844
2020-02-23,13.516666412353516,84.5,34.79999923706055,11.989999771118164,10.5,467.6419982910156,764.1240234375,17.049999237060547,10.09000015258789,12.888999938964844
2020-02-24,13.0,81.0999984741211,33.63999938964844,11.989999771118164,10.529999732971191,460.67999267578125,755.916015625,16.610000610351562,9.770000457763672,12.600000381469727
2020-02-25,12.883333206176758,81.0,33.31999969482422,11.760000228881836,10.460000038146973,460.67999267578125,755.916015625,16.459999084472656,9.890000343322754,12.539999961853027
2020-02-26,12.883333206176758,80.19999694824219,33.0,11.760000228881836,10.550000190734863,460.67999267578125,755.916015625,16.309999465942383,9.8100004196167,12.579999923706055
2020-02-27,12.699999809265137,80.19999694824219,33.040000915527344,12.270000457763672,10.470000267028809,460.67999267578125,755.916015625,16.219999313354492,9.449999809265137,12.359999656677246
2020-03-01,11.533332824707031,74.0,32.36000061035156,11.680000305175781,10.350000381469727,414.843994140625,646.2219848632812,15.869999885559082,8.739999771118164,12.180000305175781
2020-03-02,11.333333015441895,74.30000305175781,32.47999954223633,11.979999542236328,10.449999809265137,443.85400390625,700.6959838867188,15.960000038146973,8.850000381469727,12.119999885559082
2020-03-03,11.966666221618652,78.19999694824219,33.63999938964844,11.979999542236328,10.40999984741211,451.39599609375,724.5750122070312,15.9399995803833,8.949999809265137,12.050000190734863
2020-03-04,11.866665840148926,78.5,33.63999938964844,11.8100004196167,10.399999618530273,443.27398681640625,724.5750122070312,16.030000686645508,8.949999809265137,11.979999542236328
2020-03-05,11.600000381469727,78.30000305175781,33.720001220703125,12.0,10.399999618530273,437.47198486328125,723.0819702148438,16.049999237060547,8.960000038146973,11.78499984741211
2020-03-06,11.600000381469727,78.30000305175781,33.720001220703125,12.0,10.390000343322754,437.47198486328125,723.0819702148438,15.984999656677246,8.960000038146973,11.600000381469727
2020-03-08,10.449999809265137,70.5,32.119998931884766,11.5,10.390000343322754,437.47198486328125,723.0819702148438,15.984999656677246,8.65999984741211,11.600000381469727
2020-03-09,9.416666030883789,64.0999984741211,30.360000610351562,10.399999618530273,10.399999618530273,354.50299072265625,582.0479736328125,13.930000305175781,8.0600004196167,10.024999618530273
2020-03-10,10.25,69.5,32.63999938964844,10.770000457763672,10.369999885559082,356.2430114746094,589.510009765625,14.795999526977539,8.420000076293945,10.770000457763672
2020-03-11,10.133333206176758,67.0,31.639999389648438,10.720000267028809,11.140000343322754,362.6260070800781,599.2100219726562,14.819999694824219,8.420000076293945,10.430000305175781
2020-03-12,9.666666030883789,66.0999984741211,31.8799991607666,10.720000267028809,8.010000228881836,362.6260070800781,599.2100219726562,13.506999969482422,8.420000076293945,9.539999961853027
2020-03-13,9.666666030883789,66.0999984741211,31.8799991607666,10.720000267028809,8.829999923706055,362.6260070800781,599.2100219726562,14.109999656677246,8.420000076293945,9.390000343322754
2020-03-15,9.983332633972168,66.5,32.36000061035156,9.890000343322754,8.829999923706055,334.1960144042969,569.3619995117188,14.109999656677246,7.809999942779541,9.390000343322754
2020-03-16,9.333333015441895,62.0,31.959999084472656,9.239999771118164,7.170000076293945,319.1099853515625,548.468017578125,14.039999961853027,7.070000171661377,8.649999618530273
2020-03-17,9.683333396911621,64.0999984741211,32.52000045776367,8.5600004196167,8.319999694824219,313.8890075683594,571.1900024414062,15.121000289916992,6.389999866485596,8.6899995803833
2020-03-18,9.933333396911621,64.0999984741211,32.91999816894531,7.989999771118164,8.319999694824219,313.3080139160156,564.1380004882812,14.635000228881836,5.820000171661377,8.359999656677246
2020-03-19,10.383333206176758,66.5999984741211,33.400001525878906,8.569999694824219,7.5,331.2950134277344,588.427978515625,15.40999984741211,6.260000228881836,9.100000381469727
2020-03-20,10.383333206176758,66.5999984741211,33.400001525878906,8.569999694824219,6.730000019073486,331.2950134277344,588.427978515625,15.170000076293945,6.260000228881836,9.300000190734863
2020-03-22,9.866665840148926,66.5,32.959999084472656,9.390000343322754,6.730000019073486,331.2950134277344,588.427978515625,15.170000076293945,6.809999942779541,9.300000190734863
2020-03-23,9.733332633972168,65.0999984741211,32.400001525878906,10.109999656677246,6.929999828338623,342.89898681640625,606.448974609375,14.791999816894531,7.53000020980835,8.779999732971191
2020-03-24,10.199999809265137,66.80000305175781,33.08000183105469,10.229999542236328,7.0,365.5270080566406,587.6439819335938,15.300000190734863,7.329999923706055,9.359999656677246
2020-03-25,10.066665649414062,67.19999694824219,33.08000183105469,10.319999694824219,6.294000148773193,408.4620056152344,702.0390014648438,15.229999542236328,7.510000228881836,9.699999809265137
2020-03-26,10.166666030883789,69.0,33.119998931884766,10.430000305175781,6.730000019073486,378.8710021972656,586.0770263671875,15.180000305175781,7.71999979019165,9.920000076293945
2020-03-27,10.166666030883789,69.0,33.119998931884766,10.430000305175781,6.75,378.8710021972656,586.0770263671875,15.210000038146973,7.71999979019165,9.699999809265137
2020-03-29,10.183333396911621,68.5,33.2400016784668,10.430000305175781,6.75,362.6260070800781,562.5709838867188,15.210000038146973,7.599999904632568,9.699999809265137
2020-03-30,10.016666412353516,68.9000015258789,33.2400016784668,10.25,8.279999732971191,363.7860107421875,561.7880249023438,14.989999771118164,7.510000228881836,9.59000015258789
2020-03-31,10.333333015441895,70.0,35.0,10.5,8.0,366.68701171875,564.1380004882812,14.572999954223633,7.840000152587891,9.359999656677246
2020-04-01,10.433333396911621,70.5,36.0,10.5,7.099999904632568,364.3659973144531,561.7880249023438,14.569999694824219,7.75,9.050000190734863
2020-04-02,11.0,76.0,35.880001068115234,10.630000114440918,7.349999904632568,359.1440124511719,548.468017578125,15.003999710083008,8.399999618530273,9.289999961853027
2020-04-03,11.0,76.0,35.880001068115234,10.630000114440918,6.75,359.1440124511719,548.468017578125,15.072999954223633,8.399999618530273,9.130000114440918
2020-04-05,11.199999809265137,77.80000305175781,35.959999084472656,9.649999618530273,6.75,359.7250061035156,551.6019897460938,15.072999954223633,8.239999771118164,9.130000114440918
2020-04-06,11.699999809265137,78.5,35.79999923706055,9.520000457763672,6.0,360.30499267578125,555.52001953125,15.729999542236328,8.579999923706055,9.25
2020-04-07,12.399999618530273,79.80000305175781,36.79999923706055,9.819999694824219,6.0,361.4649963378906,556.302978515625,15.925000190734863,8.989999771118164,9.609999656677246
2020-04-08,12.166666030883789,79.19999694824219,36.79999923706055,9.970000267028809,6.0,362.0450134277344,557.8699951171875,16.204999923706055,9.079999923706055,9.550000190734863
2020-04-09,12.133333206176758,79.5999984741211,37.08000183105469,9.949999809265137,5.889999866485596,352.1820068359375,532.7969970703125,16.139999389648438,9.100000381469727,9.960000038146973
2020-04-12,11.616665840148926,76.9000015258789,37.08000183105469,9.84000015258789,5.889999866485596,356.8240051269531,542.2000122070312,16.139999389648438,8.920000076293945,9.960000038146973
2020-04-13,11.949999809265137,77.0999984741211,36.400001525878906,10.119999885559082,6.09499979019165,363.7860107421875,558.6539916992188,16.131999969482422,8.960000038146973,10.069999694824219
2020-04-14,12.166666030883789,78.5999984741211,37.400001525878906,10.260000228881836,6.099999904632568,380.0320129394531,593.9119873046875,15.930000305175781,9.149999618530273,10.229999542236328
2020-04-15,12.166666030883789,78.0,37.20000076293945,9.890000343322754,6.0,372.489013671875,577.4580078125,15.729999542236328,9.079999923706055,9.989999771118164
2020-04-16,11.733332633972168,76.30000305175781,36.0,9.729999542236328,6.0,369.5880126953125,571.9739990234375,15.508999824523926,9.100000381469727,9.843000411987305
2020-04-17,11.733332633972168,76.30000305175781,36.0,9.729999542236328,6.599999904632568,369.5880126953125,571.9739990234375,15.609999656677246,9.100000381469727,9.880000114440918
2020-04-19,11.766666412353516,76.19999694824219,36.52000045776367,9.729999542236328,6.599999904632568,375.9700012207031,578.2420043945312,15.609999656677246,9.100000381469727,9.880000114440918
2020-04-20,11.383333206176758,73.69999694824219,36.2400016784668,9.729999542236328,6.664999961853027,377.1310119628906,571.9739990234375,15.315999984741211,9.100000381469727,9.90999984741211
2020-04-21,11.100000381469727,70.80000305175781,35.79999923706055,9.670000076293945,6.0,369.00799560546875,549.2509765625,15.055000305175781,8.9399995803833,9.539999961853027
2020-04-22,11.233332633972168,70.19999694824219,35.79999923706055,9.779999732971191,6.090000152587891,368.4280090332031,556.302978515625,15.510000228881836,8.890000343322754,9.899999618530273
2020-04-23,11.633333206176758,70.30000305175781,35.880001068115234,9.930000305175781,6.880000114440918,369.00799560546875,550.8179931640625,15.420000076293945,9.1899995803833,9.920000076293945
2020-04-24,11.633333206176758,70.30000305175781,35.880001068115234,9.930000305175781,6.849999904632568,369.00799560546875,550.8179931640625,15.399999618530273,9.1899995803833,9.960000038146973
2020-04-26,12.183333396911621,72.4000015258789,36.20000076293945,10.1899995803833,6.849999904632568,371.3290100097656,556.302978515625,15.399999618530273,9.489999771118164,9.960000038146973
2020-04-27,12.233332633972168,71.4000015258789,36.0,10.069999694824219,7.230000019073486,375.27398681640625,562.5709838867188,15.621999740600586,9.569999694824219,10.420000076293945
2020-04-28,12.483332633972168,71.30000305175781,36.0,10.609999656677246,7.389999866485596,380.3800048828125,568.8389892578125,15.678000450134277,9.09000015258789,10.378000259399414
2020-04-29,12.5,71.80000305175781,36.040000915527344,10.779999732971191,7.75,379.74200439453125,572.7570190429688,15.90999984741211,8.970000267028809,10.539999961853027
2020-04-30,12.449999809265137,74.9000015258789,36.2400016784668,10.789999961853027,6.650000095367432,380.3800048828125,580.5919799804688,15.939000129699707,8.899999618530273,10.460000038146973
2020-05-01,12.449999809265137,74.9000015258789,36.2400016784668,10.789999961853027,6.880000114440918,380.3800048828125,580.5919799804688,15.751999855041504,8.899999618530273,10.3100004196167
2020-05-03,11.399999618530273,69.0,35.279998779296875,10.520000457763672,6.880000114440918,373.3590087890625,570.406982421875,15.751999855041504,8.390000343322754,10.3100004196167
2020-05-04,11.649999618530273,69.0,35.36000061035156,10.390000343322754,6.0,366.97698974609375,559.43701171875,15.890000343322754,8.15999984741211,10.09000015258789
2020-05-05,11.649999618530273,70.9000015258789,35.560001373291016,10.699999809265137,7.739999771118164,370.8059997558594,576.6749877929688,15.770000457763672,8.199999809265137,10.109999656677246
2020-05-06,11.166666030883789,70.69999694824219,35.279998779296875,10.829999923706055,7.0,374.635986328125,579.8090209960938,15.779999732971191,8.239999771118164,9.899999618530273
2020-05-07,10.800000190734863,70.80000305175781,35.36000061035156,10.539999961853027,7.400000095367432,372.0830078125,575.1079711914062,15.880999565124512,8.010000228881836,9.90999984741211
2020-05-08,10.800000190734863,70.80000305175781,35.36000061035156,10.539999961853027,7.400000095367432,372.0830078125,575.1079711914062,16.010000228881836,8.010000228881836,9.9399995803833
2020-05-10,11.300000190734863,71.69999694824219,35.560001373291016,10.859999656677246,7.400000095367432,367.614990234375,571.9739990234375,16.010000228881836,8.140000343322754,9.9399995803833
2020-05-11,11.283332824707031,73.0,35.880001068115234,10.75,6.610000133514404,365.70098876953125,568.0560302734375,16.09000015258789,8.319999694824219,9.970000267028809
2020-05-12,11.5,76.0,36.47999954223633,10.880000114440918,6.619999885559082,368.2539978027344,569.6229858398438,15.932000160217285,8.680000305175781,9.979999542236328
2020-05-13,11.033332824707031,77.69999694824219,37.52000045776367,10.699999809265137,6.880000114440918,360.5950012207031,557.0869750976562,15.824999809265137,8.010000228881836,9.90999984741211
2020-05-14,11.199999809265137,76.0,37.7599983215332,10.550000190734863,6.340000152587891,358.0419921875,557.0869750976562,15.739999771118164,7.559999942779541,9.914999961853027
2020-05-15,11.199999809265137,76.0,37.7599983215332,10.550000190734863,6.659999847412109,358.0419921875,557.0869750976562,15.765000343322754,7.559999942779541,9.930000305175781
2020-05-17,11.449999809265137,77.9000015258789,38.36000061035156,10.800000190734863,6.659999847412109,370.1679992675781,568.8389892578125,15.765000343322754,7.510000228881836,9.930000305175781
2020-05-18,11.050000190734863,79.5,39.119998931884766,10.770000457763672,6.130000114440918,374.635986328125,575.8909912109375,16.030000686645508,7.210000038146973,10.170000076293945
2020-05-19,11.466666221618652,82.0,39.7599983215332,11.029999732971191,6.070000171661377,382.29400634765625,585.2940063476562,15.894000053405762,7.28000020980835,10.100000381469727
2020-05-20,11.5,82.0,40.0,10.989999771118164,5.75,379.74200439453125,587.6439819335938,15.640999794006348,7.239999771118164,10.170000076293945
2020-05-21,11.183333396911621,83.0,40.0,10.800000190734863,6.050000190734863,380.3800048828125,589.2109985351562,15.800999641418457,7.429999828338623,10.1899995803833
2020-05-22,11.183333396911621,83.0,40.0,10.800000190734863,5.929999828338623,380.3800048828125,589.2109985351562,15.75100040435791,7.429999828338623,10.1899995803833
2020-05-26,11.183333396911621,83.0,40.0,10.800000190734863,5.900000095367432,380.3800048828125,589.2109985351562,16.0,7.429999828338623,10.09000015258789
2020-05-27,11.183333396911621,83.0,40.0,10.800000190734863,5.650000095367432,395.6969909667969,608.0159912109375,15.904999732971191,7.429999828338623,10.180000305175781
2020-05-31,11.916666030883789,85.80000305175781,39.79999923706055,11.020000457763672,5.889999866485596,393.1440124511719,604.0980224609375,16.06999969482422,7.639999866485596,10.319999694824219
2020-06-01,12.550000190734863,88.0,40.0,11.829999923706055,5.75,393.1440124511719,603.3150024414062,16.1299991607666,7.5,10.289999961853027
2020-06-02,12.633333206176758,89.5999984741211,39.880001068115234,12.199999809265137,5.639999866485596,395.6969909667969,606.448974609375,16.28499984741211,7.599999904632568,10.494999885559082
2020-06-03,12.5,88.0,39.79999923706055,12.109999656677246,5.949999809265137,395.0589904785156,604.8820190429688,16.600000381469727,7.460000038146973,10.494999885559082
2020-06-04,12.25,88.0999984741211,39.959999084472656,12.149999618530273,5.900000095367432,395.6969909667969,610.3660278320312,16.600000381469727,7.460000038146973,10.550000190734863
2020-06-05,12.25,88.0999984741211,39.959999084472656,12.149999618530273,5.960000038146973,395.6969909667969,610.3660278320312,16.840999603271484,7.460000038146973,11.005000114440918
2020-06-07,12.533332824707031,89.0999984741211,39.79999923706055,12.300000190734863,5.960000038146973,396.9739990234375,619.7689819335938,16.840999603271484,7.739999771118164,11.005000114440918
2020-06-08,12.649999618530273,88.5999984741211,39.720001220703125,12.229999542236328,5.980000019073486,397.61199951171875,630.7379760742188,16.799999237060547,7.75,11.024999618530273
2020-06-09,12.616665840148926,88.69999694824219,39.68000030517578,12.180000305175781,5.980000019073486,397.61199951171875,644.8419799804688,16.799999237060547,7.690000057220459,10.850000381469727
2020-06-10,12.649999618530273,88.5999984741211,39.79999923706055,12.5600004196167,6.369999885559082,388.677001953125,627.60400390625,16.739999771118164,7.510000228881836,10.75
2020-06-11,12.649999618530273,89.0,39.68000030517578,12.40999984741211,6.699999809265137,389.9530029296875,624.469970703125,16.549999237060547,7.329999923706055,10.40999984741211
2020-06-12,12.649999618530273,89.0,39.68000030517578,12.40999984741211,6.949999809265137,389.9530029296875,624.469970703125,16.079999923706055,7.329999923706055,10.5600004196167
2020-06-14,12.699999809265137,88.5,39.400001525878906,12.34000015258789,6.949999809265137,375.27398681640625,599.39697265625,16.079999923706055,7.099999904632568,10.5600004196167
2020-06-15,12.600000381469727,88.80000305175781,39.599998474121094,12.600000381469727,6.570000171661377,381.656005859375,610.3660278320312,16.030000686645508,7.010000228881836,10.079999923706055
2020-06-16,12.516666412353516,89.4000015258789,39.279998779296875,12.609999656677246,6.679999828338623,385.4859924316406,626.8200073242188,16.1200008392334,7.119999885559082,10.239999771118164
2020-06-17,12.399999618530273,89.0,39.599998474121094,12.4399995803833,6.889999866485596,383.5710144042969,624.469970703125,16.229999542236328,7.099999904632568,10.109999656677246
2020-06-18,12.266666412353516,91.19999694824219,39.599998474121094,12.1899995803833,6.840000152587891,381.01800537109375,617.4180297851562,16.25,7.079999923706055,10.09000015258789
2020-06-19,12.266666412353516,91.19999694824219,39.599998474121094,12.1899995803833,7.0,381.01800537109375,617.4180297851562,16.260000228881836,7.079999923706055,10.239999771118164
2020-06-21,12.416666030883789,91.5999984741211,39.720001220703125,12.15999984741211,7.0,381.656005859375,625.2529907226562,16.260000228881836,6.940000057220459,10.239999771118164
2020-06-22,12.233332633972168,89.5,39.47999954223633,12.270000457763672,6.980000019073486,382.29400634765625,627.60400390625,16.290000915527344,6.869999885559082,10.164999961853027
2020-06-23,12.116665840148926,89.0,39.47999954223633,12.470000267028809,6.800000190734863,388.0379943847656,639.3569946289062,16.329999923706055,6.650000095367432,10.260000228881836
2020-06-24,11.766666412353516,87.80000305175781,39.599998474121094,12.989999771118164,6.71999979019165,393.1440124511719,650.3259887695312,16.229999542236328,6.989999771118164,10.0600004196167
2020-06-25,11.699999809265137,87.69999694824219,39.560001373291016,12.930000305175781,6.480000019073486,394.4209899902344,647.9760131835938,16.312000274658203,6.980000019073486,10.130000114440918
2020-06-26,11.699999809265137,87.69999694824219,39.560001373291016,12.930000305175781,6.25,394.4209899902344,647.9760131835938,16.211999893188477,6.980000019073486,10.0649995803833
2020-06-28,11.699999809265137,87.69999694824219,39.439998626708984,12.970000267028809,6.25,393.7820129394531,647.9760131835938,16.211999893188477,6.739999771118164,10.0649995803833
2020-06-29,11.833333015441895,88.80000305175781,39.52000045776367,13.039999961853027,6.46999979019165,391.2300109863281,644.0579833984375,16.0,6.619999885559082,10.079999923706055
2020-06-30,11.600000381469727,88.0999984741211,39.599998474121094,13.329999923706055,6.900000095367432,390.59100341796875,643.2739868164062,15.96500015258789,6.630000114440918,10.020000457763672
2020-07-01,11.616665840148926,88.0999984741211,39.36000061035156,13.329999923706055,6.650000095367432,386.7619934082031,639.3569946289062,16.100000381469727,6.630000114440918,10.09000015258789
2020-07-02,11.866665840148926,89.19999694824219,39.400001525878906,13.329999923706055,6.25,388.677001953125,644.8419799804688,16.360000610351562,6.630000114440918,10.100000381469727
2020-07-05,12.050000190734863,89.30000305175781,39.599998474121094,13.619999885559082,6.25,389.9530029296875,644.8419799804688,16.360000610351562,6.809999942779541,10.100000381469727
2020-07-06,11.966666221618652,89.0,39.47999954223633,13.670000076293945,6.449999809265137,389.9530029296875,644.8419799804688,16.464000701904297,6.809999942779541,10.1850004196167
2020-07-07,11.966666221618652,89.19999694824219,39.47999954223633,13.989999771118164,6.300000190734863,389.9530029296875,641.7069702148438,16.56999969482422,6.940000057220459,10.204999923706055
2020-07-08,11.899999618530273,88.80000305175781,39.20000076293945,13.90999984741211,6.349999904632568,387.3999938964844,638.572998046875,16.670000076293945,7.070000171661377,10.149999618530273
2020-07-09,11.899999618530273,88.69999694824219,39.20000076293945,13.710000038146973,6.260000228881836,384.84698486328125,634.656005859375,16.6299991607666,6.849999904632568,10.055000305175781
2020-07-10,11.899999618530273,88.69999694824219,39.20000076293945,13.710000038146973,6.21999979019165,384.84698486328125,634.656005859375,16.663999557495117,6.849999904632568,10.039999961853027
2020-07-12,11.899999618530273,88.19999694824219,39.0,13.5600004196167,6.21999979019165,382.9330139160156,638.572998046875,16.663999557495117,6.96999979019165,10.039999961853027
2020-07-13,12.016666412353516,88.19999694824219,38.79999923706055,13.3100004196167,6.53000020980835,384.2090148925781,641.7069702148438,16.770000457763672,6.96999979019165,10.109999656677246
2020-07-14,12.133333206176758,88.30000305175781,38.7599983215332,13.15999984741211,7.0,378.4649963378906,630.7379760742188,16.969999313354492,6.849999904632568,10.100000381469727
2020-07-15,12.183333396911621,88.4000015258789,38.68000030517578,12.819999694824219,7.0,379.74200439453125,631.52197265625,17.099000930786133,6.510000228881836,10.074999809265137
2020-07-16,12.066665649414062,88.19999694824219,38.400001525878906,12.800000190734863,6.75,377.1889953613281,626.0369873046875,16.954999923706055,6.440000057220459,10.119999885559082
2020-07-17,12.066665649414062,88.19999694824219,38.400001525878906,12.800000190734863,6.849999904632568,377.1889953613281,626.0369873046875,16.950000762939453,6.440000057220459,10.095000267028809
2020-07-19,12.016666412353516,87.9000015258789,38.36000061035156,12.59000015258789,6.849999904632568,373.99798583984375,615.0679931640625,16.950000762939453,6.389999866485596,10.095000267028809
2020-07-20,12.0,86.5999984741211,38.400001525878906,12.579999923706055,6.949999809265137,375.27398681640625,608.7990112304688,17.0,6.320000171661377,10.20300006866455
2020-07-21,12.0,87.5,38.79999923706055,12.760000228881836,6.849999904632568,372.72100830078125,607.2319946289062,17.010000228881836,6.349999904632568,10.20300006866455
2020-07-22,12.016666412353516,87.5999984741211,39.68000030517578,12.59000015258789,6.800000190734863,362.510009765625,591.56201171875,16.93000030517578,6.289999961853027,10.1899995803833
2020-07-23,12.0,88.0,38.84000015258789,12.59000015258789,6.699999809265137,362.510009765625,593.9119873046875,16.815000534057617,6.289999961853027,10.125
2020-07-24,12.0,88.0,38.84000015258789,12.59000015258789,6.630000114440918,362.510009765625,593.9119873046875,16.790000915527344,6.289999961853027,10.062000274658203
2020-07-26,11.899999618530273,87.5999984741211,38.84000015258789,12.899999618530273,6.630000114440918,362.510009765625,585.2940063476562,16.790000915527344,6.329999923706055,10.062000274658203
2020-07-27,12.0,88.5,38.84000015258789,12.920000076293945,6.5,362.510009765625,585.2940063476562,16.96500015258789,6.349999904632568,10.489999771118164
2020-07-28,12.050000190734863,88.9000015258789,38.880001068115234,12.890000343322754,6.699999809265137,377.8269958496094,626.8200073242188,16.91200065612793,6.570000171661377,10.404999732971191
2020-07-29,12.050000190734863,88.9000015258789,38.880001068115234,12.920000076293945,6.510000228881836,368.8919982910156,618.2020263671875,17.09000015258789,6.71999979019165,10.520000457763672
2020-07-30,12.050000190734863,88.9000015258789,38.880001068115234,12.920000076293945,6.940000057220459,368.8919982910156,618.2020263671875,16.8799991607666,6.71999979019165,10.470000267028809
2020-07-31,12.050000190734863,88.9000015258789,38.880001068115234,12.920000076293945,6.5,368.8919982910156,618.2020263671875,16.799999237060547,6.71999979019165,10.369999885559082
2020-08-05,12.333333015441895,88.0,38.400001525878906,13.010000228881836,6.449999809265137,375.27398681640625,623.6859741210938,16.913000106811523,6.760000228881836,10.46500015258789
2020-08-06,12.266666412353516,87.80000305175781,38.79999923706055,13.010000228881836,6.659999847412109,375.27398681640625,619.7689819335938,17.020000457763672,6.789999961853027,10.475000381469727
2020-08-07,12.266666412353516,87.80000305175781,38.79999923706055,13.010000228881836,6.699999809265137,375.27398681640625,619.7689819335938,16.979999542236328,6.789999961853027,10.489999771118164
2020-08-09,12.283332824707031,87.69999694824219,38.68000030517578,13.100000381469727,6.699999809265137,378.4649963378906,621.3359985351562,16.979999542236328,6.900000095367432,10.489999771118164
2020-08-10,12.283332824707031,87.5999984741211,38.400001525878906,13.09000015258789,6.690000057220459,380.3800048828125,627.60400390625,17.052000045776367,7.03000020980835,10.505000114440918
2020-08-11,12.483332633972168,87.9000015258789,38.599998474121094,13.079999923706055,6.599999904632568,386.1239929199219,633.0889892578125,17.104999542236328,7.179999828338623,10.425000190734863
2020-08-12,12.483332633972168,88.19999694824219,38.68000030517578,13.15999984741211,6.5,393.7820129394531,641.7069702148438,17.219999313354492,7.179999828338623,10.529999732971191
2020-08-13,12.483332633972168,88.19999694824219,38.68000030517578,13.170000076293945,6.360000133514404,391.8680114746094,637.7899780273438,17.222000122070312,7.269999980926514,10.604999542236328
2020-08-14,12.483332633972168,88.19999694824219,38.68000030517578,13.170000076293945,6.369999885559082,391.8680114746094,637.7899780273438,17.25,7.269999980926514,10.635000228881836
2020-08-16,12.75,89.19999694824219,38.560001373291016,13.25,6.369999885559082,394.4209899902344,647.1920166015625,17.25,7.260000228881836,10.635000228881836
2020-08-17,13.100000381469727,88.5999984741211,38.68000030517578,13.1899995803833,6.349999904632568,396.3349914550781,655.8109741210938,17.3700008392334,7.150000095367432,10.770000457763672
2020-08-18,13.399999618530273,88.80000305175781,38.720001220703125,13.100000381469727,6.639999866485596,391.2300109863281,649.5430297851562,17.420000076293945,7.110000133514404,10.71500015258789
2020-08-19,13.416666030883789,88.0999984741211,38.560001373291016,13.130000114440918,6.690000057220459,393.7820129394531,651.8930053710938,17.450000762939453,7.099999904632568,10.779999732971191
2020-08-20,13.533332824707031,88.4000015258789,38.63999938964844,13.130000114440918,6.53000020980835,393.7820129394531,651.8930053710938,17.440000534057617,7.099999904632568,10.800000190734863
2020-08-21,13.533332824707031,88.4000015258789,38.63999938964844,13.130000114440918,6.800000190734863,393.7820129394531,651.8930053710938,17.440000534057617,7.099999904632568,10.885000228881836
2020-08-23,13.966666221618652,88.69999694824219,38.68000030517578,13.420000076293945,6.800000190734863,387.3999938964844,641.7069702148438,17.440000534057617,7.389999866485596,10.885000228881836
2020-08-24,13.766666412353516,88.5,38.68000030517578,13.65999984741211,6.849999904632568,393.7820129394531,652.677001953125,17.56999969482422,7.599999904632568,10.984999656677246
2020-08-25,13.399999618530273,88.4000015258789,38.599998474121094,13.5600004196167,6.929999828338623,397.61199951171875,666.780029296875,17.649999618530273,7.710000038146973,10.975000381469727
2020-08-26,13.5,88.5,38.599998474121094,13.539999961853027,6.800000190734863,398.25,671.4810180664062,17.520999908447266,7.769999980926514,10.90999984741211
2020-08-27,13.383333206176758,88.30000305175781,38.560001373291016,13.520000457763672,6.849999904632568,399.5260009765625,678.5330200195312,17.55500030517578,7.690000057220459,10.779999732971191
2020-08-28,13.383333206176758,88.30000305175781,38.560001373291016,13.520000457763672,6.869999885559082,399.5260009765625,678.5330200195312,17.719999313354492,7.690000057220459,10.899999618530273
2020-08-30,13.383333206176758,88.9000015258789,38.63999938964844,13.449999809265137,6.869999885559082,403.3559875488281,676.9660034179688,17.719999313354492,7.679999828338623,10.899999618530273
2020-08-31,13.133333206176758,88.0,38.400001525878906,13.479999542236328,6.900000095367432,399.5260009765625,673.8319702148438,17.489999771118164,7.510000228881836,10.760000228881836
2020-09-01,13.050000190734863,87.80000305175781,38.20000076293945,13.880000114440918,6.929999828338623,402.7179870605469,677.75,17.579999923706055,7.440000057220459,10.890000343322754
2020-09-02,13.183333396911621,89.4000015258789,39.08000183105469,14.270000457763672,6.809999942779541,402.0790100097656,678.5330200195312,17.579999923706055,7.460000038146973,10.878000259399414
2020-09-03,13.266666412353516,89.80000305175781,39.08000183105469,13.989999771118164,6.75,400.8030090332031,676.9660034179688,17.43000030517578,7.389999866485596,10.885000228881836
2020-09-04,13.266666412353516,89.80000305175781,39.08000183105469,13.989999771118164,6.760000228881836,400.8030090332031,676.9660034179688,17.329999923706055,7.389999866485596,10.84000015258789
2020-09-06,13.333333015441895,88.0999984741211,39.0,14.279999732971191,6.760000228881836,397.61199951171875,667.5640258789062,17.329999923706055,7.269999980926514,10.84000015258789
2020-09-07,13.316665649414062,88.0,38.91999816894531,14.609999656677246,6.760000228881836,397.61199951171875,668.3469848632812,17.329999923706055,7.329999923706055,10.84000015258789
2020-09-08,13.399999618530273,88.0,39.31999969482422,13.579999923706055,6.46999979019165,398.25,666.780029296875,17.299999237060547,7.110000133514404,10.850000381469727
2020-09-09,13.716666221618652,88.0,39.279998779296875,13.579999923706055,6.769999980926514,398.25,671.4810180664062,17.454999923706055,7.110000133514404,10.904999732971191
2020-09-10,14.383333206176758,88.0999984741211,39.68000030517578,13.0,6.949999809265137,398.88800048828125,673.0479736328125,17.386999130249023,7.260000228881836,10.819999694824219
2020-09-11,14.383333206176758,88.0999984741211,39.68000030517578,13.0,7.0,398.88800048828125,673.0479736328125,17.426000595092773,7.260000228881836,10.84000015258789
2020-09-13,14.466666221618652,87.9000015258789,39.63999938964844,12.239999771118164,7.0,399.5260009765625,678.5330200195312,17.426000595092773,7.25,10.84000015258789
2020-09-14,14.149999618530273,88.0999984741211,39.68000030517578,12.3100004196167,6.900000095367432,401.4410095214844,677.75,17.65999984741211,7.210000038146973,10.899999618530273
2020-09-15,14.050000190734863,89.0,40.79999923706055,12.420000076293945,6.679999828338623,402.0790100097656,674.6160278320312,17.719999313354492,7.119999885559082,10.960000038146973
2020-09-16,14.149999618530273,89.4000015258789,41.20000076293945,12.319999694824219,6.849999904632568,402.0790100097656,674.6160278320312,17.889999389648438,7.179999828338623,10.90999984741211
2020-09-17,14.0,89.9000015258789,40.79999923706055,12.029999732971191,6.75,409.7380065917969,682.4509887695312,17.90399932861328,7.159999847412109,10.930000305175781
2020-09-18,14.0,89.9000015258789,40.79999923706055,12.029999732971191,6.849999904632568,409.7380065917969,682.4509887695312,17.93000030517578,7.159999847412109,10.90999984741211
2020-09-20,14.0,90.0,40.79999923706055,11.930000305175781,6.849999904632568,417.3970031738281,688.718994140625,17.93000030517578,7.070000171661377,10.90999984741211
2020-09-21,13.800000190734863,90.0,40.2400016784668,11.729999542236328,6.860000133514404,425.05499267578125,689.5029907226562,17.459999084472656,6.929999828338623,10.670000076293945
2020-09-22,13.733332633972168,89.5999984741211,40.2400016784668,11.789999961853027,7.309999942779541,435.2669982910156,697.3380126953125,17.59000015258789,6.960000038146973,10.618000030517578
2020-09-23,13.733332633972168,89.5999984741211,40.2400016784668,11.770000457763672,6.989999771118164,442.92498779296875,704.3900146484375,17.295000076293945,6.889999866485596,10.640000343322754
2020-09-24,13.600000381469727,88.80000305175781,40.0,11.5600004196167,7.179999828338623,442.2869873046875,700.4719848632812,17.489999771118164,6.769999980926514,10.600000381469727
2020-09-25,13.600000381469727,88.80000305175781,40.0,11.5600004196167,6.789999961853027,442.2869873046875,700.4719848632812,17.489999771118164,6.769999980926514,10.614999771118164
2020-09-27,13.633333206176758,88.69999694824219,40.08000183105469,11.680000305175781,6.789999961853027,436.5429992675781,697.3380126953125,17.489999771118164,6.789999961853027,10.614999771118164
2020-09-28,13.833333015441895,88.9000015258789,40.79999923706055,11.710000038146973,6.880000114440918,432.07598876953125,694.9869995117188,17.709999084472656,6.769999980926514,10.800000190734863
2020-09-29,13.566665649414062,88.5999984741211,40.400001525878906,11.729999542236328,7.300000190734863,421.864013671875,681.6669921875,17.649999618530273,6.920000076293945,10.604999542236328
2020-09-30,13.916666030883789,88.4000015258789,40.15999984741211,11.699999809265137,7.150000095367432,421.864013671875,681.6669921875,17.920000076293945,6.860000133514404,10.75
2020-10-01,13.666666030883789,88.5,40.31999969482422,11.899999618530273,8.1899995803833,421.864013671875,681.6669921875,17.799999237060547,6.929999828338623,10.649999618530273
2020-10-02,13.666666030883789,88.5,40.31999969482422,11.899999618530273,7.489999771118164,421.864013671875,681.6669921875,17.799999237060547,6.929999828338623,10.5
2020-10-04,13.433333396911621,87.69999694824219,40.15999984741211,11.9399995803833,7.489999771118164,439.7340087890625,701.2550048828125,17.799999237060547,7.110000133514404,10.5
2020-10-05,13.449999809265137,88.30000305175781,40.959999084472656,11.970000267028809,7.679999828338623,439.09600830078125,699.68798828125,17.93000030517578,7.21999979019165,10.649999618530273
2020-10-06,13.683333396911621,88.80000305175781,41.599998474121094,11.970000267028809,7.679999828338623,442.2869873046875,700.4719848632812,18.1299991607666,7.21999979019165,10.430000305175781
2020-10-07,13.616665840148926,88.80000305175781,41.52000045776367,12.380000114440918,7.895999908447266,446.11700439453125,703.6060180664062,18.010000228881836,7.130000114440918,10.680000305175781
2020-10-08,13.883333206176758,91.9000015258789,41.599998474121094,12.380000114440918,7.895999908447266,450.5840148925781,708.3070068359375,18.031999588012695,7.130000114440918,10.829999923706055
2020-10-09,13.883333206176758,91.9000015258789,41.599998474121094,12.380000114440918,8.039999961853027,450.5840148925781,708.3070068359375,18.177000045776367,7.130000114440918,10.619999885559082
2020-10-11,14.050000190734863,97.80000305175781,42.15999984741211,12.5,8.039999961853027,453.1369934082031,715.3590087890625,18.177000045776367,7.440000057220459,10.619999885559082
2020-10-12,14.100000381469727,98.5,42.560001373291016,12.600000381469727,8.0,454.4129943847656,715.3590087890625,18.290000915527344,7.639999866485596,10.6899995803833
2020-10-13,13.866665840148926,98.0999984741211,42.560001373291016,12.59000015258789,7.710000038146973,453.1369934082031,706.739990234375,18.239999771118164,7.550000190734863,10.635000228881836
2020-10-14,13.883333206176758,97.4000015258789,42.2400016784668,12.630000114440918,7.519999980926514,452.4989929199219,702.0390014648438,17.940000534057617,7.829999923706055,10.739999771118164
2020-10-15,13.716666221618652,96.0999984741211,41.599998474121094,12.4399995803833,7.78000020980835,451.8609924316406,697.3380126953125,18.03700065612793,8.0600004196167,10.670000076293945
2020-10-16,13.716666221618652,96.0999984741211,41.599998474121094,12.4399995803833,7.539999961853027,451.8609924316406,697.3380126953125,18.049999237060547,8.0600004196167,10.720000267028809
2020-10-18,13.683333396911621,97.0999984741211,41.36000061035156,12.300000190734863,7.539999961853027,444.8399963378906,696.5540161132812,18.049999237060547,7.829999923706055,10.720000267028809
2020-10-19,13.866665840148926,97.0,41.7599983215332,12.40999984741211,7.300000190734863,438.4580078125,687.9349975585938,17.834999084472656,7.949999809265137,10.555000305175781
2020-10-20,13.783332824707031,96.5,41.36000061035156,12.270000457763672,7.300000190734863,441.64898681640625,690.2860107421875,17.8700008392334,7.860000133514404,10.585000038146973
2020-10-21,13.716666221618652,97.0999984741211,41.279998779296875,12.34000015258789,7.519999980926514,444.2019958496094,693.4199829101562,17.79199981689453,7.679999828338623,10.569999694824219
2020-10-22,13.683333396911621,97.5999984741211,42.400001525878906,12.039999961853027,8.0,439.7340087890625,687.1519775390625,17.75,7.46999979019165,10.609999656677246
2020-10-23,13.683333396911621,97.5999984741211,42.400001525878906,12.039999961853027,7.849999904632568,439.7340087890625,687.1519775390625,17.65999984741211,7.46999979019165,10.567999839782715
2020-10-25,12.966666221618652,93.19999694824219,41.20000076293945,11.9399995803833,7.849999904632568,433.35198974609375,681.6669921875,17.65999984741211,7.380000114440918,10.567999839782715
2020-10-26,12.850000381469727,92.5999984741211,41.20000076293945,12.020000457763672,8.050000190734863,422.50201416015625,665.2130126953125,17.399999618530273,7.420000076293945,10.600000381469727
2020-10-27,13.0,93.5,41.439998626708984,12.1899995803833,7.078000068664551,420.5880126953125,658.1610107421875,17.389999389648438,7.480000019073486,10.600000381469727
2020-10-28,12.666666030883789,92.80000305175781,41.040000915527344,11.84000015258789,7.0,422.50201416015625,662.0789794921875,17.010000228881836,7.409999847412109,10.454999923706055
2020-10-29,12.433333396911621,90.0,39.880001068115234,11.84000015258789,6.949999809265137,422.50201416015625,662.0789794921875,17.14299964904785,7.409999847412109,10.510000228881836
2020-10-30,12.433333396911621,90.0,39.880001068115234,11.84000015258789,7.0,422.50201416015625,662.0789794921875,16.99799919128418,7.409999847412109,10.494999885559082
2020-11-01,12.466666221618652,88.80000305175781,40.08000183105469,12.069999694824219,7.0,411.0140075683594,652.677001953125,16.99799919128418,7.289999961853027,10.494999885559082
2020-11-02,12.466666221618652,90.0,40.400001525878906,12.170000076293945,6.699999809265137,409.7380065917969,653.4600219726562,16.959999084472656,7.179999828338623,10.550000190734863
2020-11-03,12.466666221618652,89.5,40.31999969482422,12.149999618530273,6.699999809265137,423.1409912109375,658.9450073242188,16.959999084472656,7.21999979019165,10.550000190734863
2020-11-04,12.550000190734863,90.0,40.720001220703125,12.4399995803833,6.820000171661377,423.1409912109375,655.0269775390625,17.270000457763672,7.309999942779541,10.770000457763672
2020-11-05,12.533332824707031,89.9000015258789,40.959999084472656,12.470000267028809,7.03000020980835,421.864013671875,657.3779907226562,17.43000030517578,7.409999847412109,10.510000228881836
2020-11-06,12.533332824707031,89.9000015258789,40.959999084472656,12.470000267028809,7.309999942779541,421.864013671875,657.3779907226562,17.417999267578125,7.409999847412109,10.550000190734863
2020-11-08,12.583333015441895,92.0,41.52000045776367,12.5,7.309999942779541,424.4169921875,655.0269775390625,17.417999267578125,7.519999980926514,10.550000190734863
2020-11-09,12.866665840148926,96.0,42.31999969482422,12.470000267028809,7.349999904632568,432.07598876953125,665.2130126953125,17.913000106811523,7.849999904632568,10.729999542236328
2020-11-10,12.783332824707031,95.9000015258789,41.52000045776367,12.640000343322754,7.170000076293945,441.010986328125,665.9970092773438,17.739999771118164,8.149999618530273,10.75
2020-11-11,12.699999809265137,96.0,42.47999954223633,12.4399995803833,7.199999809265137,433.989990234375,656.593994140625,17.989999771118164,8.239999771118164,10.899999618530273
2020-11-12,12.583333015441895,95.19999694824219,42.31999969482422,12.3100004196167,6.849999904632568,433.989990234375,649.5430297851562,17.889999389648438,8.300000190734863,10.90999984741211
2020-11-13,12.583333015441895,95.19999694824219,42.31999969482422,12.3100004196167,7.0,433.989990234375,649.5430297851562,17.920000076293945,8.300000190734863,10.979999542236328
2020-11-15,13.016666412353516,95.9000015258789,42.63999938964844,12.15999984741211,7.0,426.3320007324219,634.656005859375,17.920000076293945,8.329999923706055,10.979999542236328
2020-11-16,13.466666221618652,96.0,42.959999084472656,12.4399995803833,7.590000152587891,428.885009765625,636.2230224609375,18.100000381469727,8.649999618530273,11.081000328063965
2020-11-17,13.866665840148926,96.5,42.959999084472656,12.6899995803833,7.650000095367432,433.989990234375,639.3569946289062,18.15999984741211,8.779999732971191,11.1899995803833
2020-11-18,14.0,97.80000305175781,43.20000076293945,12.760000228881836,7.570000171661377,433.989990234375,642.4910278320312,18.139999389648438,8.720000267028809,11.3100004196167
2020-11-19,13.816665649414062,96.4000015258789,42.880001068115234,12.550000190734863,7.449999809265137,438.4580078125,646.4089965820312,18.139999389648438,8.65999984741211,11.260000228881836
2020-11-20,13.816665649414062,96.4000015258789,42.880001068115234,12.550000190734863,7.550000190734863,438.4580078125,646.4089965820312,17.8799991607666,8.65999984741211,11.229999542236328
2020-11-22,13.699999809265137,96.30000305175781,43.279998779296875,12.6899995803833,7.550000190734863,439.7340087890625,649.5430297851562,17.8799991607666,8.600000381469727,11.229999542236328
2020-11-23,13.683333396911621,96.4000015258789,43.119998931884766,12.770000457763672,7.579999923706055,444.8399963378906,658.1610107421875,18.139999389648438,8.609999656677246,11.300000190734863
2020-11-24,13.783332824707031,96.5999984741211,42.79999923706055,12.880000114440918,7.460000038146973,446.11700439453125,664.4299926757812,18.25,8.979999542236328,11.420999526977539
2020-11-25,13.816665649414062,97.5999984741211,43.20000076293945,12.899999618530273,7.71999979019165,443.5639953613281,661.2960205078125,18.26300048828125,9.270000457763672,11.454999923706055
2020-11-26,13.733332633972168,96.80000305175781,42.880001068115234,12.779999732971191,7.71999979019165,442.2869873046875,665.2130126953125,18.26300048828125,9.170000076293945,11.454999923706055
2020-11-27,13.733332633972168,96.80000305175781,42.880001068115234,12.779999732971191,7.78000020980835,442.2869873046875,665.2130126953125,17.850000381469727,9.170000076293945,11.527000427246094
2020-11-29,14.0,96.5,42.959999084472656,12.600000381469727,7.78000020980835,435.9049987792969,665.2130126953125,17.850000381469727,9.220000267028809,11.527000427246094
2020-11-30,14.050000190734863,96.9000015258789,43.119998931884766,12.65999984741211,7.78000020980835,433.989990234375,658.1610107421875,18.059999465942383,9.109999656677246,11.760000228881836
2020-12-01,13.899999618530273,97.0,43.040000915527344,12.920000076293945,7.75,421.864013671875,642.4910278320312,18.170000076293945,9.149999618530273,11.75
2020-12-02,13.949999809265137,97.0,42.79999923706055,12.890000343322754,7.75,426.3320007324219,647.9760131835938,18.31999969482422,8.989999771118164,11.789999961853027
2020-12-03,14.216666221618652,96.69999694824219,42.720001220703125,12.760000228881836,7.5,434.6289978027344,662.0789794921875,18.5,9.09000015258789,11.800000190734863
2020-12-04,14.216666221618652,96.69999694824219,42.720001220703125,12.760000228881836,7.5,434.6289978027344,662.0789794921875,18.7450008392334,9.09000015258789,11.78499984741211
2020-12-06,14.016666412353516,96.5999984741211,42.560001373291016,12.770000457763672,7.5,435.9049987792969,653.4600219726562,18.7450008392334,9.039999961853027,11.78499984741211
2020-12-07,14.0,96.69999694824219,42.720001220703125,12.699999809265137,7.519999980926514,435.9049987792969,661.2960205078125,18.6299991607666,9.079999923706055,11.880000114440918
2020-12-08,14.083333015441895,96.5,42.400001525878906,12.6899995803833,8.270000457763672,433.989990234375,658.1610107421875,18.559999465942383,9.079999923706055,12.119999885559082
2020-12-09,14.083333015441895,97.69999694824219,42.400001525878906,12.520000457763672,8.350000381469727,433.989990234375,661.2960205078125,18.540000915527344,9.140000343322754,12.039999961853027
2020-12-10,13.966666221618652,97.0,42.31999969482422,12.369999885559082,8.0,432.7139892578125,662.8629760742188,18.510000228881836,8.979999542236328,12.100000381469727
2020-12-11,13.966666221618652,97.0,42.31999969482422,12.369999885559082,7.849999904632568,432.7139892578125,662.8629760742188,18.540000915527344,8.979999542236328,12.199999809265137
2020-12-13,14.199999809265137,97.0999984741211,42.400001525878906,12.350000381469727,7.849999904632568,433.989990234375,661.2960205078125,18.540000915527344,8.920000076293945,12.199999809265137
2020-12-14,14.266666412353516,97.9000015258789,42.400001525878906,12.380000114440918,7.739999771118164,432.7139892578125,658.1610107421875,18.483999252319336,9.029999732971191,12.220000267028809
2020-12-15,14.199999809265137,99.19999694824219,42.31999969482422,12.3100004196167,7.809999942779541,434.6289978027344,659.72900390625,18.450000762939453,9.220000267028809,12.194999694824219
2020-12-16,14.166666030883789,101.4000015258789,42.31999969482422,12.170000076293945,7.800000190734863,433.35198974609375,656.593994140625,18.40999984741211,9.220000267028809,12.15999984741211
2020-12-17,13.816665649414062,101.0,42.560001373291016,12.0600004196167,7.960000038146973,436.5429992675781,674.6160278320312,18.489999771118164,9.15999984741211,12.208999633789062
2020-12-18,13.816665649414062,101.0,42.560001373291016,12.0600004196167,7.739999771118164,436.5429992675781,674.6160278320312,18.489999771118164,9.15999984741211,12.15999984741211
2020-12-20,13.800000190734863,101.80000305175781,42.880001068115234,12.229999542236328,7.739999771118164,436.5429992675781,669.1309814453125,18.489999771118164,9.119999885559082,12.15999984741211
2020-12-21,13.566665649414062,99.0,42.63999938964844,11.510000228881836,7.980000019073486,435.2669982910156,664.4299926757812,18.549999237060547,8.75,11.949999809265137
2020-12-22,13.699999809265137,101.0,42.63999938964844,11.600000381469727,7.940000057220459,432.07598876953125,660.5120239257812,18.540000915527344,8.949999809265137,11.920000076293945
2020-12-23,13.616665840148926,101.5999984741211,42.400001525878906,11.59000015258789,7.599999904632568,433.989990234375,663.64599609375,18.559999465942383,8.920000076293945,12.020000457763672
2020-12-24,13.816665649414062,101.19999694824219,42.15999984741211,11.640000343322754,7.590000152587891,433.35198974609375,663.64599609375,18.56999969482422,8.890000343322754,11.920000076293945
2020-12-27,13.766666412353516,102.0,42.400001525878906,11.489999771118164,7.590000152587891,432.07598876953125,660.5120239257812,18.56999969482422,8.84000015258789,11.920000076293945
2020-12-28,13.75,101.19999694824219,42.0,11.470000267028809,8.25,431.43701171875,658.9450073242188,18.6299991607666,8.90999984741211,11.859999656677246
2020-12-29,13.666666030883789,101.80000305175781,42.400001525878906,11.489999771118164,8.34000015258789,433.989990234375,662.0789794921875,18.482999801635742,9.15999984741211,11.770000457763672
2020-12-30,13.683333396911621,102.0,42.720001220703125,11.829999923706055,7.739999771118164,433.989990234375,660.5120239257812,18.5,9.829999923706055,11.819999694824219
2020-12-31,13.5,101.4000015258789,42.400001525878906,11.930000305175781,8.079999923706055,432.07598876953125,658.1610107421875,18.450000762939453,9.8100004196167,11.800000190734863
2021-01-03,13.333333015441895,100.5999984741211,42.400001525878906,11.899999618530273,8.079999923706055,432.07598876953125,658.1610107421875,18.450000762939453,9.819999694824219,11.800000190734863
2021-01-04,13.383333206176758,101.0,42.880001068115234,11.859999656677246,8.0,432.7139892578125,656.593994140625,18.649999618530273,9.699999809265137,11.970000267028809
2021-01-05,13.383333206176758,102.0,42.880001068115234,11.720000267028809,7.909999847412109,435.2669982910156,665.9970092773438,18.719999313354492,10.0,12.279999732971191
2021-01-06,13.383333206176758,103.5999984741211,42.79999923706055,11.8100004196167,7.900000095367432,433.35198974609375,662.8629760742188,18.6299991607666,10.229999542236328,12.329000473022461
2021-01-07,13.399999618530273,105.0,43.52000045776367,11.8100004196167,7.978000164031982,435.2669982910156,662.8629760742188,18.690000534057617,10.229999542236328,12.529999732971191
2021-01-08,13.399999618530273,105.0,43.52000045776367,11.8100004196167,7.75,435.2669982910156,662.8629760742188,19.111000061035156,10.229999542236328,12.65999984741211
2021-01-10,13.666666030883789,105.5999984741211,43.84000015258789,11.9399995803833,7.75,437.1809997558594,662.8629760742188,19.111000061035156,10.430000305175781,12.65999984741211
2021-01-11,13.716666221618652,106.0,44.400001525878906,12.09000015258789,7.75,442.2869873046875,669.1309814453125,19.110000610351562,10.5,12.729999542236328
2021-01-12,13.816665649414062,106.19999694824219,44.400001525878906,12.020000457763672,7.550000190734863,444.2019958496094,667.5640258789062,19.138999938964844,10.25,12.859999656677246
2021-01-13,14.050000190734863,106.0,44.0,11.949999809265137,7.96999979019165,444.8399963378906,665.9970092773438,19.25,10.319999694824219,12.880000114440918
2021-01-14,14.0,105.80000305175781,44.0,11.890000343322754,8.0,445.4779968261719,665.9970092773438,19.25,10.260000228881836,12.859999656677246
2021-01-15,14.0,105.80000305175781,44.0,11.890000343322754,8.050000190734863,445.4779968261719,665.9970092773438,19.110000610351562,10.260000228881836,12.65999984741211
2021-01-17,14.016666412353516,104.4000015258789,44.08000183105469,11.850000381469727,8.050000190734863,444.2019958496094,665.9970092773438,19.110000610351562,10.260000228881836,12.65999984741211
2021-01-18,14.0,104.4000015258789,46.47999954223633,11.789999961853027,8.050000190734863,444.8399963378906,668.3469848632812,19.110000610351562,10.430000305175781,12.65999984741211
2021-01-19,14.033332824707031,103.5999984741211,45.279998779296875,11.789999961853027,8.069999694824219,448.66900634765625,668.3469848632812,19.010000228881836,10.460000038146973,13.350000381469727
2021-01-20,14.033332824707031,103.80000305175781,44.63999938964844,11.789999961853027,8.1899995803833,449.3080139160156,670.697998046875,19.00200080871582,10.569999694824219,13.630000114440918
2021-01-21,14.016666412353516,103.80000305175781,44.560001373291016,11.649999618530273,7.840000152587891,448.66900634765625,669.9140014648438,19.0,10.4399995803833,13.333999633789062
2021-01-22,14.016666412353516,103.80000305175781,44.560001373291016,11.649999618530273,7.980000019073486,448.66900634765625,669.9140014648438,18.940000534057617,10.4399995803833,13.135000228881836
2021-01-24,14.050000190734863,102.5999984741211,44.08000183105469,11.640000343322754,7.980000019073486,449.9460144042969,673.8319702148438,18.940000534057617,10.300000190734863,13.135000228881836
2021-01-25,14.050000190734863,102.4000015258789,44.63999938964844,11.640000343322754,7.980000019073486,450.5840148925781,677.75,18.875,10.300000190734863,13.180000305175781
2021-01-26,14.0,101.5999984741211,44.63999938964844,11.640000343322754,7.630000114440918,449.9460144042969,676.9660034179688,18.797000885009766,10.359999656677246,13.020000457763672
2021-01-27,14.016666412353516,101.5999984741211,44.720001220703125,11.640000343322754,8.0,455.052001953125,684.801025390625,18.84000015258789,10.40999984741211,13.0
2021-01-28,14.033332824707031,102.5999984741211,45.279998779296875,11.640000343322754,7.995999813079834,456.3280029296875,684.0180053710938,18.8799991607666,10.40999984741211,13.130000114440918
2021-01-29,14.033332824707031,102.5999984741211,45.279998779296875,11.640000343322754,7.659999847412109,456.3280029296875,684.0180053710938,18.649999618530273,10.40999984741211,12.986000061035156
2021-01-31,13.666666030883789,100.80000305175781,45.119998931884766,11.65999984741211,7.659999847412109,460.7959899902344,684.0180053710938,18.649999618530273,10.170000076293945,12.986000061035156
2021-02-01,13.283332824707031,100.0,44.400001525878906,11.739999771118164,7.96999979019165,460.7959899902344,679.3170166015625,18.18000030517578,10.220000267028809,13.222000122070312
2021-02-02,13.5,98.69999694824219,44.63999938964844,11.8100004196167,7.78000020980835,462.0719909667969,676.9660034179688,18.56999969482422,10.289999961853027,13.484000205993652
2021-02-03,13.716666221618652,99.0,44.31999969482422,11.8100004196167,7.949999809265137,456.96600341796875,670.697998046875,18.559999465942383,10.210000038146973,13.390000343322754
2021-02-04,14.433333396911621,99.4000015258789,45.119998931884766,11.59000015258789,7.96999979019165,458.8810119628906,669.1309814453125,18.459999084472656,10.210000038146973,13.229999542236328
2021-02-05,14.433333396911621,99.4000015258789,45.119998931884766,11.59000015258789,7.949999809265137,458.8810119628906,669.1309814453125,18.600000381469727,10.210000038146973,13.229999542236328
2021-02-07,14.633333206176758,99.5999984741211,45.20000076293945,11.569999694824219,7.949999809265137,463.98699951171875,665.9970092773438,18.600000381469727,10.390000343322754,13.229999542236328
2021-02-08,15.966666221618652,101.19999694824219,44.880001068115234,11.460000038146973,7.989999771118164,462.7099914550781,659.72900390625,18.628999710083008,10.1899995803833,13.152999877929688
2021-02-09,15.649999618530273,101.5999984741211,45.7599983215332,11.520000457763672,7.989999771118164,461.4339904785156,658.1610107421875,18.73200035095215,10.199999809265137,13.100000381469727
2021-02-10,15.266666412353516,101.80000305175781,45.91999816894531,11.5600004196167,8.09000015258789,458.8810119628906,656.593994140625,18.600000381469727,10.270000457763672,13.145000457763672
2021-02-11,15.666666030883789,102.19999694824219,46.2400016784668,11.569999694824219,8.095999717712402,459.5190124511719,656.593994140625,18.600000381469727,10.149999618530273,13.15999984741211
2021-02-12,15.666666030883789,102.19999694824219,46.2400016784668,11.569999694824219,8.09000015258789,459.5190124511719,656.593994140625,18.75,10.149999618530273,13.114999771118164
2021-02-14,16.316665649414062,102.80000305175781,46.959999084472656,11.59000015258789,8.09000015258789,458.2430114746094,657.3779907226562,18.75,10.09000015258789,13.114999771118164
2021-02-15,16.0,102.5999984741211,48.0,11.550000190734863,8.09000015258789,459.5190124511719,658.1610107421875,18.75,9.949999809265137,13.114999771118164
2021-02-16,16.03333282470703,103.0,47.91999816894531,11.529999732971191,7.940000057220459,461.4339904785156,657.3779907226562,18.700000762939453,9.930000305175781,13.069999694824219
2021-02-17,16.700000762939453,102.19999694824219,46.880001068115234,11.479999542236328,8.0,460.1570129394531,659.72900390625,18.5,9.890000343322754,13.100000381469727
2021-02-18,16.866666793823242,102.0,46.15999984741211,11.479999542236328,8.0,459.5190124511719,651.8930053710938,18.395000457763672,9.619999885559082,12.930000305175781
2021-02-19,16.866666793823242,102.0,46.15999984741211,11.479999542236328,8.119999885559082,459.5190124511719,651.8930053710938,18.309999465942383,9.619999885559082,12.920000076293945
2021-02-21,17.133333206176758,103.0,46.47999954223633,11.479999542236328,8.119999885559082,459.5190124511719,654.2440185546875,18.309999465942383,9.59000015258789,12.920000076293945
2021-02-22,17.633333206176758,104.0,46.08000183105469,11.420000076293945,8.130000114440918,462.0719909667969,650.3259887695312,18.190000534057617,9.520000457763672,12.949999809265137
2021-02-23,17.833332061767578,105.0,46.880001068115234,11.420000076293945,8.199999809265137,461.4339904785156,646.4089965820312,18.170000076293945,9.4399995803833,13.010000228881836
2021-02-24,17.333332061767578,105.19999694824219,46.0,11.569999694824219,7.909999847412109,460.7959899902344,646.4089965820312,17.709999084472656,9.5600004196167,12.829999923706055
2021-02-25,17.133333206176758,106.5999984741211,47.52000045776367,11.75,7.949999809265137,460.7959899902344,646.4089965820312,17.959999084472656,9.529999732971191,12.795000076293945
2021-02-26,17.133333206176758,106.5999984741211,47.52000045776367,11.75,7.949999809265137,460.7959899902344,646.4089965820312,17.979999542236328,9.529999732971191,12.8100004196167
2021-02-28,17.333332061767578,103.4000015258789,46.959999084472656,11.640000343322754,7.949999809265137,460.7959899902344,646.4089965820312,17.979999542236328,9.399999618530273,12.8100004196167
2021-03-01,17.399999618530273,104.19999694824219,46.2400016784668,11.510000228881836,8.079999923706055,461.4339904785156,653.4600219726562,18.260000228881836,9.350000381469727,12.920000076293945
2021-03-02,17.333332061767578,104.80000305175781,46.959999084472656,11.449999809265137,7.940000057220459,463.3489990234375,655.0269775390625,18.083999633789062,9.479999542236328,13.010000228881836
2021-03-03,17.233333587646484,107.19999694824219,47.119998931884766,11.260000228881836,7.880000114440918,466.5400085449219,655.0269775390625,17.809999465942383,9.449999809265137,13.010000228881836
2021-03-04,17.0,106.19999694824219,45.84000015258789,11.220000267028809,7.888999938964844,463.98699951171875,652.677001953125,17.88599967956543,9.449999809265137,13.0
2021-03-05,17.0,106.19999694824219,45.84000015258789,11.220000267028809,7.630000114440918,463.98699951171875,652.677001953125,18.149999618530273,9.449999809265137,13.15999984741211
2021-03-07,17.133333206176758,108.19999694824219,46.2400016784668,11.470000267028809,7.630000114440918,468.4540100097656,658.1610107421875,18.149999618530273,9.5,13.15999984741211
2021-03-08,17.100000381469727,108.19999694824219,46.2400016784668,11.260000228881836,7.389999866485596,470.3689880371094,659.72900390625,17.920000076293945,9.529999732971191,12.970000267028809
2021-03-09,17.233333587646484,108.80000305175781,46.63999938964844,11.15999984741211,7.46999979019165,475.4750061035156,663.64599609375,18.06999969482422,9.470000267028809,12.970000267028809
2021-03-10,17.433332443237305,110.80000305175781,47.040000915527344,11.130000114440918,7.210000038146973,478.6659851074219,665.9970092773438,18.399999618530273,9.380000114440918,13.300000190734863
2021-03-11,17.233333587646484,109.80000305175781,47.439998626708984,11.09000015258789,7.559999942779541,478.6659851074219,665.9970092773438,18.53499984741211,9.390000343322754,13.199999809265137
2021-03-12,17.233333587646484,109.80000305175781,47.439998626708984,11.09000015258789,7.510000228881836,478.6659851074219,665.9970092773438,18.511999130249023,9.390000343322754,13.229999542236328
2021-03-14,17.366666793823242,110.4000015258789,47.279998779296875,11.0,7.510000228881836,478.6659851074219,673.8319702148438,18.511999130249023,9.319999694824219,13.229999542236328
2021-03-15,17.16666603088379,111.0,47.52000045776367,10.829999923706055,7.5,478.02801513671875,674.6160278320312,18.68000030517578,9.039999961853027,13.5
2021-03-16,17.066665649414062,111.4000015258789,47.599998474121094,10.789999961853027,7.349999904632568,476.7510070800781,678.5330200195312,18.700000762939453,9.029999732971191,13.470000267028809
2021-03-17,17.133333206176758,110.0,46.400001525878906,10.770000457763672,7.380000114440918,478.6659851074219,680.8839721679688,18.524999618530273,9.010000228881836,13.470000267028809
2021-03-18,17.233333587646484,109.4000015258789,45.84000015258789,10.720000267028809,7.494999885559082,483.13299560546875,684.0180053710938,18.469999313354492,9.0600004196167,13.279999732971191
2021-03-19,17.233333587646484,109.4000015258789,45.84000015258789,10.720000267028809,7.539999961853027,483.13299560546875,684.0180053710938,18.450000762939453,9.0600004196167,13.270000457763672
2021-03-21,17.53333282470703,108.19999694824219,45.7599983215332,10.470000267028809,7.539999961853027,485.6860046386719,679.3170166015625,18.450000762939453,8.989999771118164,13.270000457763672
2021-03-22,17.566665649414062,109.0,46.63999938964844,10.270000457763672,7.539999961853027,488.239013671875,679.3170166015625,18.43000030517578,8.850000381469727,13.3100004196167
2021-03-23,17.433332443237305,107.5999984741211,46.400001525878906,10.329999923706055,7.505000114440918,483.7720031738281,666.3889770507812,18.3799991607666,8.84000015258789,13.15999984741211
2021-03-24,17.366666793823242,108.0,46.63999938964844,10.819999694824219,7.570000171661377,482.4949951171875,663.9199829101562,18.479999542236328,9.149999618530273,13.135000228881836
2021-03-25,17.433332443237305,107.0,46.15999984741211,10.800000190734863,7.539999961853027,483.7720031738281,658.1610107421875,18.53499984741211,9.3100004196167,13.029999732971191
2021-03-26,17.433332443237305,107.0,46.15999984741211,10.800000190734863,7.150000095367432,483.7720031738281,658.1610107421875,18.739999771118164,9.3100004196167,13.239999771118164
2021-03-28,18.16666603088379,109.0,47.20000076293945,11.029999732971191,7.150000095367432,483.7720031738281,658.1610107421875,18.739999771118164,9.3100004196167,13.239999771118164
2021-03-29,18.833332061767578,111.19999694824219,48.0,11.100000381469727,7.349999904632568,483.13299560546875,652.4030151367188,18.65999984741211,9.1899995803833,13.329999923706055
2021-03-30,18.700000762939453,111.19999694824219,48.31999969482422,11.25,8.199999809265137,482.4949951171875,654.8709716796875,18.780000686645508,9.220000267028809,13.399999618530273
2021-03-31,19.0,117.4000015258789,50.720001220703125,11.119999885559082,8.170000076293945,490.15399169921875,663.9199829101562,18.809999465942383,9.020000457763672,13.399999618530273
2021-04-01,18.833332061767578,115.0,49.84000015258789,11.260000228881836,8.15999984741211,493.9830017089844,670.5020141601562,19.079999923706055,9.020000457763672,13.5
2021-04-04,19.066665649414062,117.5999984741211,50.880001068115234,11.119999885559082,8.15999984741211,497.81298828125,668.0339965820312,19.079999923706055,8.949999809265137,13.5
2021-04-05,19.433332443237305,116.80000305175781,50.31999969482422,10.979999542236328,7.880000114440918,496.5360107421875,667.2109985351562,18.878999710083008,9.130000114440918,13.494999885559082
2021-04-06,19.0,117.19999694824219,50.0,11.050000190734863,7.380000114440918,500.5570068359375,667.2109985351562,18.844999313354492,9.119999885559082,13.399999618530273
2021-04-07,19.0,117.19999694824219,50.0,11.140000343322754,7.269999980926514,504.0669860839844,668.0339965820312,18.94099998474121,9.020000457763672,13.420000076293945
2021-04-08,19.066665649414062,117.4000015258789,50.0,11.420000076293945,7.150000095367432,513.1939697265625,675.43798828125,18.94099998474121,9.029999732971191,13.399999618530273
2021-04-09,19.066665649414062,117.4000015258789,50.0,11.420000076293945,7.019999980926514,513.1939697265625,675.43798828125,18.969999313354492,9.029999732971191,13.25
2021-04-11,19.066665649414062,117.4000015258789,50.0,11.390000343322754,7.019999980926514,517.406005859375,684.4879760742188,18.969999313354492,9.079999923706055,13.25
2021-04-12,18.799999237060547,116.19999694824219,48.720001220703125,11.300000190734863,6.900000095367432,510.385986328125,681.197021484375,19.040000915527344,8.880000114440918,13.430000305175781
2021-04-13,18.433332443237305,117.0,47.91999816894531,11.130000114440918,7.130000114440918,501.2590026855469,677.083984375,19.1200008392334,8.229999542236328,13.470000267028809
2021-04-14,18.5,115.0,48.31999969482422,11.0600004196167,7.090000152587891,504.7690124511719,679.552001953125,19.18000030517578,7.659999847412109,13.385000228881836
2021-04-15,19.0,116.5999984741211,48.31999969482422,11.0600004196167,7.090000152587891,506.875,682.843017578125,19.524999618530273,7.639999866485596,13.489999771118164
2021-04-16,19.0,116.5999984741211,48.31999969482422,11.0600004196167,7.0,506.875,682.843017578125,19.450000762939453,7.639999866485596,13.486000061035156
2021-04-18,19.100000381469727,117.0,49.119998931884766,11.399999618530273,7.0,505.47100830078125,679.552001953125,19.450000762939453,7.690000057220459,13.486000061035156
2021-04-19,19.066665649414062,119.4000015258789,49.599998474121094,11.4399995803833,7.460000038146973,507.5769958496094,682.843017578125,19.459999084472656,7.769999980926514,13.460000038146973
2021-04-20,19.299999237060547,119.80000305175781,49.599998474121094,11.640000343322754,7.449999809265137,512.4920043945312,683.6649780273438,19.434999465942383,8.050000190734863,13.475000381469727
2021-04-21,19.16666603088379,119.4000015258789,49.68000030517578,11.710000038146973,7.5,512.4920043945312,681.197021484375,19.6299991607666,8.050000190734863,13.5
2021-04-22,19.466665267944336,119.80000305175781,50.15999984741211,11.729999542236328,7.599999904632568,511.7900085449219,681.197021484375,19.520000457763672,8.0,13.529999732971191
2021-04-23,19.466665267944336,119.80000305175781,50.15999984741211,11.729999542236328,7.610000133514404,511.7900085449219,681.197021484375,19.639999389648438,8.0,13.538999557495117
2021-04-25,19.866666793823242,119.4000015258789,50.63999938964844,11.789999961853027,7.610000133514404,507.5769958496094,680.3740234375,19.639999389648438,7.989999771118164,13.538999557495117
2021-04-26,19.5,120.0,50.79999923706055,11.069999694824219,7.820000171661377,511.7900085449219,682.02001953125,19.719999313354492,8.079999923706055,13.65999984741211
2021-04-27,19.0,120.0,50.47999954223633,10.90999984741211,8.050000190734863,511.7900085449219,682.02001953125,19.700000762939453,8.289999961853027,13.649999618530273
2021-04-28,19.333332061767578,127.80000305175781,51.040000915527344,10.819999694824219,8.149999618530273,511.7900085449219,681.197021484375,19.799999237060547,8.029999732971191,13.65999984741211
2021-04-29,19.100000381469727,124.0,50.79999923706055,10.819999694824219,8.359999656677246,507.5769958496094,677.083984375,19.639999389648438,8.029999732971191,13.619999885559082
2021-04-30,19.100000381469727,124.0,50.79999923706055,10.819999694824219,8.579999923706055,507.5769958496094,677.083984375,19.610000610351562,8.029999732971191,13.449999809265137
2021-05-02,18.700000762939453,122.19999694824219,50.31999969482422,10.819999694824219,8.579999923706055,511.0880126953125,680.3740234375,19.610000610351562,8.029999732971191,13.449999809265137
2021-05-04,18.633333206176758,122.0,49.7599983215332,10.770000457763672,8.640000343322754,509.6830139160156,681.197021484375,19.649999618530273,8.15999984741211,13.670000076293945
2021-05-05,18.333332061767578,120.5999984741211,49.20000076293945,10.729999542236328,8.789999961853027,509.6830139160156,680.3740234375,19.520000457763672,8.15999984741211,13.600000381469727
2021-05-06,18.366666793823242,121.0,48.31999969482422,10.800000190734863,8.729999542236328,510.385986328125,682.02001953125,19.566999435424805,8.210000038146973,13.6899995803833
2021-05-07,18.366666793823242,121.0,48.31999969482422,10.800000190734863,8.829999923706055,510.385986328125,682.02001953125,19.68000030517578,8.210000038146973,13.739999771118164
2021-05-09,18.366666793823242,119.80000305175781,48.400001525878906,10.75,8.829999923706055,511.7900085449219,681.197021484375,19.68000030517578,8.420000076293945,13.739999771118164
2021-05-10,18.53333282470703,122.80000305175781,48.560001373291016,10.789999961853027,8.789999961853027,511.0880126953125,682.02001953125,19.719999313354492,8.470000267028809,13.800000190734863
2021-05-11,18.53333282470703,122.80000305175781,48.560001373291016,11.220000267028809,8.59000015258789,511.7900085449219,684.4879760742188,19.719999313354492,8.479999542236328,13.710000038146973
2021-05-12,18.53333282470703,122.80000305175781,48.560001373291016,11.220000267028809,8.3100004196167,511.7900085449219,684.4879760742188,19.566999435424805,8.479999542236328,13.710000038146973
2021-05-13,18.53333282470703,122.80000305175781,48.560001373291016,11.220000267028809,8.829999923706055,511.7900085449219,684.4879760742188,19.459999084472656,8.479999542236328,13.640000343322754
2021-05-17,18.899999618530273,123.5999984741211,48.47999954223633,11.050000190734863,8.819999694824219,516.7039794921875,688.6010131835938,19.610000610351562,8.180000305175781,14.229999542236328
2021-05-18,19.399999618530273,123.80000305175781,48.400001525878906,11.470000267028809,8.739999771118164,519.5120239257812,690.2470092773438,19.43000030517578,8.710000038146973,14.319999694824219
2021-05-19,19.333332061767578,123.19999694824219,48.2400016784668,11.539999961853027,8.59000015258789,524.426025390625,687.7789916992188,19.43000030517578,8.75,14.25
2021-05-20,19.100000381469727,121.0,48.47999954223633,11.489999771118164,8.989999771118164,525.1279907226562,690.2470092773438,19.510000228881836,8.380000114440918,14.470000267028809
2021-05-21,19.100000381469727,121.0,48.47999954223633,11.489999771118164,8.710000038146973,525.1279907226562,690.2470092773438,19.5,8.380000114440918,14.489999771118164
2021-05-23,19.133333206176758,120.80000305175781,48.400001525878906,11.539999961853027,8.710000038146973,526.5330200195312,688.6010131835938,19.5,8.779999732971191,14.489999771118164
2021-05-24,18.799999237060547,120.80000305175781,48.15999984741211,11.520000457763672,8.729999542236328,523.02197265625,684.4879760742188,19.280000686645508,8.930000305175781,14.6899995803833
2021-05-25,18.966665267944336,121.4000015258789,48.79999923706055,11.260000228881836,9.0,524.426025390625,688.6010131835938,19.09000015258789,8.5600004196167,14.850000381469727
2021-05-26,19.0,122.19999694824219,49.040000915527344,11.239999771118164,8.850000381469727,523.7239990234375,684.4879760742188,19.329999923706055,8.359999656677246,14.869999885559082
2021-05-27,18.899999618530273,124.19999694824219,49.119998931884766,11.239999771118164,9.039999961853027,525.8309936523438,674.6160278320312,19.299999237060547,8.010000228881836,14.920000076293945
2021-05-28,18.899999618530273,124.19999694824219,49.119998931884766,11.239999771118164,8.800000190734863,525.8309936523438,674.6160278320312,19.354000091552734,8.010000228881836,14.859999656677246
2021-05-30,19.333332061767578,123.5999984741211,49.84000015258789,11.199999809265137,8.800000190734863,523.02197265625,682.843017578125,19.354000091552734,8.050000190734863,14.859999656677246
2021-05-31,19.66666603088379,124.19999694824219,49.84000015258789,11.40999984741211,8.800000190734863,523.02197265625,682.843017578125,19.354000091552734,8.0,14.859999656677246
2021-06-01,20.0,124.0,51.52000045776367,11.359999656677246,8.829999923706055,523.02197265625,684.4879760742188,19.326000213623047,7.940000057220459,14.920000076293945
2021-06-02,20.0,125.19999694824219,51.68000030517578,11.359999656677246,8.800000190734863,525.1279907226562,684.4879760742188,19.6200008392334,7.730000019073486,14.97599983215332
2021-06-03,20.066665649414062,126.0,53.91999816894531,11.579999923706055,9.0,525.1279907226562,684.4879760742188,19.399999618530273,7.610000133514404,14.8149995803833
2021-06-04,20.066665649414062,126.0,53.91999816894531,11.579999923706055,9.005000114440918,525.1279907226562,684.4879760742188,19.420000076293945,7.610000133514404,14.75
2021-06-06,20.03333282470703,125.19999694824219,53.20000076293945,11.460000038146973,9.005000114440918,523.7239990234375,685.3109741210938,19.420000076293945,7.849999904632568,14.75
2021-06-07,19.833332061767578,126.0,52.79999923706055,11.920000076293945,8.880000114440918,524.426025390625,686.1329956054688,19.405000686645508,7.849999904632568,14.920000076293945
2021-06-08,19.66666603088379,125.5999984741211,53.84000015258789,13.1899995803833,8.920000076293945,525.1279907226562,690.2470092773438,19.350000381469727,7.679999828338623,14.979999542236328
2021-06-09,19.299999237060547,125.0,54.0,12.890000343322754,8.960000038146973,525.1279907226562,690.2470092773438,19.270000457763672,7.860000133514404,14.760000228881836
2021-06-10,19.03333282470703,124.5999984741211,53.7599983215332,12.760000228881836,8.880000114440918,526.5330200195312,690.2470092773438,18.934999465942383,7.960000038146973,14.390000343322754
2021-06-11,19.03333282470703,124.5999984741211,53.7599983215332,12.760000228881836,8.850000381469727,526.5330200195312,690.2470092773438,19.03700065612793,7.960000038146973,14.520000457763672
2021-06-13,19.399999618530273,125.0,55.68000030517578,12.539999961853027,8.850000381469727,526.5330200195312,691.0700073242188,19.03700065612793,7.820000171661377,14.520000457763672
2021-06-14,19.433332443237305,124.5999984741211,54.79999923706055,12.569999694824219,8.989999771118164,531.447021484375,693.5380249023438,19.128000259399414,7.739999771118164,14.510000228881836
2021-06-15,19.16666603088379,123.19999694824219,53.52000045776367,12.569999694824219,9.050000190734863,534.9569702148438,694.3599853515625,19.024999618530273,7.699999809265137,14.5
2021-06-16,19.266666412353516,123.0,52.880001068115234,12.680000305175781,9.079999923706055,539.8709716796875,692.7150268554688,18.899999618530273,7.849999904632568,14.3100004196167
2021-06-17,19.233333587646484,122.19999694824219,52.15999984741211,12.649999618530273,8.9399995803833,541.97802734375,693.5380249023438,18.84000015258789,7.820000171661377,14.260000228881836
2021-06-18,19.233333587646484,122.19999694824219,52.15999984741211,12.649999618530273,9.140000343322754,541.97802734375,693.5380249023438,18.7189998626709,7.820000171661377,14.289999961853027
2021-06-20,18.833332061767578,120.0,52.959999084472656,12.770000457763672,9.140000343322754,544.083984375,693.5380249023438,18.7189998626709,7.860000133514404,14.289999961853027
2021-06-21,18.933332443237305,121.19999694824219,53.439998626708984,12.899999618530273,8.899999618530273,545.4879760742188,694.3599853515625,18.739999771118164,8.300000190734863,14.1899995803833
2021-06-22,18.833332061767578,122.0,53.119998931884766,13.199999809265137,9.0,545.4879760742188,696.8280029296875,19.260000228881836,8.489999771118164,14.229999542236328
2021-06-23,18.933332443237305,121.0,52.15999984741211,13.199999809265137,9.100000381469727,544.7860107421875,699.2969970703125,19.059999465942383,8.539999961853027,14.229999542236328
2021-06-24,18.933332443237305,120.80000305175781,52.400001525878906,13.270000457763672,9.130000114440918,544.083984375,706.7009887695312,19.100000381469727,8.470000267028809,14.270000457763672
2021-06-25,18.933332443237305,120.80000305175781,52.400001525878906,13.270000457763672,9.15999984741211,544.083984375,706.7009887695312,19.014999389648438,8.470000267028809,14.239999771118164
2021-06-27,18.933332443237305,120.80000305175781,52.400001525878906,13.470000267028809,9.15999984741211,544.7860107421875,705.8779907226562,19.014999389648438,8.4399995803833,14.239999771118164
2021-06-28,19.966665267944336,121.19999694824219,52.0,13.670000076293945,9.300000190734863,543.3820190429688,709.1690063476562,18.780000686645508,8.630000114440918,14.177000045776367
2021-06-29,20.766666412353516,121.80000305175781,52.720001220703125,13.3100004196167,9.399999618530273,541.97802734375,714.10498046875,19.049999237060547,8.489999771118164,14.170000076293945
2021-06-30,21.066665649414062,121.80000305175781,52.63999938964844,13.449999809265137,9.300000190734863,532.8510131835938,698.4739990234375,18.920000076293945,8.479999542236328,14.130000114440918
2021-07-01,21.333332061767578,121.4000015258789,52.47999954223633,13.449999809265137,9.399999618530273,534.2550048828125,705.0560302734375,18.989999771118164,8.479999542236328,14.180000305175781
2021-07-02,21.333332061767578,121.4000015258789,52.47999954223633,13.449999809265137,9.399999618530273,534.2550048828125,705.0560302734375,18.989999771118164,8.479999542236328,14.270000457763672
2021-07-04,21.233333587646484,121.80000305175781,52.63999938964844,13.479999542236328,9.399999618530273,536.3610229492188,708.3460083007812,18.989999771118164,8.550000190734863,14.270000457763672
2021-07-05,21.433332443237305,120.5999984741211,51.68000030517578,13.4399995803833,9.399999618530273,533.552978515625,705.8779907226562,18.989999771118164,8.40999984741211,14.270000457763672
2021-07-06,21.899999618530273,119.5999984741211,51.20000076293945,13.130000114440918,9.0600004196167,530.7449951171875,700.1190185546875,18.979999542236328,8.140000343322754,14.0
2021-07-07,21.899999618530273,119.0,51.52000045776367,13.319999694824219,8.90999984741211,530.0430297851562,705.0560302734375,19.1299991607666,8.199999809265137,14.050000190734863
2021-07-08,21.899999618530273,117.0,51.52000045776367,13.149999618530273,9.359999656677246,530.7449951171875,700.1190185546875,19.15999984741211,8.069999694824219,13.920000076293945
2021-07-09,21.899999618530273,117.0,51.52000045776367,13.149999618530273,9.109999656677246,530.7449951171875,700.1190185546875,19.25,8.069999694824219,14.079999923706055
2021-07-11,21.366666793823242,116.80000305175781,50.720001220703125,13.100000381469727,9.109999656677246,529.3410034179688,705.0560302734375,19.25,8.020000457763672,14.079999923706055
2021-07-12,21.16666603088379,117.80000305175781,51.119998931884766,13.460000038146973,9.199999809265137,529.3410034179688,705.0560302734375,19.149999618530273,8.149999618530273,14.079999923706055
2021-07-13,21.5,117.0,51.599998474121094,13.6899995803833,9.399999618530273,527.93701171875,705.0560302734375,19.06999969482422,8.270000457763672,13.989999771118164
2021-07-14,21.66666603088379,118.19999694824219,50.880001068115234,13.90999984741211,9.210000038146973,530.0430297851562,703.4099731445312,19.059999465942383,8.5,14.010000228881836
2021-07-15,21.399999618530273,119.0,50.47999954223633,13.84000015258789,9.550000190734863,535.6589965820312,703.4099731445312,19.010000228881836,8.489999771118164,14.001999855041504
2021-07-16,21.399999618530273,119.0,50.47999954223633,13.84000015258789,9.5,535.6589965820312,703.4099731445312,19.010000228881836,8.489999771118164,13.984999656677246
2021-07-18,21.399999618530273,119.0,50.47999954223633,13.90999984741211,9.5,535.6589965820312,703.4099731445312,19.010000228881836,8.5,13.984999656677246
2021-07-19,21.399999618530273,119.0,50.47999954223633,13.90999984741211,9.1899995803833,535.6589965820312,703.4099731445312,18.75,8.5,13.789999961853027
2021-07-25,22.5,119.80000305175781,50.47999954223633,13.819999694824219,9.390000343322754,540.572998046875,713.2830200195312,18.860000610351562,8.760000228881836,13.880000114440918
2021-07-26,22.833332061767578,120.0,50.79999923706055,13.760000228881836,9.350000381469727,542.6799926757812,731.3820190429688,18.8799991607666,8.720000267028809,14.0
2021-07-27,23.0,120.4000015258789,51.7599983215332,14.180000305175781,9.430000305175781,543.3820190429688,730.5590209960938,18.709999084472656,8.859999656677246,14.029999732971191
2021-07-28,22.866666793823242,120.4000015258789,51.84000015258789,14.010000228881836,9.270000457763672,545.4879760742188,730.5590209960938,18.71500015258789,8.880000114440918,14.140000343322754
2021-07-29,23.299999237060547,121.0,53.599998474121094,14.09000015258789,9.069999694824219,551.10400390625,735.4959716796875,18.795000076293945,8.819999694824219,14.09000015258789
2021-07-30,23.299999237060547,121.0,53.599998474121094,14.09000015258789,9.079999923706055,551.10400390625,735.4959716796875,18.889999389648438,8.819999694824219,14.140000343322754
2021-08-01,23.03333282470703,121.4000015258789,54.2400016784668,14.0,9.079999923706055,553.2100219726562,732.2050170898438,18.889999389648438,8.800000190734863,14.140000343322754
2021-08-02,22.933332443237305,122.4000015258789,54.63999938964844,13.890000343322754,9.510000228881836,553.2100219726562,728.0910034179688,19.0,8.739999771118164,14.319999694824219
2021-08-03,23.266666412353516,123.19999694824219,54.560001373291016,13.989999771118164,9.510000228881836,551.8060302734375,729.7369995117188,19.010000228881836,8.600000381469727,14.289999961853027
2021-08-04,23.299999237060547,124.19999694824219,54.63999938964844,14.25,9.149999618530273,548.2960205078125,730.5590209960938,18.979000091552734,8.579999923706055,14.229999542236328
2021-08-05,22.700000762939453,125.19999694824219,55.119998931884766,14.479999542236328,9.079999923706055,551.10400390625,733.0269775390625,19.1299991607666,8.600000381469727,14.34000015258789
2021-08-06,22.700000762939453,125.19999694824219,55.119998931884766,14.479999542236328,9.4399995803833,551.10400390625,733.0269775390625,19.09000015258789,8.600000381469727,14.319999694824219
2021-08-08,23.266666412353516,124.5999984741211,54.31999969482422,14.479999542236328,9.4399995803833,551.10400390625,733.0269775390625,19.09000015258789,8.600000381469727,14.319999694824219
2021-08-09,23.733333587646484,121.80000305175781,54.79999923706055,14.479999542236328,9.329999923706055,551.10400390625,733.0269775390625,19.059999465942383,8.600000381469727,14.420000076293945
2021-08-10,23.966665267944336,123.19999694824219,54.880001068115234,15.069999694824219,9.34000015258789,553.2100219726562,733.8499755859375,19.25,8.84000015258789,14.454999923706055
2021-08-11,24.799999237060547,122.80000305175781,54.47999954223633,15.039999961853027,9.539999961853027,553.2100219726562,732.2050170898438,19.40999984741211,8.739999771118164,14.4399995803833
2021-08-12,24.466665267944336,122.80000305175781,54.47999954223633,15.039999961853027,9.390000343322754,552.5079956054688,733.0269775390625,19.469999313354492,8.739999771118164,14.4399995803833
2021-08-13,24.466665267944336,122.80000305175781,54.47999954223633,15.039999961853027,9.390000343322754,552.5079956054688,733.0269775390625,19.469999313354492,8.739999771118164,14.442000389099121
2021-08-15,24.799999237060547,123.5999984741211,54.15999984741211,14.869999885559082,9.390000343322754,553.2100219726562,732.2050170898438,19.469999313354492,8.699999809265137,14.442000389099121
2021-08-16,24.66666603088379,123.0,54.15999984741211,14.880000114440918,9.210000038146973,551.10400390625,733.0269775390625,19.459999084472656,8.770000457763672,14.510000228881836
2021-08-17,24.66666603088379,125.0,55.20000076293945,15.0,9.300000190734863,554.614013671875,735.4959716796875,19.614999771118164,8.699999809265137,14.729999542236328
2021-08-18,24.133333206176758,123.80000305175781,54.0,14.979999542236328,9.289999961853027,560.9329833984375,740.4320068359375,19.809999465942383,8.699999809265137,14.59000015258789
2021-08-19,23.266666412353516,121.5999984741211,52.47999954223633,14.829999923706055,9.210000038146973,565.14501953125,737.1409912109375,19.71299934387207,8.670000076293945,14.430000305175781
2021-08-20,23.266666412353516,121.5999984741211,52.47999954223633,14.829999923706055,9.100000381469727,565.14501953125,737.1409912109375,19.520000457763672,8.670000076293945,14.569999694824219
2021-08-22,22.966665267944336,121.0,52.720001220703125,14.529999732971191,9.100000381469727,561.635009765625,739.6090087890625,19.520000457763672,8.579999923706055,14.569999694824219
2021-08-23,22.333332061767578,120.19999694824219,51.439998626708984,14.40999984741211,9.260000228881836,563.0390014648438,742.9000244140625,19.790000915527344,8.600000381469727,14.829999923706055
2021-08-24,23.233333587646484,120.80000305175781,52.2400016784668,14.520000457763672,9.350000381469727,565.8469848632812,751.9500122070312,19.905000686645508,8.489999771118164,14.840999603271484
2021-08-25,23.333332061767578,121.0,52.2400016784668,14.539999961853027,9.399999618530273,572.1649780273438,768.4039916992188,19.690000534057617,8.5600004196167,14.869999885559082
2021-08-26,22.933332443237305,120.4000015258789,52.0,14.579999923706055,9.5,574.9739990234375,772.5170288085938,19.700000762939453,8.619999885559082,14.760000228881836
2021-08-27,22.933332443237305,120.4000015258789,52.0,14.579999923706055,9.470000267028809,574.9739990234375,772.5170288085938,19.739999771118164,8.619999885559082,14.774999618530273
2021-08-29,23.333332061767578,121.0,51.52000045776367,14.640000343322754,9.470000267028809,579.8880004882812,772.5170288085938,19.739999771118164,8.75,14.774999618530273
2021-08-30,23.66666603088379,122.0,52.47999954223633,14.739999771118164,9.479999542236328,581.9940185546875,773.3400268554688,19.690000534057617,8.779999732971191,14.710000038146973
2021-08-31,24.266666412353516,123.0,54.0,14.729999542236328,9.470000267028809,579.8880004882812,770.0490112304688,19.719999313354492,8.6899995803833,14.90999984741211
2021-09-01,24.133333206176758,122.4000015258789,53.52000045776367,14.899999618530273,9.3100004196167,578.4840087890625,772.5170288085938,19.639999389648438,8.6899995803833,14.920000076293945
2021-09-02,24.366666793823242,122.19999694824219,52.959999084472656,14.979999542236328,9.479999542236328,578.4840087890625,773.3400268554688,19.55500030517578,8.75,14.890000343322754
2021-09-03,24.366666793823242,122.19999694824219,52.959999084472656,14.979999542236328,9.229999542236328,578.4840087890625,773.3400268554688,19.68000030517578,8.75,14.890000343322754
2021-09-05,24.433332443237305,122.4000015258789,53.84000015258789,14.609999656677246,9.229999542236328,578.4840087890625,771.6939697265625,19.68000030517578,8.5600004196167,14.890000343322754
2021-09-06,24.466665267944336,122.80000305175781,54.400001525878906,14.449999809265137,9.229999542236328,577.0800170898438,771.6939697265625,19.68000030517578,8.399999618530273,14.890000343322754
2021-09-07,25.266666412353516,123.19999694824219,53.7599983215332,14.550000190734863,8.8100004196167,577.781982421875,771.6939697265625,19.69499969482422,8.3100004196167,14.9399995803833
2021-09-08,26.0,124.0,53.91999816894531,14.479999542236328,9.149999618530273,575.676025390625,770.0490112304688,19.63800048828125,8.279999732971191,15.015000343322754
2021-09-09,25.933332443237305,123.80000305175781,54.15999984741211,14.300000190734863,9.09000015258789,579.1859741210938,771.6939697265625,19.719999313354492,8.119999885559082,15.220000267028809
2021-09-10,25.933332443237305,123.80000305175781,54.15999984741211,14.300000190734863,8.880000114440918,579.1859741210938,771.6939697265625,19.700000762939453,8.119999885559082,15.199999809265137
2021-09-12,26.299999237060547,122.4000015258789,53.36000061035156,14.34000015258789,8.880000114440918,577.781982421875,772.5170288085938,19.700000762939453,8.180000305175781,15.199999809265137
2021-09-13,26.100000381469727,123.4000015258789,54.0,14.40999984741211,9.055000305175781,579.8880004882812,772.5170288085938,19.75,8.270000457763672,14.987000465393066
2021-09-14,26.03333282470703,122.5999984741211,53.7599983215332,14.600000381469727,9.069999694824219,579.8880004882812,779.0989990234375,19.81100082397461,8.800000190734863,15.0
2021-09-15,26.0,125.0,53.599998474121094,14.529999732971191,9.199999809265137,580.5900268554688,777.4530029296875,19.81100082397461,8.8100004196167,15.0600004196167
2021-09-16,26.333332061767578,123.80000305175781,53.040000915527344,14.75,9.039999961853027,582.6959838867188,789.7940063476562,19.770000457763672,8.649999618530273,15.211999893188477
2021-09-17,26.333332061767578,123.80000305175781,53.040000915527344,14.75,8.829999923706055,582.6959838867188,789.7940063476562,19.739999771118164,8.649999618530273,15.126999855041504
2021-09-19,26.53333282470703,125.0,52.63999938964844,14.65999984741211,8.829999923706055,580.5900268554688,788.9710083007812,19.739999771118164,8.520000457763672,15.126999855041504
2021-09-20,26.53333282470703,123.4000015258789,52.720001220703125,14.489999771118164,8.800000190734863,578.4840087890625,793.906982421875,19.670000076293945,8.40999984741211,14.914999961853027
2021-09-21,26.433332443237305,123.19999694824219,52.400001525878906,14.489999771118164,8.510000228881836,578.4840087890625,787.3259887695312,19.700000762939453,8.40999984741211,14.8100004196167
2021-09-22,26.0,122.19999694824219,52.2400016784668,14.350000381469727,8.600000381469727,577.781982421875,784.0349731445312,19.899999618530273,8.319999694824219,14.869999885559082
2021-09-23,26.0,122.19999694824219,52.2400016784668,14.300000190734863,8.5,579.1859741210938,789.7940063476562,19.885000228881836,8.3100004196167,14.949999809265137
2021-09-24,26.0,122.19999694824219,52.2400016784668,14.300000190734863,8.5,579.1859741210938,789.7940063476562,19.8700008392334,8.3100004196167,14.9399995803833
2021-09-26,26.366666793823242,125.19999694824219,51.599998474121094,14.300000190734863,8.5,579.1859741210938,788.1480102539062,19.8700008392334,8.180000305175781,14.9399995803833
2021-09-27,26.66666603088379,128.0,50.63999938964844,14.010000228881836,8.680000305175781,578.4840087890625,786.5029907226562,20.040000915527344,8.039999961853027,14.859999656677246
2021-09-28,26.633333206176758,128.8000030517578,49.84000015258789,14.3100004196167,8.359999656677246,577.781982421875,786.5029907226562,20.09000015258789,8.039999961853027,14.770000457763672
2021-09-29,27.5,127.0,49.52000045776367,14.069999694824219,8.350000381469727,579.1859741210938,785.6799926757812,20.170000076293945,8.039999961853027,14.819999694824219
2021-09-30,27.933332443237305,127.4000015258789,50.79999923706055,14.140000343322754,8.369999885559082,577.0800170898438,784.0349731445312,20.253000259399414,8.170000076293945,14.84000015258789
2021-10-01,27.933332443237305,127.4000015258789,50.79999923706055,14.140000343322754,8.149999618530273,577.0800170898438,784.0349731445312,20.280000686645508,8.170000076293945,14.84000015258789
2021-10-03,28.5,125.80000305175781,49.119998931884766,13.710000038146973,8.149999618530273,577.0800170898438,786.5029907226562,20.280000686645508,8.0,14.84000015258789
2021-10-04,27.366666793823242,124.5999984741211,48.0,13.710000038146973,8.649999618530273,576.3779907226562,787.3259887695312,20.440000534057617,8.0,14.699999809265137
2021-10-05,27.566665649414062,126.0,46.959999084472656,13.710000038146973,8.600000381469727,576.3779907226562,787.3259887695312,20.559999465942383,8.0600004196167,14.75
2021-10-06,27.399999618530273,125.19999694824219,48.08000183105469,13.25,8.600000381469727,574.9739990234375,785.6799926757812,20.670000076293945,7.909999847412109,14.53499984741211
2021-10-07,27.466665267944336,126.19999694824219,48.47999954223633,13.25,8.494999885559082,575.676025390625,784.0349731445312,20.709999084472656,7.909999847412109,14.706000328063965
2021-10-08,27.466665267944336,126.19999694824219,48.47999954223633,13.25,8.664999961853027,575.676025390625,784.0349731445312,20.649999618530273,7.909999847412109,14.725000381469727
2021-10-10,27.633333206176758,127.80000305175781,47.84000015258789,13.170000076293945,8.664999961853027,573.5700073242188,781.5670166015625,20.649999618530273,7.860000133514404,14.725000381469727
2021-10-11,27.633333206176758,127.80000305175781,47.84000015258789,13.3100004196167,8.614999771118164,573.5700073242188,781.5670166015625,20.68600082397461,8.010000228881836,14.550000190734863
2021-10-12,28.200000762939453,128.60000610351562,47.20000076293945,13.449999809265137,8.420000076293945,567.2509765625,779.9210205078125,20.617000579833984,8.300000190734863,14.586999893188477
2021-10-13,29.233333587646484,132.1999969482422,47.040000915527344,13.489999771118164,8.65999984741211,565.8469848632812,780.7440185546875,20.690000534057617,8.260000228881836,14.595000267028809
2021-10-14,29.600000381469727,133.60000610351562,47.040000915527344,13.680000305175781,8.329999923706055,566.5490112304688,779.0989990234375,20.729999542236328,8.130000114440918,14.682999610900879
2021-10-15,29.600000381469727,133.60000610351562,47.040000915527344,13.680000305175781,8.3100004196167,566.5490112304688,779.0989990234375,20.860000610351562,8.130000114440918,14.649999618530273
2021-10-17,29.566665649414062,134.39999389648438,47.040000915527344,13.510000228881836,8.3100004196167,570.0590209960938,779.9210205078125,20.860000610351562,8.329999923706055,14.649999618530273
2021-10-18,29.53333282470703,132.39999389648438,47.040000915527344,13.510000228881836,8.359999656677246,573.5700073242188,779.9210205078125,20.950000762939453,8.329999923706055,14.859999656677246
2021-10-19,29.566665649414062,131.0,46.959999084472656,13.699999809265137,8.3100004196167,577.781982421875,779.9210205078125,20.780000686645508,8.609999656677246,14.645000457763672
2021-10-20,29.53333282470703,133.60000610351562,47.439998626708984,13.739999771118164,8.319999694824219,577.781982421875,784.8579711914062,20.93000030517578,8.460000038146973,14.90999984741211
2021-10-21,29.566665649414062,134.1999969482422,47.279998779296875,13.739999771118164,8.489999771118164,577.781982421875,784.8579711914062,20.900999069213867,8.460000038146973,14.779999732971191
2021-10-22,29.566665649414062,134.1999969482422,47.279998779296875,13.739999771118164,8.5,577.781982421875,784.8579711914062,20.922000885009766,8.460000038146973,14.758999824523926
2021-10-24,28.966665267944336,134.8000030517578,47.7599983215332,13.880000114440918,8.5,579.1859741210938,784.0349731445312,20.922000885009766,8.539999961853027,14.758999824523926
2021-10-25,27.866666793823242,135.1999969482422,47.68000030517578,13.710000038146973,8.399999618530273,579.8880004882812,785.6799926757812,20.922000885009766,8.510000228881836,14.979999542236328
2021-10-26,28.100000381469727,134.60000610351562,46.880001068115234,13.84000015258789,8.449999809265137,577.781982421875,786.5029907226562,20.729999542236328,8.5600004196167,14.970000267028809
2021-10-27,28.233333587646484,133.0,46.79999923706055,13.600000381469727,8.380000114440918,579.1859741210938,793.906982421875,20.799999237060547,8.569999694824219,14.741000175476074
2021-10-28,27.200000762939453,129.0,46.79999923706055,13.569999694824219,8.520000457763672,584.0999755859375,814.4749755859375,20.920000076293945,8.600000381469727,14.779000282287598
2021-10-29,27.200000762939453,129.0,46.79999923706055,13.569999694824219,8.520000457763672,584.0999755859375,814.4749755859375,20.700000762939453,8.600000381469727,14.800000190734863
2021-10-31,26.233333587646484,126.80000305175781,46.08000183105469,13.399999618530273,8.520000457763672,586.9080200195312,814.4749755859375,20.700000762939453,8.579999923706055,14.800000190734863
2021-11-01,26.866666793823242,127.80000305175781,46.0,13.6899995803833,8.600000381469727,591.1209716796875,811.1840209960938,20.780000686645508,8.600000381469727,15.029999732971191
2021-11-02,27.200000762939453,127.80000305175781,46.47999954223633,13.9399995803833,8.5,595.3330078125,812.0070190429688,20.809999465942383,8.739999771118164,15.293999671936035
2021-11-03,26.633333206176758,126.80000305175781,45.91999816894531,13.899999618530273,8.40999984741211,592.5250244140625,813.6519775390625,20.90999984741211,8.5,15.449999809265137
2021-11-04,26.333332061767578,127.19999694824219,46.400001525878906,13.84000015258789,8.350000381469727,591.822998046875,819.4110107421875,20.922000885009766,8.34000015258789,15.720000267028809
2021-11-05,26.333332061767578,127.19999694824219,46.400001525878906,13.84000015258789,8.359999656677246,591.822998046875,819.4110107421875,21.09000015258789,8.34000015258789,15.800000190734863
2021-11-07,25.799999237060547,129.39999389648438,46.560001373291016,13.84000015258789,8.359999656677246,592.5250244140625,830.9290161132812,21.09000015258789,8.34000015258789,15.800000190734863
2021-11-08,25.5,128.39999389648438,46.400001525878906,13.84000015258789,8.350000381469727,590.4190063476562,839.156005859375,21.09000015258789,8.34000015258789,15.899999618530273
2021-11-09,26.333332061767578,127.5999984741211,46.0,13.84000015258789,8.399999618530273,591.822998046875,839.156005859375,21.149999618530273,8.34000015258789,15.878999710083008
2021-11-10,26.16666603088379,128.1999969482422,46.0,13.829999923706055,8.5,594.6309814453125,855.6099853515625,21.08300018310547,8.199999809265137,15.887999534606934
2021-11-11,25.700000762939453,128.39999389648438,46.08000183105469,14.40999984741211,8.420000076293945,594.6309814453125,863.8369750976562,21.209999084472656,8.369999885559082,16.024999618530273
2021-11-12,25.700000762939453,128.39999389648438,46.08000183105469,14.40999984741211,8.40999984741211,594.6309814453125,863.8369750976562,21.270000457763672,8.369999885559082,16.1200008392334
2021-11-14,26.133333206176758,129.0,46.400001525878906,14.600000381469727,8.40999984741211,590.4190063476562,848.2059936523438,21.270000457763672,8.359999656677246,16.1200008392334
2021-11-15,26.5,128.39999389648438,46.15999984741211,14.289999961853027,8.479999542236328,589.0139770507812,847.3829956054688,21.309999465942383,8.300000190734863,16.30500030517578
2021-11-16,26.600000381469727,128.60000610351562,46.400001525878906,14.210000038146973,8.319999694824219,592.5250244140625,853.1420288085938,21.1299991607666,8.199999809265137,16.709999084472656
2021-11-17,26.399999618530273,127.4000015258789,46.400001525878906,14.449999809265137,8.420000076293945,591.822998046875,853.9650268554688,21.09000015258789,8.220000267028809,16.6200008392334
2021-11-18,26.399999618530273,127.4000015258789,46.400001525878906,14.5,8.09000015258789,593.9290161132812,852.3189697265625,21.170000076293945,8.199999809265137,16.690000534057617
2021-11-19,26.399999618530273,127.4000015258789,46.400001525878906,14.5,8.050000190734863,593.9290161132812,852.3189697265625,21.149999618530273,8.199999809265137,16.621999740600586
2021-11-21,25.53333282470703,122.19999694824219,45.439998626708984,14.350000381469727,8.050000190734863,593.2269897460938,853.9650268554688,21.149999618530273,8.0,16.621999740600586
2021-11-22,24.700000762939453,120.0,45.52000045776367,14.350000381469727,8.170000076293945,591.1209716796875,843.27001953125,20.75,8.100000381469727,16.479999542236328
2021-11-23,25.799999237060547,119.5999984741211,45.279998779296875,14.520000457763672,8.170000076293945,586.9080200195312,839.156005859375,20.90999984741211,8.220000267028809,16.600000381469727
2021-11-24,25.933332443237305,120.0,45.599998474121094,14.5,8.010000228881836,586.2059936523438,837.510986328125,20.829999923706055,8.359999656677246,16.610000610351562
2021-11-25,25.0,119.4000015258789,45.20000076293945,14.600000381469727,8.010000228881836,585.5040283203125,836.68798828125,20.829999923706055,8.5600004196167,16.610000610351562
2021-11-26,25.0,119.4000015258789,45.20000076293945,14.600000381469727,8.234999656677246,585.5040283203125,836.68798828125,20.219999313354492,8.5600004196167,16.399999618530273
2021-11-28,25.0,119.4000015258789,45.20000076293945,14.600000381469727,8.234999656677246,585.5040283203125,836.68798828125,20.219999313354492,8.5600004196167,16.399999618530273
2021-11-29,23.733333587646484,111.19999694824219,44.400001525878906,14.5600004196167,8.109999656677246,574.9739990234375,821.0570068359375,20.18400001525879,8.300000190734863,16.25
2021-11-30,23.833332061767578,108.19999694824219,44.400001525878906,14.359999656677246,7.880000114440918,556.0180053710938,809.5390014648438,20.319000244140625,8.300000190734863,16.579999923706055
2021-12-01,23.933332443237305,109.19999694824219,44.720001220703125,14.789999961853027,8.020000457763672,568.655029296875,820.2340087890625,20.610000610351562,8.300000190734863,16.520000457763672
2021-12-02,24.5,108.4000015258789,44.720001220703125,14.850000381469727,8.100000381469727,568.655029296875,821.8790283203125,20.600000381469727,8.449999809265137,16.68000030517578
2021-12-03,24.5,108.4000015258789,44.720001220703125,14.850000381469727,8.0600004196167,568.655029296875,821.8790283203125,20.469999313354492,8.449999809265137,16.450000762939453
2021-12-05,24.866666793823242,111.4000015258789,46.47999954223633,14.880000114440918,8.0600004196167,572.1649780273438,822.7020263671875,20.469999313354492,8.5,16.450000762939453
2021-12-06,24.100000381469727,110.4000015258789,44.0,15.069999694824219,7.989999771118164,582.6959838867188,814.4749755859375,20.579999923706055,8.699999809265137,17.600000381469727
2021-12-07,24.03333282470703,111.5999984741211,44.0,15.220000267028809,7.940000057220459,591.822998046875,814.4749755859375,20.684999465942383,8.739999771118164,17.639999389648438
2021-12-08,24.0,109.80000305175781,44.79999923706055,15.569999694824219,7.980000019073486,588.31201171875,809.5390014648438,20.472999572753906,8.960000038146973,17.489999771118164
2021-12-09,23.5,108.4000015258789,44.0,15.859999656677246,7.860000133514404,586.2059936523438,814.4749755859375,20.459999084472656,9.15999984741211,17.21500015258789
2021-12-10,23.5,108.4000015258789,44.0,15.859999656677246,8.010000228881836,586.2059936523438,814.4749755859375,20.459999084472656,9.15999984741211,17.299999237060547
2021-12-12,24.100000381469727,109.5999984741211,42.79999923706055,15.989999771118164,8.010000228881836,585.5040283203125,811.1840209960938,20.459999084472656,9.329999923706055,17.299999237060547
2021-12-13,24.466665267944336,111.19999694824219,43.84000015258789,15.90999984741211,7.949999809265137,584.0999755859375,812.0070190429688,20.274999618530273,9.359999656677246,17.139999389648438
2021-12-14,24.53333282470703,112.19999694824219,43.599998474121094,15.90999984741211,7.849999904632568,589.7169799804688,813.6519775390625,20.481000900268555,9.359999656677246,17.23900032043457
2021-12-15,25.333332061767578,114.4000015258789,43.84000015258789,15.979999542236328,7.860000133514404,580.5900268554688,802.1339721679688,20.424999237060547,9.600000381469727,17.06999969482422
2021-12-16,25.566665649414062,116.80000305175781,44.31999969482422,16.25,7.809999942779541,579.8880004882812,798.02099609375,20.43000030517578,9.600000381469727,17.270000457763672
2021-12-17,25.566665649414062,116.80000305175781,44.31999969482422,16.25,7.900000095367432,579.8880004882812,798.02099609375,20.239999771118164,9.600000381469727,17.170000076293945
2021-12-19,25.266666412353516,113.80000305175781,44.08000183105469,15.9399995803833,7.900000095367432,578.4840087890625,788.9710083007812,20.239999771118164,9.5,17.170000076293945
2021-12-20,25.299999237060547,114.80000305175781,44.79999923706055,15.9399995803833,7.809999942779541,585.5040283203125,793.906982421875,20.399999618530273,9.489999771118164,16.309999465942383
2021-12-21,25.733333587646484,116.0,44.959999084472656,16.0,7.760000228881836,588.31201171875,806.2479858398438,20.520000457763672,9.359999656677246,16.40999984741211
2021-12-22,25.333332061767578,114.0,44.47999954223633,16.540000915527344,7.809999942779541,589.0139770507812,816.9429931640625,20.43000030517578,9.569999694824219,16.1299991607666
2021-12-23,25.299999237060547,115.5999984741211,44.720001220703125,16.8700008392334,7.739999771118164,589.0139770507812,821.8790283203125,20.43000030517578,9.800000190734863,16.139999389648438
2021-12-26,25.53333282470703,114.5999984741211,44.15999984741211,16.690000534057617,7.739999771118164,588.31201171875,814.4749755859375,20.43000030517578,9.90999984741211,16.139999389648438
2021-12-27,25.66666603088379,115.0,43.91999816894531,16.520000457763672,7.650000095367432,586.2059936523438,819.4110107421875,20.5,9.699999809265137,16.5
2021-12-28,26.266666412353516,117.0,44.63999938964844,16.760000228881836,7.550000190734863,585.5040283203125,822.7020263671875,20.469999313354492,9.670000076293945,16.15999984741211
2021-12-29,25.899999618530273,115.0,44.15999984741211,16.760000228881836,7.860000133514404,585.5040283203125,821.0570068359375,20.540000915527344,9.789999961853027,16.219999313354492
2021-12-30,26.16666603088379,116.0,44.959999084472656,16.770000457763672,8.170000076293945,584.0999755859375,820.2340087890625,20.59000015258789,9.829999923706055,16.260000228881836
2021-12-31,26.16666603088379,116.0,44.959999084472656,16.770000457763672,8.100000381469727,584.0999755859375,820.2340087890625,20.59000015258789,9.829999923706055,16.15999984741211
2022-01-02,26.266666412353516,116.5999984741211,44.560001373291016,16.780000686645508,8.100000381469727,584.0999755859375,820.2340087890625,20.59000015258789,9.710000038146973,16.15999984741211
2022-01-03,26.133333206176758,116.80000305175781,44.959999084472656,16.75,8.020000457763672,585.5040283203125,822.7020263671875,20.18000030517578,9.699999809265137,16.489999771118164
2022-01-04,26.333332061767578,117.4000015258789,44.79999923706055,16.90999984741211,8.119999885559082,587.6099853515625,828.4609985351562,20.350000381469727,9.680000305175781,16.25
2022-01-05,26.366666793823242,119.0,45.119998931884766,17.100000381469727,7.889999866485596,589.0139770507812,839.156005859375,20.690000534057617,9.9399995803833,16.219999313354492
2022-01-06,26.700000762939453,118.0,44.959999084472656,17.100000381469727,7.710000038146973,586.9080200195312,834.219970703125,20.78499984741211,9.9399995803833,16.190000534057617
2022-01-07,26.700000762939453,118.0,44.959999084472656,17.100000381469727,7.800000190734863,586.9080200195312,834.219970703125,20.78499984741211,9.9399995803833,16.31999969482422
2022-01-09,27.333332061767578,118.80000305175781,44.79999923706055,17.100000381469727,7.800000190734863,591.1209716796875,841.6240234375,20.78499984741211,9.9399995803833,16.31999969482422
2022-01-10,28.299999237060547,119.0,44.63999938964844,17.020000457763672,7.940000057220459,593.9290161132812,845.7379760742188,20.899999618530273,9.880000114440918,16.3700008392334
2022-01-11,28.633333206176758,120.19999694824219,44.560001373291016,17.020000457763672,7.900000095367432,607.969970703125,849.0280151367188,20.972000122070312,9.789999961853027,16.229999542236328
2022-01-12,29.399999618530273,121.0,44.720001220703125,17.5,7.909999847412109,613.5859985351562,851.4970092773438,21.35700035095215,9.600000381469727,16.166000366210938
2022-01-13,29.833332061767578,122.0,45.040000915527344,17.299999237060547,7.949999809265137,631.1370239257812,865.4829711914062,21.399999618530273,9.600000381469727,16.290000915527344
2022-01-14,29.833332061767578,122.0,45.040000915527344,17.299999237060547,7.900000095367432,631.1370239257812,865.4829711914062,21.437999725341797,9.600000381469727,16.402999877929688
2022-01-16,30.833332061767578,123.4000015258789,45.599998474121094,16.899999618530273,7.900000095367432,635.3489990234375,857.2550048828125,21.437999725341797,9.489999771118164,16.402999877929688
2022-01-17,30.333332061767578,123.80000305175781,46.400001525878906,16.8700008392334,7.900000095367432,641.6680297851562,862.1920166015625,21.437999725341797,9.449999809265137,16.402999877929688
2022-01-18,29.53333282470703,124.4000015258789,48.0,16.899999618530273,7.849999904632568,638.8599853515625,857.2550048828125,21.829999923706055,9.449999809265137,16.270000457763672
2022-01-19,30.733333587646484,126.5999984741211,48.400001525878906,16.709999084472656,7.849999904632568,637.4559936523438,859.7239990234375,21.964000701904297,9.350000381469727,16.5
2022-01-20,31.233333587646484,126.4000015258789,48.79999923706055,16.610000610351562,7.900000095367432,638.8599853515625,858.9010009765625,21.86199951171875,9.260000228881836,16.6200008392334
2022-01-21,31.233333587646484,126.4000015258789,48.79999923706055,16.610000610351562,7.900000095367432,638.8599853515625,858.9010009765625,21.79199981689453,9.260000228881836,16.68199920654297
2022-01-23,30.366666793823242,125.0,47.84000015258789,16.350000381469727,7.900000095367432,636.051025390625,857.2550048828125,21.79199981689453,9.079999923706055,16.68199920654297
2022-01-24,30.299999237060547,125.0,47.52000045776367,16.5,7.940000057220459,633.9450073242188,855.6099853515625,21.652999877929688,9.100000381469727,16.326000213623047
2022-01-25,30.333332061767578,124.0,48.0,16.450000762939453,7.800000190734863,633.2429809570312,862.1920166015625,21.88599967956543,9.050000190734863,16.538999557495117
2022-01-26,30.333332061767578,124.0,48.0,16.229999542236328,7.800000190734863,631.8389892578125,853.9650268554688,21.768999099731445,9.029999732971191,16.65999984741211
2022-01-27,30.333332061767578,124.0,48.0,16.229999542236328,7.960000038146973,635.3489990234375,858.0780029296875,21.80500030517578,9.029999732971191,16.729999542236328
2022-01-28,30.333332061767578,124.0,48.0,16.229999542236328,7.820000171661377,635.3489990234375,858.0780029296875,21.92099952697754,9.029999732971191,16.805999755859375
2022-01-30,30.66666603088379,125.19999694824219,47.439998626708984,16.299999237060547,7.820000171661377,638.1580200195312,853.1420288085938,21.92099952697754,9.050000190734863,16.805999755859375
2022-01-31,30.633333206176758,124.5999984741211,46.959999084472656,16.8700008392334,7.71999979019165,636.051025390625,852.3189697265625,22.190000534057617,9.1899995803833,16.719999313354492
2022-02-01,30.700000762939453,124.0,46.880001068115234,16.899999618530273,7.769999980926514,637.4559936523438,858.0780029296875,22.25,9.300000190734863,16.670000076293945
2022-02-02,30.866666793823242,123.4000015258789,46.31999969482422,16.989999771118164,7.650000095367432,638.1580200195312,856.4329833984375,22.26799964904785,9.34000015258789,16.559999465942383
2022-02-03,30.66666603088379,121.4000015258789,46.63999938964844,16.8799991607666,7.659999847412109,637.4559936523438,855.6099853515625,22.469999313354492,9.390000343322754,16.479999542236328
2022-02-04,30.66666603088379,121.4000015258789,46.63999938964844,16.8799991607666,7.829999923706055,637.4559936523438,855.6099853515625,22.46500015258789,9.390000343322754,16.520000457763672
2022-02-06,31.03333282470703,121.4000015258789,46.400001525878906,16.850000381469727,7.829999923706055,637.4559936523438,855.6099853515625,22.46500015258789,9.600000381469727,16.520000457763672
2022-02-07,31.233333587646484,121.0,46.400001525878906,16.989999771118164,7.889999866485596,636.7529907226562,856.4329833984375,22.389999389648438,9.380000114440918,16.530000686645508
2022-02-08,30.966665267944336,121.5999984741211,46.560001373291016,17.149999618530273,7.71999979019165,637.4559936523438,858.0780029296875,22.354999542236328,9.399999618530273,16.600000381469727
2022-02-09,31.333332061767578,121.4000015258789,46.47999954223633,17.639999389648438,7.760000228881836,634.64697265625,850.6740112304688,22.540000915527344,9.350000381469727,16.809999465942383
2022-02-10,31.333332061767578,122.0,46.63999938964844,17.520000457763672,7.519999980926514,634.64697265625,850.6740112304688,22.559999465942383,8.829999923706055,16.899999618530273
2022-02-11,31.333332061767578,122.0,46.63999938964844,17.520000457763672,7.760000228881836,634.64697265625,850.6740112304688,23.260000228881836,8.829999923706055,17.040000915527344
2022-02-13,30.833332061767578,119.19999694824219,46.08000183105469,17.219999313354492,7.760000228881836,631.8389892578125,846.5599975585938,23.260000228881836,8.600000381469727,17.040000915527344
2022-02-14,31.16666603088379,120.5999984741211,46.47999954223633,17.25,7.989999771118164,633.9450073242188,849.0280151367188,22.540000915527344,8.550000190734863,17.0
2022-02-15,31.133333206176758,121.0,46.31999969482422,17.549999237060547,8.0,636.051025390625,849.8510131835938,22.700000762939453,8.670000076293945,17.0
2022-02-16,31.899999618530273,122.4000015258789,47.439998626708984,17.799999237060547,7.829999923706055,636.051025390625,849.8510131835938,22.649999618530273,8.510000228881836,17.459999084472656
2022-02-17,33.0,121.19999694824219,46.63999938964844,17.8799991607666,7.5,655.0070190429688,870.4190063476562,22.545000076293945,8.520000457763672,16.96500015258789
2022-02-18,33.0,121.19999694824219,46.63999938964844,17.8799991607666,7.619999885559082,655.0070190429688,870.4190063476562,22.649999618530273,8.520000457763672,17.040000915527344
2022-02-20,31.966665267944336,119.19999694824219,46.15999984741211,17.760000228881836,7.619999885559082,652.9000244140625,857.2550048828125,22.649999618530273,8.399999618530273,17.040000915527344
2022-02-21,32.70000076293945,121.0,46.400001525878906,17.799999237060547,7.619999885559082,657.1129760742188,864.6599731445312,22.649999618530273,8.460000038146973,17.040000915527344
2022-02-22,32.70000076293945,121.0,46.400001525878906,17.649999618530273,7.349999904632568,657.1129760742188,863.8369750976562,22.600000381469727,8.34000015258789,16.889999389648438
2022-02-23,32.599998474121094,122.0,45.439998626708984,17.610000610351562,7.630000114440918,659.9210205078125,864.6599731445312,22.469999313354492,8.399999618530273,16.959999084472656
2022-02-24,33.233333587646484,120.4000015258789,44.560001373291016,17.360000610351562,7.730000019073486,662.72900390625,867.9509887695312,22.420000076293945,8.0,16.809999465942383
2022-02-25,33.233333587646484,120.4000015258789,44.560001373291016,17.360000610351562,7.739999771118164,662.72900390625,867.9509887695312,22.475000381469727,8.0,17.190000534057617
2022-02-27,34.79999923706055,121.80000305175781,45.36000061035156,17.3700008392334,7.739999771118164,662.72900390625,867.9509887695312,22.475000381469727,8.199999809265137,17.190000534057617
2022-02-28,35.599998474121094,124.5999984741211,45.599998474121094,17.68000030517578,7.760000228881836,662.72900390625,867.9509887695312,22.969999313354492,8.300000190734863,17.540000915527344
2022-03-02,37.133331298828125,133.8000030517578,45.68000030517578,18.940000534057617,7.559999942779541,691.5130004882812,891.8090209960938,24.1299991607666,8.260000228881836,18.43000030517578
2022-03-03,39.599998474121094,135.0,45.040000915527344,19.360000610351562,7.400000095367432,697.8309936523438,907.4400024414062,23.92300033569336,8.220000267028809,18.3799991607666
2022-03-04,39.599998474121094,135.0,45.040000915527344,19.360000610351562,7.449999809265137,697.8309936523438,907.4400024414062,23.989999771118164,8.220000267028809,18.229999542236328
2022-03-06,40.733333587646484,136.8000030517578,44.63999938964844,18.59000015258789,7.449999809265137,698.5330200195312,904.9719848632812,23.989999771118164,8.050000190734863,18.229999542236328
2022-03-07,43.33333206176758,139.0,44.47999954223633,18.260000228881836,7.425000190734863,701.3419799804688,914.844970703125,24.100000381469727,7.789999961853027,18.170000076293945
2022-03-08,42.666664123535156,138.0,44.63999938964844,18.260000228881836,7.539999961853027,702.0440063476562,934.5900268554688,24.315000534057617,7.789999961853027,18.280000686645508
2022-03-09,41.33333206176758,134.1999969482422,44.560001373291016,17.100000381469727,7.369999885559082,702.0440063476562,938.7030029296875,23.920000076293945,7.679999828338623,18.34000015258789
2022-03-10,40.599998474121094,132.0,44.47999954223633,17.34000015258789,7.150000095367432,702.0440063476562,932.9439697265625,23.84000015258789,7.699999809265137,18.200000762939453
2022-03-11,40.599998474121094,132.0,44.47999954223633,17.34000015258789,7.255000114440918,702.0440063476562,932.9439697265625,23.760000228881836,7.699999809265137,18.139999389648438
2022-03-13,40.86666488647461,131.1999969482422,44.47999954223633,16.90999984741211,7.255000114440918,702.7459716796875,930.4760131835938,23.760000228881836,7.53000020980835,18.139999389648438
2022-03-14,39.733333587646484,129.1999969482422,44.0,16.940000534057617,7.440000057220459,701.3419799804688,920.60400390625,23.600000381469727,7.579999923706055,18.100000381469727
2022-03-15,37.0,126.4000015258789,43.84000015258789,16.6299991607666,6.909999847412109,698.5330200195312,914.844970703125,23.3700008392334,7.489999771118164,18.02400016784668
2022-03-16,40.666664123535156,128.8000030517578,44.63999938964844,17.170000076293945,7.099999904632568,695.0230102539062,933.7670288085938,23.75,7.670000076293945,18.739999771118164
2022-03-17,41.20000076293945,127.4000015258789,43.7599983215332,17.170000076293945,7.054999828338623,696.427001953125,921.426025390625,24.049999237060547,7.739999771118164,18.329999923706055
2022-03-18,41.20000076293945,127.4000015258789,43.7599983215332,17.170000076293945,7.260000228881836,696.427001953125,921.426025390625,23.8799991607666,7.739999771118164,18.229999542236328
2022-03-20,43.20000076293945,128.39999389648438,43.52000045776367,17.260000228881836,7.260000228881836,693.6190185546875,928.8309936523438,23.8799991607666,7.78000020980835,18.229999542236328
2022-03-21,42.33333206176758,128.0,43.7599983215332,17.260000228881836,7.349999904632568,693.6190185546875,927.1849975585938,23.860000610351562,8.5,18.25
2022-03-22,43.79999923706055,129.8000030517578,42.959999084472656,17.030000686645508,7.349999904632568,702.0440063476562,929.6530151367188,23.719999313354492,8.319999694824219,18.350000381469727
2022-03-23,44.599998474121094,129.60000610351562,43.279998779296875,17.270000457763672,7.230000019073486,708.3619995117188,937.8800048828125,23.940000534057617,8.539999961853027,18.440000534057617
2022-03-24,44.599998474121094,129.8000030517578,43.279998779296875,17.299999237060547,7.230000019073486,720.2969970703125,946.1069946289062,24.18000030517578,8.380000114440918,18.739999771118164
2022-03-25,44.599998474121094,129.8000030517578,43.279998779296875,17.299999237060547,7.210000038146973,720.2969970703125,946.1069946289062,24.31999969482422,8.380000114440918,18.729999542236328
2022-03-27,44.599998474121094,130.8000030517578,43.599998474121094,17.329999923706055,7.210000038146973,736.4439697265625,950.2210083007812,24.31999969482422,8.479999542236328,18.729999542236328
2022-03-28,44.46666717529297,131.60000610351562,43.68000030517578,17.0,7.25,742.7620239257812,950.2210083007812,24.299999237060547,7.900000095367432,18.809999465942383
2022-03-29,45.266666412353516,131.0,43.439998626708984,17.299999237060547,7.949999809265137,745.5700073242188,945.0380249023438,24.280000686645508,8.010000228881836,18.920000076293945
2022-03-30,44.599998474121094,130.0,43.20000076293945,17.40999984741211,7.820000171661377,750.4849853515625,946.7659912109375,24.100000381469727,8.0,19.06999969482422
2022-03-31,44.666664123535156,131.0,43.119998931884766,17.489999771118164,7.860000133514404,751.8889770507812,949.3569946289062,24.030000686645508,8.260000228881836,19.0
2022-04-01,44.666664123535156,131.0,43.119998931884766,17.489999771118164,7.820000171661377,751.8889770507812,949.3569946289062,24.059999465942383,8.260000228881836,19.027999877929688
2022-04-03,44.93333435058594,131.0,43.20000076293945,17.459999084472656,7.820000171661377,755.3989868164062,937.2630004882812,24.059999465942383,8.59000015258789,19.027999877929688
2022-04-04,44.93333435058594,131.0,43.20000076293945,17.18000030517578,7.860000133514404,754.697021484375,926.0330200195312,24.40999984741211,8.699999809265137,19.360000610351562
2022-04-05,49.06666564941406,132.1999969482422,43.279998779296875,17.15999984741211,7.699999809265137,771.4760131835938,915.6669921875,24.18000030517578,8.399999618530273,19.21500015258789
2022-04-06,47.733333587646484,133.0,45.279998779296875,17.1200008392334,7.599999904632568,790.781982421875,914.8040161132812,24.40999984741211,8.289999961853027,19.1200008392334
2022-04-07,49.06666564941406,134.39999389648438,46.400001525878906,16.899999618530273,7.659999847412109,777.6539916992188,911.3480224609375,24.9950008392334,8.25,19.200000762939453
2022-04-08,49.06666564941406,134.39999389648438,46.400001525878906,16.899999618530273,7.5,777.6539916992188,911.3480224609375,24.959999084472656,8.25,19.225000381469727
2022-04-10,49.20000076293945,135.60000610351562,45.84000015258789,16.899999618530273,7.5,760.6640014648438,907.0289916992188,24.959999084472656,7.940000057220459,19.225000381469727
2022-04-11,49.53333282470703,132.39999389648438,46.08000183105469,16.709999084472656,7.789999961853027,766.0700073242188,907.8930053710938,25.649999618530273,7.71999979019165,19.350000381469727
2022-04-12,49.33333206176758,129.39999389648438,46.15999984741211,16.799999237060547,7.429999828338623,764.5250244140625,913.0759887695312,24.920000076293945,7.599999904632568,19.19099998474121
2022-04-13,46.666664123535156,129.1999969482422,45.599998474121094,16.510000228881836,7.800000190734863,764.5250244140625,914.8040161132812,25.139999389648438,7.599999904632568,19.139999389648438
2022-04-14,46.93333435058594,129.0,45.439998626708984,15.65999984741211,7.820000171661377,768.3870239257812,907.8930053710938,24.822999954223633,7.510000228881836,18.871000289916992
2022-04-17,46.20000076293945,129.60000610351562,45.91999816894531,15.75,7.820000171661377,763.7529907226562,899.2540283203125,24.822999954223633,7.349999904632568,18.871000289916992
2022-04-18,46.33333206176758,128.60000610351562,46.0,15.899999618530273,7.789999961853027,753.7139892578125,897.5269775390625,24.59000015258789,7.380000114440918,18.959999084472656
2022-04-19,45.400001525878906,126.5999984741211,45.36000061035156,16.299999237060547,7.75,760.6640014648438,900.1179809570312,24.540000915527344,7.429999828338623,18.989999771118164
2022-04-20,47.33333206176758,125.0,45.20000076293945,15.260000228881836,7.920000076293945,760.6640014648438,894.9349975585938,24.3700008392334,7.340000152587891,19.020000457763672
2022-04-21,45.666664123535156,125.5999984741211,45.599998474121094,15.90999984741211,7.809999942779541,756.802978515625,900.9819946289062,24.209999084472656,7.480000019073486,18.690000534057617
2022-04-22,45.666664123535156,125.5999984741211,45.599998474121094,15.90999984741211,7.880000114440918,756.802978515625,900.9819946289062,24.440000534057617,7.480000019073486,18.920000076293945
2022-04-24,44.0,125.19999694824219,44.880001068115234,15.90999984741211,7.880000114440918,753.7139892578125,905.301025390625,24.440000534057617,7.480000019073486,18.920000076293945
2022-04-25,44.0,121.0,44.880001068115234,15.90999984741211,7.639999866485596,762.208984375,911.3480224609375,24.079999923706055,7.480000019073486,18.93000030517578
2022-04-26,45.0,125.19999694824219,44.79999923706055,15.829999923706055,7.889999866485596,764.5250244140625,913.9400024414062,24.030000686645508,7.449999809265137,18.600000381469727
2022-04-27,46.0,129.0,45.36000061035156,15.979999542236328,7.840000152587891,759.8920288085938,912.2119750976562,23.889999389648438,7.46999979019165,18.719999313354492
2022-04-28,46.0,131.0,46.400001525878906,16.31999969482422,7.65500020980835,760.6640014648438,908.7570190429688,23.799999237060547,7.829999923706055,18.81999969482422
2022-04-29,46.0,131.0,46.400001525878906,16.31999969482422,7.570000171661377,760.6640014648438,908.7570190429688,24.15999984741211,7.829999923706055,18.81999969482422
2022-05-02,46.0,131.0,46.400001525878906,16.31999969482422,7.539999961853027,760.6640014648438,908.7570190429688,23.899999618530273,7.829999923706055,18.84000015258789
2022-05-03,46.0,131.0,46.400001525878906,16.31999969482422,7.579999923706055,760.6640014648438,908.7570190429688,23.90999984741211,7.829999923706055,18.719999313354492
2022-05-08,45.0,128.0,46.2400016784668,16.0,7.289999961853027,764.5250244140625,921.7139892578125,23.6299991607666,8.210000038146973,18.760000228881836
2022-05-09,44.06666564941406,126.80000305175781,47.68000030517578,16.059999465942383,7.5,760.6640014648438,922.5780029296875,23.690000534057617,7.920000076293945,18.360000610351562
2022-05-10,41.400001525878906,126.19999694824219,45.84000015258789,15.869999885559082,7.349999904632568,756.031005859375,913.9400024414062,23.780000686645508,7.860000133514404,18.110000610351562
2022-05-11,41.33333206176758,123.0,45.36000061035156,16.200000762939453,7.800000190734863,737.4970092773438,907.0289916992188,23.6200008392334,8.020000457763672,17.559999465942383
2022-05-12,39.400001525878906,121.0,44.0,16.049999237060547,7.590000152587891,714.3289794921875,889.7520141601562,23.440000534057617,7.809999942779541,16.6299991607666
2022-05-13,39.400001525878906,121.0,44.0,16.049999237060547,7.769999980926514,714.3289794921875,889.7520141601562,23.510000228881836,7.809999942779541,17.299999237060547
2022-05-15,41.266666412353516,123.0,44.400001525878906,16.06999969482422,7.769999980926514,714.3289794921875,889.7520141601562,23.510000228881836,7.599999904632568,17.299999237060547
2022-05-16,40.33333206176758,120.0,43.439998626708984,16.100000381469727,7.849999904632568,695.0230102539062,858.6539916992188,22.40999984741211,7.53000020980835,17.18000030517578
2022-05-17,39.666664123535156,120.80000305175781,42.959999084472656,16.209999084472656,7.849999904632568,695.7949829101562,864.7009887695312,22.8700008392334,7.46999979019165,17.649999618530273
2022-05-18,39.666664123535156,120.80000305175781,42.959999084472656,16.399999618530273,7.650000095367432,710.468017578125,885.4329833984375,22.889999389648438,7.360000133514404,17.350000381469727
2022-05-19,37.33333206176758,119.4000015258789,42.0,16.25,7.989999771118164,695.0230102539062,881.114013671875,22.829999923706055,7.340000152587891,17.270000457763672
2022-05-20,37.33333206176758,119.4000015258789,42.0,16.25,7.659999847412109,695.0230102539062,881.114013671875,22.799999237060547,7.340000152587891,17.079999923706055
2022-05-22,37.53333282470703,119.0,42.2400016784668,16.219999313354492,7.659999847412109,692.7059936523438,885.4329833984375,22.799999237060547,7.309999942779541,17.079999923706055
2022-05-23,37.666664123535156,115.0,41.7599983215332,16.200000762939453,7.800000190734863,678.0339965820312,868.156005859375,22.799999237060547,7.28000020980835,16.729999542236328
2022-05-24,39.133331298828125,112.4000015258789,41.439998626708984,16.149999618530273,7.730000019073486,654.093994140625,859.5180053710938,22.770000457763672,7.210000038146973,16.280000686645508
2022-05-25,41.20000076293945,113.0,41.7599983215332,15.960000038146973,7.735000133514404,650.2329711914062,869.02001953125,22.8700008392334,7.170000076293945,16.790000915527344
2022-05-26,41.0,112.4000015258789,41.599998474121094,15.539999961853027,7.800000190734863,664.1329956054688,869.02001953125,22.850000381469727,7.059999942779541,16.850000381469727
2022-05-27,41.0,112.4000015258789,41.599998474121094,15.539999961853027,7.800000190734863,664.1329956054688,869.02001953125,22.93000030517578,7.059999942779541,16.950000762939453
2022-05-29,40.666664123535156,114.0,41.84000015258789,15.40999984741211,7.800000190734863,681.89501953125,878.52197265625,22.93000030517578,7.03000020980835,16.950000762939453
2022-05-30,40.06666564941406,114.19999694824219,41.52000045776367,15.5,7.800000190734863,693.47900390625,885.4329833984375,22.93000030517578,7.090000152587891,16.950000762939453
2022-05-31,43.400001525878906,114.5999984741211,41.119998931884766,15.100000381469727,7.579999923706055,694.2509765625,896.6630249023438,22.729999542236328,7.25,17.350000381469727
2022-06-01,41.266666412353516,113.5999984741211,41.279998779296875,15.0600004196167,7.800000190734863,687.301025390625,890.6160278320312,22.479999542236328,7.130000114440918,17.149999618530273
2022-06-02,39.33333206176758,112.19999694824219,41.040000915527344,14.949999809265137,7.574999809265137,678.0339965820312,888.8880004882812,22.75,7.159999847412109,17.280000686645508
2022-06-03,39.33333206176758,112.19999694824219,41.040000915527344,14.949999809265137,7.639999866485596,678.0339965820312,888.8880004882812,22.770000457763672,7.159999847412109,17.15999984741211
2022-06-05,41.0,111.5999984741211,40.720001220703125,14.949999809265137,7.639999866485596,667.9940185546875,886.2969970703125,22.770000457763672,7.159999847412109,17.15999984741211
2022-06-06,42.06666564941406,115.4000015258789,40.720001220703125,15.130000114440918,7.599999904632568,669.5390014648438,887.1610107421875,22.469999313354492,7.199999809265137,16.979999542236328
2022-06-07,40.86666488647461,113.5999984741211,40.63999938964844,15.140000343322754,7.840000152587891,663.3610229492188,888.0250244140625,22.850000381469727,7.159999847412109,17.190000534057617
2022-06-08,40.733333587646484,112.80000305175781,40.2400016784668,15.420000076293945,7.800000190734863,657.9550170898438,891.47998046875,22.540000915527344,7.309999942779541,16.8700008392334
2022-06-09,40.666664123535156,113.0,40.15999984741211,15.390000343322754,7.840000152587891,660.27197265625,888.8880004882812,21.850000381469727,7.309999942779541,16.149999618530273
2022-06-10,40.666664123535156,113.0,40.15999984741211,15.390000343322754,7.739999771118164,660.27197265625,888.8880004882812,21.760000228881836,7.309999942779541,16.239999771118164
2022-06-12,38.86666488647461,110.5999984741211,42.79999923706055,15.359999656677246,7.739999771118164,640.1929931640625,876.7949829101562,21.760000228881836,7.349999904632568,16.239999771118164
2022-06-13,37.33333206176758,108.4000015258789,41.20000076293945,15.199999809265137,7.599999904632568,638.6489868164062,875.9310302734375,21.350000381469727,7.300000190734863,15.850000381469727
2022-06-14,38.666664123535156,107.5999984741211,40.79999923706055,15.199999809265137,7.539999961853027,634.7880249023438,887.1610107421875,21.520000457763672,7.260000228881836,16.139999389648438
2022-06-15,38.400001525878906,107.0,41.439998626708984,15.119999885559082,7.5,637.8770141601562,884.5689697265625,21.559999465942383,7.230000019073486,16.270000457763672
2022-06-16,36.79999923706055,103.19999694824219,40.720001220703125,15.199999809265137,7.5,640.9660034179688,894.0709838867188,21.149999618530273,7.210000038146973,15.949999809265137
2022-06-17,36.79999923706055,103.19999694824219,40.720001220703125,15.199999809265137,7.5,640.9660034179688,894.0709838867188,21.14699935913086,7.210000038146973,15.859999656677246
2022-06-19,34.86666488647461,101.0,39.720001220703125,15.079999923706055,7.5,618.5709838867188,876.7949829101562,21.14699935913086,7.099999904632568,15.859999656677246
2022-06-20,35.53333282470703,102.19999694824219,39.68000030517578,14.9399995803833,7.5,616.2540283203125,888.0250244140625,21.14699935913086,7.010000228881836,15.859999656677246
2022-06-21,36.666664123535156,104.5999984741211,39.79999923706055,14.5,7.289999961853027,627.8380126953125,890.6160278320312,20.489999771118164,7.0,15.970000267028809
2022-06-22,34.0,101.5999984741211,38.439998626708984,14.460000038146973,7.25,623.9760131835938,894.0709838867188,20.280000686645508,6.960000038146973,15.760000228881836
2022-06-23,33.33333206176758,100.4000015258789,38.79999923706055,14.1899995803833,7.400000095367432,628.6099853515625,890.6160278320312,20.170000076293945,6.800000190734863,15.279999732971191
2022-06-24,33.33333206176758,100.4000015258789,38.79999923706055,14.1899995803833,7.800000190734863,628.6099853515625,890.6160278320312,20.520000457763672,6.800000190734863,15.40999984741211
2022-06-26,34.266666412353516,101.5999984741211,39.599998474121094,13.960000038146973,7.800000190734863,644.8270263671875,889.7520141601562,20.520000457763672,6.699999809265137,15.40999984741211
2022-06-27,33.666664123535156,101.19999694824219,38.79999923706055,13.949999809265137,7.510000228881836,647.916015625,894.9349975585938,20.799999237060547,6.5,15.4399995803833
2022-06-28,34.46666717529297,104.5999984741211,39.599998474121094,13.979999542236328,7.644999980926514,648.68798828125,902.7100219726562,20.969999313354492,6.090000152587891,15.630000114440918
2022-06-29,34.266666412353516,105.19999694824219,39.84000015258789,13.859999656677246,7.599999904632568,667.9940185546875,902.7100219726562,20.809999465942383,6.059999942779541,15.626999855041504
2022-06-30,33.233333587646484,101.5999984741211,38.84000015258789,13.859999656677246,7.800000190734863,672.6279907226562,900.9819946289062,20.90999984741211,6.059999942779541,15.529999732971191
2022-07-01,33.233333587646484,101.5999984741211,38.84000015258789,13.859999656677246,7.78000020980835,672.6279907226562,900.9819946289062,20.8700008392334,6.059999942779541,15.489999771118164
2022-07-03,33.233333587646484,101.80000305175781,39.040000915527344,13.619999885559082,7.78000020980835,676.489013671875,915.6669921875,20.8700008392334,5.769999980926514,15.489999771118164
2022-07-04,33.0,100.0,38.880001068115234,13.319999694824219,7.78000020980835,675.7169799804688,913.9400024414062,20.8700008392334,5.610000133514404,15.489999771118164
2022-07-05,33.133331298828125,98.80000305175781,39.08000183105469,13.289999961853027,7.730000019073486,675.7169799804688,919.9869995117188,20.6200008392334,5.590000152587891,15.15999984741211
2022-07-06,32.46666717529297,97.5999984741211,39.20000076293945,13.220000267028809,7.78000020980835,664.905029296875,911.3480224609375,20.56999969482422,5.949999809265137,15.09000015258789
2022-07-07,32.46666717529297,97.5999984741211,39.20000076293945,13.220000267028809,7.800000190734863,652.5490112304688,916.531005859375,20.6299991607666,6.050000190734863,15.239999771118164
2022-07-08,32.46666717529297,97.5999984741211,39.20000076293945,13.220000267028809,7.800000190734863,652.5490112304688,916.531005859375,20.790000915527344,6.050000190734863,15.329999923706055
2022-07-11,32.46666717529297,97.5999984741211,39.20000076293945,13.220000267028809,7.889999866485596,652.5490112304688,916.531005859375,20.6200008392334,6.050000190734863,15.229999542236328
2022-07-17,30.733333587646484,96.0,40.47999954223633,13.359999656677246,7.449999809265137,650.2329711914062,913.9400024414062,20.139999389648438,6.130000114440918,15.449999809265137
2022-07-18,33.79999923706055,99.0,40.2400016784668,13.220000267028809,7.239999771118164,647.916015625,912.2119750976562,20.670000076293945,6.230000019073486,15.255999565124512
2022-07-19,37.0,99.5999984741211,40.2400016784668,13.319999694824219,7.75,648.68798828125,916.531005859375,20.829999923706055,6.309999942779541,15.619999885559082
2022-07-20,36.733333587646484,98.19999694824219,40.400001525878906,13.25,7.679999828338623,660.27197265625,918.2589721679688,21.299999237060547,6.289999961853027,15.75
2022-07-21,37.599998474121094,98.0,40.400001525878906,13.479999542236328,7.670000076293945,688.844970703125,919.1229858398438,21.65999984741211,6.449999809265137,16.280000686645508
2022-07-22,37.599998474121094,98.0,40.400001525878906,13.479999542236328,7.78000020980835,688.844970703125,919.1229858398438,21.469999313354492,6.449999809265137,16.18000030517578
2022-07-24,37.400001525878906,98.30000305175781,40.400001525878906,13.609999656677246,7.78000020980835,675.7169799804688,919.1229858398438,21.469999313354492,6.449999809265137,16.18000030517578
2022-07-25,36.93333435058594,97.5999984741211,39.84000015258789,13.5,7.53000020980835,679.5780029296875,915.6669921875,21.75,6.550000190734863,16.25
2022-07-26,37.133331298828125,97.5999984741211,39.84000015258789,13.699999809265137,7.510000228881836,682.6669921875,918.2589721679688,21.677000045776367,6.690000057220459,16.09000015258789
2022-07-27,37.666664123535156,96.5999984741211,39.7599983215332,13.529999732971191,7.800000190734863,682.6669921875,923.4420166015625,22.170000076293945,6.550000190734863,16.25
2022-07-28,37.46666717529297,99.0,40.15999984741211,13.350000381469727,7.25,681.89501953125,920.8499755859375,22.110000610351562,6.599999904632568,16.31999969482422
2022-07-29,37.46666717529297,99.0,40.15999984741211,13.350000381469727,7.25,681.89501953125,920.8499755859375,22.25,6.599999904632568,16.489999771118164
2022-07-31,37.46666717529297,100.80000305175781,40.31999969482422,13.569999694824219,7.25,681.89501953125,920.8499755859375,22.25,6.739999771118164,16.489999771118164
2022-08-01,37.93333435058594,102.0,40.47999954223633,13.59000015258789,7.329999923706055,686.5280151367188,928.625,22.43000030517578,6.699999809265137,16.489999771118164
2022-08-02,40.0,101.5999984741211,40.47999954223633,13.40999984741211,7.510000228881836,684.2119750976562,926.89697265625,22.350000381469727,6.730000019073486,16.559999465942383
2022-08-03,39.79999923706055,101.5999984741211,40.63999938964844,13.550000190734863,7.699999809265137,683.4390258789062,926.0330200195312,22.450000762939453,6.71999979019165,16.479999542236328
2022-08-04,39.79999923706055,100.0,41.040000915527344,13.829999923706055,7.449999809265137,681.89501953125,922.5780029296875,22.420000076293945,7.179999828338623,16.34000015258789
2022-08-05,39.79999923706055,100.0,41.040000915527344,13.829999923706055,7.449999809265137,681.89501953125,922.5780029296875,22.6200008392334,7.179999828338623,16.40999984741211
2022-08-07,40.20000076293945,100.4000015258789,40.720001220703125,14.34000015258789,7.449999809265137,681.1229858398438,917.39501953125,22.6200008392334,7.300000190734863,16.40999984741211
2022-08-08,40.86666488647461,101.19999694824219,40.720001220703125,14.0600004196167,7.5,677.260986328125,921.7139892578125,23.010000228881836,7.190000057220459,16.6299991607666
2022-08-09,42.33333206176758,102.80000305175781,40.880001068115234,14.350000381469727,7.445000171661377,674.9450073242188,916.531005859375,22.920000076293945,7.119999885559082,16.709999084472656
2022-08-10,42.79999923706055,103.5999984741211,41.279998779296875,14.109999656677246,7.570000171661377,671.0830078125,919.9869995117188,23.139999389648438,7.190000057220459,16.860000610351562
2022-08-11,47.06666564941406,103.80000305175781,41.52000045776367,14.449999809265137,7.670000076293945,664.1329956054688,926.89697265625,23.239999771118164,7.230000019073486,16.860000610351562
2022-08-12,47.06666564941406,103.80000305175781,41.52000045776367,14.449999809265137,7.75,664.1329956054688,926.89697265625,23.260000228881836,7.230000019073486,17.0
2022-08-14,46.266666412353516,104.19999694824219,41.68000030517578,15.010000228881836,7.75,656.4110107421875,928.625,23.260000228881836,7.28000020980835,17.0
2022-08-15,49.93333435058594,105.0,41.7599983215332,15.09000015258789,7.75,658.7269897460938,928.625,23.239999771118164,7.210000038146973,16.920000076293945
2022-08-16,49.20000076293945,105.5999984741211,41.84000015258789,14.9399995803833,7.699999809265137,662.5889892578125,926.89697265625,23.350000381469727,7.159999847412109,16.719999313354492
2022-08-17,47.93333435058594,107.0,41.91999816894531,15.029999732971191,7.728000164031982,665.677978515625,926.89697265625,23.709999084472656,7.289999961853027,16.969999313354492
2022-08-18,48.46666717529297,106.19999694824219,42.2400016784668,15.029999732971191,7.710000038146973,681.1229858398438,918.2589721679688,23.729999542236328,7.289999961853027,16.56999969482422
2022-08-19,48.46666717529297,106.19999694824219,42.2400016784668,15.029999732971191,7.75,681.1229858398438,918.2589721679688,23.559999465942383,7.289999961853027,16.649999618530273
2022-08-21,47.266666412353516,103.80000305175781,42.2400016784668,15.239999771118164,7.75,687.301025390625,923.4420166015625,23.559999465942383,7.630000114440918,16.649999618530273
2022-08-22,48.0,103.4000015258789,42.31999969482422,15.220000267028809,7.75,696.5679931640625,920.8499755859375,23.260000228881836,7.559999942779541,16.450000762939453
2022-08-23,46.79999923706055,101.0,41.20000076293945,15.220000267028809,7.679999828338623,725.9130249023438,924.3060302734375,23.049999237060547,7.559999942779541,16.479999542236328
2022-08-24,47.266666412353516,101.80000305175781,41.52000045776367,15.010000228881836,7.699999809265137,710.468017578125,921.7139892578125,23.290000915527344,7.429999828338623,16.360000610351562
2022-08-25,49.133331298828125,103.80000305175781,41.84000015258789,15.140000343322754,7.75,698.1119995117188,924.3060302734375,23.5,7.699999809265137,16.739999771118164
2022-08-26,49.133331298828125,103.80000305175781,41.84000015258789,15.140000343322754,7.699999809265137,698.1119995117188,924.3060302734375,23.1200008392334,7.699999809265137,16.59000015258789
2022-08-28,52.0,103.19999694824219,42.31999969482422,15.15999984741211,7.699999809265137,687.301025390625,917.39501953125,23.1200008392334,7.559999942779541,16.59000015258789
2022-08-29,52.0,102.4000015258789,42.0,15.380000114440918,7.71999979019165,699.656982421875,914.8040161132812,23.170000076293945,7.329999923706055,16.530000686645508
2022-08-30,50.46666717529297,102.0,41.599998474121094,15.5600004196167,7.739999771118164,698.8839721679688,914.8040161132812,22.610000610351562,7.199999809265137,16.209999084472656
2022-08-31,49.666664123535156,100.19999694824219,41.79999923706055,15.5600004196167,7.699999809265137,695.0230102539062,910.4840087890625,22.6299991607666,7.099999904632568,16.31999969482422
2022-09-01,49.0,99.0,40.5,15.430000305175781,7.650000095367432,695.0230102539062,898.3909912109375,22.229999542236328,7.079999923706055,15.90999984741211
2022-09-02,49.0,99.0,40.5,15.430000305175781,7.730000019073486,695.0230102539062,898.3909912109375,22.229999542236328,7.079999923706055,15.930000305175781
2022-09-04,49.79999923706055,100.0,40.900001525878906,15.270000457763672,7.730000019073486,688.072998046875,894.9349975585938,22.229999542236328,7.199999809265137,15.930000305175781
2022-09-05,49.79999923706055,100.0,40.45000076293945,17.68000030517578,7.730000019073486,688.072998046875,881.97802734375,22.229999542236328,7.429999828338623,15.930000305175781
2022-09-06,48.400001525878906,99.9000015258789,40.04999923706055,17.5,7.730000019073486,689.6170043945312,894.9349975585938,21.6299991607666,7.800000190734863,15.543999671936035
2022-09-07,47.133331298828125,98.19999694824219,39.849998474121094,16.829999923706055,7.699999809265137,681.89501953125,894.9349975585938,21.709999084472656,7.590000152587891,15.479999542236328
2022-09-08,46.133331298828125,97.80000305175781,39.79999923706055,16.799999237060547,7.650000095367432,682.6669921875,889.7520141601562,21.729999542236328,7.570000171661377,15.479999542236328
2022-09-09,46.133331298828125,97.80000305175781,39.79999923706055,16.799999237060547,7.557000160217285,682.6669921875,889.7520141601562,21.95800018310547,7.570000171661377,15.449999809265137
2022-09-11,46.86666488647461,99.0,39.95000076293945,16.81999969482422,7.557000160217285,681.89501953125,894.0709838867188,21.95800018310547,7.840000152587891,15.449999809265137
2022-09-12,47.86666488647461,96.80000305175781,39.900001525878906,17.329999923706055,7.699999809265137,674.1719970703125,892.343994140625,22.235000610351562,7.880000114440918,15.770000457763672
2022-09-13,46.06666564941406,97.5,40.20000076293945,17.219999313354492,7.550000190734863,688.844970703125,898.3909912109375,22.219999313354492,7.840000152587891,15.739999771118164
2022-09-14,44.666664123535156,95.5,39.79999923706055,17.059999465942383,7.659999847412109,685.7559814453125,891.47998046875,22.174999237060547,7.769999980926514,15.90999984741211
2022-09-15,43.666664123535156,93.69999694824219,39.650001525878906,16.799999237060547,7.639999866485596,695.0230102539062,894.0709838867188,22.290000915527344,7.400000095367432,15.880000114440918
2022-09-16,43.666664123535156,93.69999694824219,39.650001525878906,16.799999237060547,7.550000190734863,695.0230102539062,894.0709838867188,22.280000686645508,7.400000095367432,16.31999969482422
2022-09-18,41.79999923706055,91.5999984741211,39.29999923706055,16.530000686645508,7.550000190734863,693.47900390625,893.2080078125,22.280000686645508,7.139999866485596,16.31999969482422
2022-09-19,43.06666564941406,90.30000305175781,39.04999923706055,16.200000762939453,7.289999961853027,687.301025390625,893.2080078125,21.850000381469727,7.210000038146973,16.219999313354492
2022-09-20,42.20000076293945,90.0,38.5,16.329999923706055,7.369999885559082,693.47900390625,892.343994140625,21.701000213623047,7.579999923706055,16.190000534057617
2022-09-21,42.86666488647461,90.19999694824219,38.04999923706055,16.34000015258789,7.699999809265137,694.2509765625,888.0250244140625,21.360000610351562,7.449999809265137,15.90999984741211
2022-09-22,42.86666488647461,90.19999694824219,38.04999923706055,16.360000610351562,7.510000228881836,692.7059936523438,883.7050170898438,21.260000228881836,7.519999980926514,15.970000267028809
2022-09-23,42.86666488647461,90.19999694824219,38.04999923706055,16.360000610351562,7.420000076293945,692.7059936523438,883.7050170898438,21.030000686645508,7.519999980926514,15.789999961853027
2022-09-25,42.46666717529297,88.30000305175781,37.900001525878906,16.399999618530273,7.420000076293945,673.4000244140625,869.02001953125,21.030000686645508,7.550000190734863,15.789999961853027
2022-09-26,41.599998474121094,86.5,38.04999923706055,16.5,7.449999809265137,664.905029296875,859.5180053710938,20.68000030517578,7.539999961853027,15.279999732971191
2022-09-27,42.666664123535156,87.0,38.70000076293945,16.93000030517578,7.5,664.1329956054688,852.6069946289062,20.729999542236328,7.539999961853027,15.3100004196167
2022-09-28,44.86666488647461,87.5999984741211,38.79999923706055,16.739999771118164,7.400000095367432,649.4600219726562,843.10498046875,21.309999465942383,7.46999979019165,15.270000457763672
2022-09-29,46.400001525878906,88.80000305175781,39.349998474121094,17.149999618530273,7.429999828338623,649.4600219726562,843.10498046875,21.268999099731445,7.539999961853027,15.170000076293945
2022-09-30,46.400001525878906,88.80000305175781,39.349998474121094,17.149999618530273,7.739999771118164,649.4600219726562,843.10498046875,21.073999404907227,7.539999961853027,15.1899995803833
2022-10-02,46.06666564941406,89.69999694824219,39.400001525878906,16.940000534057617,7.739999771118164,617.0260009765625,833.60302734375,21.073999404907227,7.570000171661377,15.1899995803833
2022-10-03,47.0,90.0999984741211,39.29999923706055,17.0,7.400000095367432,616.2540283203125,840.5130004882812,21.450000762939453,7.429999828338623,15.350000381469727
2022-10-04,47.0,90.0999984741211,39.29999923706055,17.0,7.400000095367432,643.281982421875,872.4749755859375,22.06999969482422,7.690000057220459,15.529999732971191
2022-10-05,48.400001525878906,92.4000015258789,39.349998474121094,17.100000381469727,7.544000148773193,656.4110107421875,892.343994140625,21.97100067138672,7.659999847412109,15.329999923706055
2022-10-06,48.133331298828125,94.69999694824219,39.29999923706055,17.100000381469727,7.730000019073486,656.4110107421875,892.343994140625,22.02899932861328,7.659999847412109,15.449999809265137
2022-10-07,48.133331298828125,94.69999694824219,39.29999923706055,17.100000381469727,7.800000190734863,656.4110107421875,892.343994140625,21.8799991607666,7.659999847412109,15.260000228881836
2022-10-09,46.53333282470703,93.0,39.0,17.200000762939453,7.800000190734863,656.4110107421875,892.343994140625,21.8799991607666,7.5,15.260000228881836
2022-10-10,48.0,92.0,38.150001525878906,17.139999389648438,7.610000133514404,598.4920043945312,881.114013671875,21.809999465942383,7.539999961853027,15.253000259399414
2022-10-11,47.666664123535156,91.4000015258789,37.79999923706055,16.889999389648438,7.309999942779541,606.9869995117188,883.7050170898438,21.40999984741211,7.449999809265137,15.0600004196167
2022-10-12,48.53333282470703,91.19999694824219,37.79999923706055,16.920000076293945,7.340000152587891,600.8090209960938,880.25,21.540000915527344,7.0,15.010000228881836
2022-10-13,48.400001525878906,90.0,37.95000076293945,16.979999542236328,7.329999923706055,596.1749877929688,881.114013671875,21.770000457763672,7.239999771118164,15.020000457763672
2022-10-14,48.400001525878906,90.0,37.95000076293945,16.979999542236328,7.360000133514404,596.1749877929688,881.114013671875,21.5310001373291,7.239999771118164,15.109999656677246
2022-10-16,48.53333282470703,89.69999694824219,37.95000076293945,16.940000534057617,7.360000133514404,589.9970092773438,876.7949829101562,21.5310001373291,7.480000019073486,15.109999656677246
2022-10-17,49.666664123535156,90.5999984741211,38.650001525878906,17.969999313354492,7.340000152587891,590.77001953125,875.0670166015625,21.510000228881836,7.639999866485596,15.180000305175781
2022-10-18,51.86666488647461,92.0,38.95000076293945,18.0,7.480000019073486,610.0759887695312,877.6589965820312,21.540000915527344,7.800000190734863,15.260000228881836
2022-10-19,50.53333282470703,92.19999694824219,38.54999923706055,18.799999237060547,7.599999904632568,613.1649780273438,894.0709838867188,21.469999313354492,7.760000228881836,15.289999961853027
2022-10-20,51.733333587646484,92.5,39.0,18.510000228881836,7.599999904632568,626.2930297851562,911.3480224609375,21.469999313354492,7.900000095367432,15.449999809265137
2022-10-21,51.733333587646484,92.5,39.0,18.510000228881836,7.5,626.2930297851562,911.3480224609375,21.670000076293945,7.900000095367432,15.520000457763672
2022-10-23,53.0,93.69999694824219,39.5,18.149999618530273,7.5,631.698974609375,913.9400024414062,21.670000076293945,7.940000057220459,15.520000457763672
2022-10-24,54.666664123535156,94.0,39.400001525878906,17.6299991607666,7.559999942779541,622.4320068359375,907.0289916992188,21.280000686645508,8.020000457763672,15.359999656677246
2022-10-25,54.599998474121094,93.0999984741211,40.400001525878906,17.670000076293945,7.690000057220459,625.52099609375,913.0759887695312,21.06999969482422,7.960000038146973,15.520000457763672
2022-10-26,54.20000076293945,90.5999984741211,40.599998474121094,17.670000076293945,7.690000057220459,619.343017578125,912.2119750976562,21.020000457763672,7.960000038146973,15.479999542236328
2022-10-27,55.133331298828125,89.80000305175781,40.0,18.350000381469727,7.53000020980835,618.5709838867188,911.3480224609375,20.90999984741211,8.5,15.579999923706055
2022-10-28,55.133331298828125,89.80000305175781,40.0,18.350000381469727,7.449999809265137,618.5709838867188,911.3480224609375,20.950000762939453,8.5,15.5
2022-10-30,56.93333435058594,88.0,40.25,18.049999237060547,7.449999809265137,623.2039794921875,919.1229858398438,20.950000762939453,8.380000114440918,15.5
2022-10-31,56.93333435058594,88.0,40.25,18.34000015258789,7.570000171661377,625.52099609375,931.2160034179688,21.3700008392334,8.520000457763672,15.6899995803833
2022-11-01,50.266666412353516,87.0,40.20000076293945,18.389999389648438,7.659999847412109,625.52099609375,949.3569946289062,21.139999389648438,8.600000381469727,15.520000457763672
2022-11-02,49.33333206176758,86.4000015258789,39.849998474121094,18.610000610351562,7.650000095367432,628.6099853515625,950.2210083007812,20.8799991607666,8.5,15.529999732971191
2022-11-03,48.266666412353516,85.5999984741211,39.25,19.399999618530273,7.639999866485596,623.9760131835938,958.8590087890625,21.049999237060547,8.390000343322754,15.350000381469727
2022-11-04,48.266666412353516,85.5999984741211,39.25,19.399999618530273,7.710000038146973,623.9760131835938,958.8590087890625,21.56999969482422,8.390000343322754,15.5600004196167
2022-11-06,49.0,86.0999984741211,39.349998474121094,19.049999237060547,7.710000038146973,634.0159912109375,966.6339721679688,21.56999969482422,8.199999809265137,15.5600004196167
2022-11-07,49.400001525878906,85.9000015258789,39.400001525878906,20.010000228881836,7.78000020980835,636.3319702148438,983.9110107421875,21.440000534057617,8.289999961853027,15.850000381469727
2022-11-08,48.79999923706055,85.19999694824219,38.79999923706055,19.84000015258789,7.625999927520752,641.7379760742188,982.1829833984375,21.649999618530273,8.199999809265137,15.890000343322754
2022-11-09,48.666664123535156,84.30000305175781,38.79999923706055,20.610000610351562,7.591000080108643,657.1829833984375,977.864013671875,21.549999237060547,8.289999961853027,15.8100004196167
2022-11-10,47.599998474121094,83.9000015258789,38.29999923706055,21.5,7.710000038146973,654.8660278320312,967.4979858398438,21.950000762939453,8.399999618530273,16.020000457763672
2022-11-11,47.599998474121094,83.9000015258789,38.29999923706055,21.5,7.730000019073486,654.8660278320312,967.4979858398438,22.195999145507812,8.399999618530273,16.079999923706055
2022-11-13,46.79999923706055,84.5999984741211,38.25,21.200000762939453,7.730000019073486,671.8560180664062,972.6810302734375,22.195999145507812,8.470000267028809,16.079999923706055
2022-11-14,45.93333435058594,84.80000305175781,38.29999923706055,21.5,7.610000133514404,670.3109741210938,976.135986328125,21.489999771118164,8.5,16.059999465942383
2022-11-15,44.20000076293945,84.5999984741211,37.79999923706055,21.540000915527344,7.610000133514404,670.3109741210938,975.27197265625,21.479999542236328,8.40999984741211,15.869999885559082
2022-11-16,46.0,84.0,38.0,22.229999542236328,7.764999866485596,663.3610229492188,970.9530029296875,20.860000610351562,8.710000038146973,15.720000267028809
2022-11-17,45.79999923706055,84.9000015258789,37.650001525878906,22.059999465942383,7.650000095367432,665.677978515625,964.906005859375,20.920000076293945,8.930000305175781,15.609999656677246
2022-11-18,45.79999923706055,84.9000015258789,37.650001525878906,22.059999465942383,7.829999923706055,665.677978515625,964.906005859375,20.857999801635742,8.930000305175781,15.600000381469727
2022-11-20,44.599998474121094,83.80000305175781,37.79999923706055,21.540000915527344,7.829999923706055,664.905029296875,963.177978515625,20.857999801635742,9.170000076293945,15.600000381469727
2022-11-21,43.79999923706055,82.0,37.95000076293945,22.0,7.860000133514404,665.677978515625,965.77001953125,20.399999618530273,8.899999618530273,15.550000190734863
2022-11-22,43.733333587646484,82.9000015258789,39.0,22.360000610351562,7.840000152587891,666.4500122070312,965.77001953125,20.29199981689453,8.6899995803833,15.529999732971191
2022-11-23,43.733333587646484,82.9000015258789,39.0,22.68000030517578,7.809999942779541,665.677978515625,963.177978515625,20.389999389648438,8.699999809265137,15.619999885559082
2022-11-24,43.266666412353516,84.4000015258789,39.099998474121094,23.3799991607666,7.809999942779541,667.2219848632812,967.4979858398438,20.389999389648438,9.039999961853027,15.619999885559082
2022-11-25,43.266666412353516,84.4000015258789,39.099998474121094,23.3799991607666,7.849999904632568,667.2219848632812,967.4979858398438,20.219999313354492,9.039999961853027,15.579999923706055
2022-11-27,42.33333206176758,84.4000015258789,39.04999923706055,23.25,7.849999904632568,669.5390014648438,965.77001953125,20.219999313354492,9.479999542236328,15.579999923706055
2022-11-28,42.20000076293945,82.5,38.0,22.770000457763672,7.820000171661377,663.3610229492188,957.9949951171875,20.0,9.399999618530273,15.40999984741211
2022-11-29,43.266666412353516,83.4000015258789,38.0,22.81999969482422,7.699999809265137,665.677978515625,958.8590087890625,20.3700008392334,9.399999618530273,15.300000190734863
2022-11-30,45.733333587646484,83.0,38.0,23.0,7.650000095367432,668.7670288085938,969.2249755859375,20.440000534057617,9.25,15.920000076293945
2022-12-01,46.53333282470703,84.0,38.0,24.309999465942383,7.650000095367432,664.905029296875,968.3610229492188,20.420000076293945,9.489999771118164,15.649999618530273
2022-12-02,46.53333282470703,84.0,38.0,24.309999465942383,7.75,664.905029296875,968.3610229492188,20.3799991607666,9.489999771118164,15.569999694824219
2022-12-04,45.20000076293945,83.80000305175781,37.25,24.770000457763672,7.75,666.4500122070312,967.4979858398438,20.3799991607666,9.970000267028809,15.569999694824219
2022-12-05,44.86666488647461,81.5999984741211,36.54999923706055,25.0,7.760000228881836,665.677978515625,963.177978515625,20.190000534057617,10.350000381469727,15.670000076293945
2022-12-06,46.20000076293945,82.0,36.650001525878906,24.360000610351562,7.75,650.2329711914062,937.2630004882812,19.809999465942383,11.319999694824219,15.5
2022-12-07,44.20000076293945,80.0,36.0,24.59000015258789,7.880000114440918,651.7769775390625,932.9439697265625,19.670000076293945,11.829999923706055,15.418000221252441
2022-12-08,45.733333587646484,81.5,36.54999923706055,24.450000762939453,7.820000171661377,656.4110107421875,945.0380249023438,19.770000457763672,12.539999961853027,15.180000305175781
2022-12-09,45.733333587646484,81.5,36.54999923706055,24.450000762939453,7.75,656.4110107421875,945.0380249023438,19.719999313354492,12.539999961853027,15.100000381469727
2022-12-11,45.666664123535156,81.30000305175781,36.70000076293945,22.799999237060547,7.75,654.093994140625,945.0380249023438,19.719999313354492,11.960000038146973,15.100000381469727
2022-12-12,45.93333435058594,79.9000015258789,36.25,23.559999465942383,7.659999847412109,644.8270263671875,948.4929809570312,19.540000915527344,11.960000038146973,15.03499984741211
2022-12-13,44.666664123535156,81.0,36.599998474121094,23.219999313354492,7.869999885559082,642.510009765625,947.6290283203125,19.100000381469727,12.460000038146973,14.829999923706055
2022-12-14,44.46666717529297,81.0,36.75,23.350000381469727,7.869999885559082,643.281982421875,948.4929809570312,18.889999389648438,12.670000076293945,14.819999694824219
2022-12-15,43.400001525878906,81.5,36.29999923706055,23.649999618530273,7.900000095367432,639.4210205078125,938.9910278320312,18.700000762939453,12.25,14.930000305175781
2022-12-16,43.400001525878906,81.5,36.29999923706055,23.649999618530273,7.980000019073486,639.4210205078125,938.9910278320312,18.790000915527344,12.25,15.34000015258789
2022-12-18,43.53333282470703,82.0999984741211,36.04999923706055,24.200000762939453,7.980000019073486,631.698974609375,929.489013671875,18.790000915527344,11.930000305175781,15.34000015258789
2022-12-19,42.133331298828125,83.5999984741211,35.75,25.25,8.380000114440918,636.3319702148438,932.0800170898438,18.81999969482422,12.09000015258789,15.25
2022-12-20,42.79999923706055,86.0,35.75,26.479999542236328,8.300000190734863,625.52099609375,932.0800170898438,18.790000915527344,11.619999885559082,15.359999656677246
2022-12-21,42.733333587646484,84.80000305175781,35.70000076293945,26.489999771118164,8.239999771118164,620.8870239257812,928.625,18.889999389648438,11.630000114440918,15.229999542236328
2022-12-22,42.20000076293945,84.80000305175781,35.650001525878906,26.06999969482422,8.199999809265137,620.8870239257812,928.625,18.84000015258789,11.270000457763672,15.149999618530273
2022-12-23,42.20000076293945,84.80000305175781,35.650001525878906,26.06999969482422,8.149999618530273,620.8870239257812,928.625,18.829999923706055,11.270000457763672,15.149999618530273
2022-12-25,42.0,84.9000015258789,35.650001525878906,24.899999618530273,8.149999618530273,618.5709838867188,924.3060302734375,18.829999923706055,10.800000190734863,15.149999618530273
2022-12-26,41.133331298828125,85.5999984741211,35.650001525878906,25.280000686645508,8.149999618530273,623.2039794921875,928.625,18.829999923706055,11.680000305175781,15.149999618530273
2022-12-27,41.599998474121094,87.0,36.0,25.0,8.020000457763672,630.927001953125,934.6719970703125,18.5,11.890000343322754,15.100000381469727
2022-12-28,42.46666717529297,89.5,36.5,25.510000228881836,8.100000381469727,635.5599975585938,935.5360107421875,18.40999984741211,12.210000038146973,15.050000190734863
2022-12-29,43.133331298828125,89.4000015258789,36.599998474121094,25.100000381469727,8.149999618530273,635.5599975585938,931.2160034179688,18.600000381469727,12.0,15.194000244140625
2022-12-30,43.133331298828125,89.4000015258789,36.599998474121094,25.100000381469727,8.0,635.5599975585938,931.2160034179688,18.34600067138672,12.0,14.930000305175781
2023-01-01,44.400001525878906,90.0,37.20000076293945,25.100000381469727,8.0,635.5599975585938,931.2160034179688,18.34600067138672,12.0,14.930000305175781
2023-01-02,44.79999923706055,90.0,37.5,24.729999542236328,8.0,617.7979736328125,919.1229858398438,18.34600067138672,12.109999656677246,14.930000305175781
2023-01-03,44.79999923706055,90.0,37.75,25.299999237060547,8.180000305175781,610.8480224609375,924.3060302734375,18.6299991607666,12.399999618530273,15.09000015258789
2023-01-04,45.86666488647461,90.0,37.150001525878906,25.6200008392334,8.399999618530273,606.9869995117188,926.0330200195312,18.81100082397461,13.0,15.067000389099121
2023-01-05,46.20000076293945,90.19999694824219,37.599998474121094,25.969999313354492,8.260000228881836,610.8480224609375,930.35302734375,19.15999984741211,13.619999885559082,14.949999809265137
2023-01-06,46.20000076293945,90.19999694824219,37.599998474121094,25.969999313354492,8.0,610.8480224609375,930.35302734375,19.469999313354492,13.619999885559082,14.880000114440918
2023-01-08,47.20000076293945,90.5999984741211,37.900001525878906,25.969999313354492,8.0,612.3930053710938,939.85498046875,19.469999313354492,13.619999885559082,14.880000114440918
2023-01-09,49.33333206176758,93.0,38.0,25.790000915527344,8.220000267028809,617.7979736328125,945.0380249023438,19.639999389648438,13.600000381469727,14.949999809265137
2023-01-10,48.86666488647461,93.5,37.900001525878906,24.350000381469727,8.15999984741211,633.2429809570312,941.5819702148438,19.639999389648438,12.890000343322754,15.100000381469727
2023-01-11,50.53333282470703,93.5,37.650001525878906,24.5,8.039999961853027,633.2429809570312,933.8079833984375,19.350000381469727,12.890000343322754,14.819999694824219
2023-01-12,50.666664123535156,94.69999694824219,37.70000076293945,24.200000762939453,8.225000381469727,619.343017578125,924.3060302734375,18.959999084472656,12.75,14.9399995803833
2023-01-13,50.666664123535156,94.69999694824219,37.70000076293945,24.200000762939453,8.1899995803833,619.343017578125,924.3060302734375,19.06999969482422,12.75,15.005000114440918
2023-01-15,50.666664123535156,94.69999694824219,38.0,24.399999618530273,8.1899995803833,616.2540283203125,921.7139892578125,19.06999969482422,13.420000076293945,15.005000114440918
2023-01-16,48.86666488647461,95.30000305175781,37.95000076293945,25.3700008392334,8.1899995803833,629.3820190429688,933.8079833984375,19.06999969482422,13.550000190734863,15.005000114440918
2023-01-17,49.599998474121094,95.30000305175781,37.400001525878906,25.34000015258789,8.25,630.927001953125,932.0800170898438,18.350000381469727,13.399999618530273,15.149999618530273
2023-01-18,49.599998474121094,95.30000305175781,37.400001525878906,24.420000076293945,8.319999694824219,629.3820190429688,932.9439697265625,18.049999237060547,12.84000015258789,15.0600004196167
2023-01-19,49.86666488647461,94.5,37.5,24.149999618530273,8.210000038146973,633.2429809570312,950.2210083007812,18.729999542236328,12.760000228881836,15.029999732971191
2023-01-20,49.86666488647461,94.5,37.5,24.149999618530273,8.263999938964844,633.2429809570312,950.2210083007812,18.969999313354492,12.760000228881836,15.199999809265137
2023-01-22,49.86666488647461,94.5,37.400001525878906,24.280000686645508,8.263999938964844,637.10400390625,943.3099975585938,18.969999313354492,13.029999732971191,15.199999809265137
2023-01-23,50.0,95.0,37.599998474121094,24.5,8.199999809265137,652.5490112304688,950.2210083007812,19.299999237060547,12.899999618530273,15.119999885559082
2023-01-24,49.46666717529297,95.80000305175781,37.5,24.280000686645508,8.380000114440918,651.7769775390625,957.9949951171875,19.280000686645508,12.800000190734863,15.069999694824219
2023-01-25,49.06666564941406,97.4000015258789,37.45000076293945,24.40999984741211,8.289999961853027,644.0549926757812,963.177978515625,19.43000030517578,13.40999984741211,15.135000228881836
2023-01-26,49.733333587646484,95.4000015258789,37.45000076293945,24.40999984741211,8.220000267028809,643.281982421875,951.0850219726562,19.270000457763672,13.40999984741211,14.84000015258789
2023-01-27,49.733333587646484,95.4000015258789,37.45000076293945,24.40999984741211,8.399999618530273,643.281982421875,951.0850219726562,19.350000381469727,13.40999984741211,14.279999732971191
2023-01-29,49.400001525878906,95.0,37.599998474121094,27.989999771118164,8.399999618530273,640.9660034179688,964.906005859375,19.350000381469727,13.649999618530273,14.279999732971191
2023-01-30,49.400001525878906,94.4000015258789,37.45000076293945,26.0,8.199999809265137,637.8770141601562,958.8590087890625,19.239999771118164,13.399999618530273,14.510000228881836
2023-01-31,49.133331298828125,92.69999694824219,36.900001525878906,27.399999618530273,8.1899995803833,645.5989990234375,947.6290283203125,19.09000015258789,12.789999961853027,14.600000381469727
2023-02-01,49.266666412353516,92.9000015258789,37.0,26.5,8.470000267028809,644.0549926757812,963.177978515625,18.719999313354492,12.800000190734863,14.420000076293945
2023-02-02,49.0,91.4000015258789,37.099998474121094,26.030000686645508,8.25,646.3709716796875,966.6339721679688,18.3700008392334,12.029999732971191,14.640000343322754
2023-02-03,49.0,91.4000015258789,37.099998474121094,26.030000686645508,8.489999771118164,646.3709716796875,966.6339721679688,18.280000686645508,12.029999732971191,14.739999771118164
2023-02-05,47.86666488647461,90.30000305175781,36.349998474121094,25.65999984741211,8.489999771118164,646.3709716796875,967.4979858398438,18.280000686645508,11.930000305175781,14.739999771118164
2023-02-06,48.0,91.30000305175781,36.400001525878906,27.25,8.260000228881836,664.1329956054688,976.135986328125,18.4689998626709,11.960000038146973,14.970000267028809
2023-02-07,47.33333206176758,91.0999984741211,36.20000076293945,27.399999618530273,8.449999809265137,669.5390014648438,970.9530029296875,18.170000076293945,12.199999809265137,15.0
2023-02-08,47.0,92.80000305175781,36.099998474121094,27.329999923706055,8.300000190734863,669.5390014648438,969.2249755859375,17.8799991607666,12.40999984741211,15.0
2023-02-09,46.33333206176758,92.30000305175781,36.29999923706055,27.719999313354492,8.239999771118164,669.5390014648438,958.8590087890625,17.75,12.949999809265137,14.979999542236328
2023-02-10,46.33333206176758,92.30000305175781,36.29999923706055,27.719999313354492,8.170000076293945,669.5390014648438,958.8590087890625,17.819000244140625,12.949999809265137,15.107999801635742
2023-02-12,46.33333206176758,92.30000305175781,36.04999923706055,27.030000686645508,8.170000076293945,678.0339965820312,957.9949951171875,17.819000244140625,13.229999542236328,15.107999801635742
2023-02-13,46.666664123535156,93.0999984741211,36.400001525878906,26.979999542236328,8.239999771118164,678.8060302734375,950.2210083007812,18.010000228881836,13.119999885559082,15.03499984741211
2023-02-14,46.46666717529297,94.5,36.400001525878906,26.760000228881836,8.470000267028809,676.489013671875,950.2210083007812,17.899999618530273,13.65999984741211,15.015000343322754
2023-02-15,46.46666717529297,94.5999984741211,36.599998474121094,26.770000457763672,8.399999618530273,681.1229858398438,961.4509887695312,18.100000381469727,13.5,15.09000015258789
2023-02-16,45.33333206176758,95.5999984741211,36.45000076293945,26.309999465942383,8.369999885559082,678.0339965820312,957.1320190429688,18.450000762939453,14.289999961853027,14.890000343322754
2023-02-17,45.33333206176758,95.5999984741211,36.45000076293945,26.309999465942383,8.329999923706055,678.0339965820312,957.1320190429688,18.270000457763672,14.289999961853027,14.930000305175781
2023-02-19,45.733333587646484,95.0999984741211,36.25,25.889999389648438,8.329999923706055,678.0339965820312,957.1320190429688,18.270000457763672,14.229999542236328,14.930000305175781
2023-02-20,44.20000076293945,94.19999694824219,35.349998474121094,24.459999084472656,8.329999923706055,678.0339965820312,961.4509887695312,18.270000457763672,13.399999618530273,14.930000305175781
2023-02-21,44.0,92.69999694824219,35.0,25.0,8.270000457763672,678.0339965820312,960.5869750976562,18.399999618530273,13.600000381469727,14.869999885559082
2023-02-22,44.0,92.69999694824219,35.0,25.0,8.28499984741211,674.1719970703125,949.3569946289062,18.399999618530273,13.079999923706055,14.670000076293945
2023-02-23,43.53333282470703,90.9000015258789,34.70000076293945,25.0,8.149999618530273,670.3109741210938,930.35302734375,18.18000030517578,13.25,14.619999885559082
2023-02-24,43.53333282470703,90.9000015258789,34.70000076293945,25.0,8.329999923706055,670.3109741210938,930.35302734375,18.1200008392334,13.25,14.569999694824219
2023-02-26,43.33333206176758,91.19999694824219,34.54999923706055,26.059999465942383,8.329999923706055,670.3109741210938,930.35302734375,18.1200008392334,13.579999923706055,14.569999694824219
2023-02-27,41.666664123535156,91.9000015258789,34.349998474121094,26.170000076293945,8.300000190734863,670.3109741210938,930.35302734375,18.299999237060547,13.4399995803833,14.609999656677246
2023-02-28,42.400001525878906,88.5,35.150001525878906,26.079999923706055,8.229999542236328,661.8159790039062,924.3060302734375,18.270000457763672,13.800000190734863,14.649999618530273
2023-03-01,42.599998474121094,89.0999984741211,35.70000076293945,26.219999313354492,8.329999923706055,662.5889892578125,935.5360107421875,18.299999237060547,14.130000114440918,14.699999809265137
2023-03-02,42.06666564941406,90.4000015258789,35.95000076293945,25.809999465942383,8.390000343322754,664.905029296875,945.9019775390625,18.2549991607666,14.039999961853027,14.75
2023-03-03,42.06666564941406,90.4000015258789,35.95000076293945,25.809999465942383,8.420000076293945,664.905029296875,945.9019775390625,18.450000762939453,14.039999961853027,14.75
2023-03-05,42.86666488647461,91.0999984741211,36.29999923706055,27.799999237060547,8.420000076293945,668.7670288085938,957.1320190429688,18.450000762939453,13.960000038146973,14.75
2023-03-06,42.86666488647461,91.0999984741211,36.5,26.760000228881836,8.289999961853027,670.3109741210938,966.6339721679688,18.549999237060547,14.300000190734863,14.920000076293945
2023-03-07,42.86666488647461,91.0999984741211,37.599998474121094,25.549999237060547,8.210000038146973,675.7169799804688,964.906005859375,18.350000381469727,13.800000190734863,14.550000190734863
2023-03-08,43.20000076293945,90.80000305175781,37.900001525878906,26.770000457763672,8.300000190734863,673.4000244140625,963.177978515625,18.649999618530273,13.420000076293945,14.6899995803833
2023-03-09,43.20000076293945,90.80000305175781,38.20000076293945,26.389999389648438,8.300000190734863,671.8560180664062,958.8590087890625,18.59000015258789,13.75,14.680000305175781
2023-03-10,43.20000076293945,90.80000305175781,38.20000076293945,26.389999389648438,8.039999961853027,671.8560180664062,958.8590087890625,18.489999771118164,13.75,14.4399995803833
2023-03-12,42.599998474121094,91.0,37.79999923706055,25.450000762939453,8.039999961853027,666.4500122070312,951.948974609375,18.489999771118164,12.819999694824219,14.4399995803833
2023-03-13,42.599998474121094,91.0,37.349998474121094,25.25,8.069999694824219,665.677978515625,955.4039916992188,18.15999984741211,12.460000038146973,14.279999732971191
2023-03-14,42.400001525878906,91.5,37.79999923706055,24.6200008392334,8.09000015258789,638.6489868164062,922.5780029296875,17.920000076293945,12.800000190734863,14.0
2023-03-15,40.33333206176758,86.69999694824219,37.70000076293945,23.450000762939453,8.399999618530273,646.3709716796875,930.35302734375,17.579999923706055,11.65999984741211,13.850000381469727
2023-03-16,40.266666412353516,85.5,37.45000076293945,23.0,8.449999809265137,637.10400390625,920.8499755859375,17.739999771118164,12.0,13.84000015258789
2023-03-17,40.266666412353516,85.5,37.45000076293945,23.0,8.079999923706055,637.10400390625,920.8499755859375,17.5,12.0,13.710000038146973
2023-03-19,40.266666412353516,85.5,37.54999923706055,21.600000381469727,8.079999923706055,637.8770141601562,929.489013671875,17.5,11.770000457763672,13.710000038146973
2023-03-20,41.599998474121094,87.0999984741211,37.5,22.0,8.270000457763672,633.2429809570312,919.1229858398438,17.399999618530273,12.130000114440918,13.989999771118164
2023-03-21,41.733333587646484,89.5,38.400001525878906,22.989999771118164,8.130000114440918,639.4210205078125,913.9400024414062,17.43000030517578,13.020000457763672,14.079999923706055
2023-03-22,42.0,88.4000015258789,38.900001525878906,22.030000686645508,8.380000114440918,640.1929931640625,917.39501953125,17.56999969482422,12.8100004196167,14.15999984741211
2023-03-23,42.06666564941406,90.30000305175781,39.0,22.399999618530273,8.4399995803833,636.3319702148438,915.6669921875,17.6299991607666,13.100000381469727,13.949999809265137
2023-03-24,42.06666564941406,90.30000305175781,39.0,22.399999618530273,8.350000381469727,636.3319702148438,915.6669921875,17.649999618530273,13.100000381469727,14.079999923706055
2023-03-26,42.06666564941406,90.30000305175781,40.0,22.690000534057617,8.350000381469727,637.10400390625,910.4840087890625,17.649999618530273,13.899999618530273,14.079999923706055
2023-03-27,42.06666564941406,90.30000305175781,40.25,22.81999969482422,8.34000015258789,635.5599975585938,906.1649780273438,17.90999984741211,14.0,13.949999809265137
2023-03-28,42.06666564941406,90.30000305175781,40.20000076293945,22.809999465942383,8.289999961853027,636.3319702148438,914.8040161132812,18.15999984741211,14.90999984741211,14.020000457763672
2023-03-29,42.666664123535156,89.80000305175781,40.400001525878906,24.5,8.279999732971191,634.7880249023438,908.7570190429688,18.06999969482422,15.449999809265137,14.039999961853027
2023-03-30,42.666664123535156,90.30000305175781,40.04999923706055,24.700000762939453,8.149999618530273,637.8770141601562,912.2119750976562,18.09000015258789,15.0,14.079999923706055
2023-03-31,42.666664123535156,90.30000305175781,40.04999923706055,24.700000762939453,8.289999961853027,637.8770141601562,912.2119750976562,18.18000030517578,15.0,14.15999984741211
2023-04-02,42.666664123535156,90.30000305175781,40.400001525878906,24.84000015258789,8.289999961853027,647.1439819335938,915.6669921875,18.18000030517578,15.869999885559082,14.15999984741211
2023-04-03,43.33333206176758,93.0,40.75,25.239999771118164,8.399999618530273,647.1439819335938,896.14501953125,18.149999618530273,16.059999465942383,14.354999542236328
2023-04-04,44.733333587646484,94.9000015258789,41.20000076293945,24.920000076293945,8.289999961853027,632.8569946289062,885.260009765625,18.270000457763672,15.890000343322754,14.175000190734863
2023-04-05,44.46666717529297,93.69999694824219,41.0,24.5,8.149999618530273,632.0079956054688,891.6090087890625,18.270000457763672,15.770000457763672,14.260000228881836
2023-04-06,43.86666488647461,92.5999984741211,41.150001525878906,24.0,8.270000457763672,627.760009765625,884.35302734375,18.31999969482422,15.829999923706055,14.210000038146973
2023-04-09,44.20000076293945,92.80000305175781,41.25,23.75,8.270000457763672,615.8679809570312,873.468994140625,18.31999969482422,16.1299991607666,14.210000038146973
2023-04-10,44.20000076293945,92.5,41.29999923706055,24.540000915527344,8.375,606.5230102539062,853.5139770507812,18.340999603271484,16.989999771118164,14.300000190734863
2023-04-11,43.599998474121094,91.0999984741211,41.900001525878906,24.860000610351562,8.369999885559082,619.2659912109375,861.677978515625,18.260000228881836,17.18000030517578,14.390000343322754
2023-04-12,44.06666564941406,91.5,42.45000076293945,24.81999969482422,8.289999961853027,629.458984375,877.0969848632812,18.270000457763672,17.40999984741211,14.609999656677246
2023-04-13,45.133331298828125,91.19999694824219,42.5,25.799999237060547,8.25,628.6099853515625,873.468994140625,18.15999984741211,17.450000762939453,14.600000381469727
2023-04-14,45.133331298828125,91.19999694824219,42.5,25.799999237060547,8.260000228881836,628.6099853515625,873.468994140625,18.18000030517578,17.450000762939453,14.640000343322754
2023-04-16,46.46666717529297,91.19999694824219,42.04999923706055,25.799999237060547,8.260000228881836,629.458984375,882.5390014648438,18.18000030517578,17.450000762939453,14.640000343322754
2023-04-17,46.06666564941406,92.0,42.54999923706055,25.799999237060547,8.229999542236328,630.3090209960938,898.8660278320312,17.93000030517578,17.450000762939453,14.736000061035156
2023-04-18,46.06666564941406,92.0,42.54999923706055,24.81999969482422,8.279999732971191,633.7069702148438,898.8660278320312,17.90999984741211,17.479999542236328,14.789999961853027
2023-04-19,46.06666564941406,92.0,42.54999923706055,24.809999465942383,8.34000015258789,631.1580200195312,901.5869750976562,17.90999984741211,17.1299991607666,14.65999984741211
2023-04-20,46.06666564941406,92.0,42.54999923706055,24.809999465942383,8.300000190734863,632.8569946289062,902.4940185546875,17.90999984741211,17.1299991607666,14.744999885559082
2023-04-26,46.400001525878906,93.80000305175781,43.900001525878906,24.5,8.0,632.8569946289062,911.5640258789062,18.030000686645508,17.469999313354492,15.0
2023-04-27,46.266666412353516,92.30000305175781,45.0,24.540000915527344,8.029999732971191,632.0079956054688,909.75,18.290000915527344,18.239999771118164,15.279999732971191
2023-04-28,46.266666412353516,92.30000305175781,45.0,24.540000915527344,8.279999732971191,632.0079956054688,909.75,18.440000534057617,18.239999771118164,15.460000038146973
2023-04-30,46.266666412353516,92.30000305175781,44.400001525878906,24.219999313354492,8.279999732971191,629.458984375,910.656982421875,18.440000534057617,17.709999084472656,15.460000038146973
2023-05-01,46.266666412353516,92.30000305175781,44.45000076293945,24.219999313354492,8.220000267028809,628.6099853515625,907.9359741210938,18.6200008392334,17.709999084472656,15.199999809265137
2023-05-02,45.266666412353516,90.5,44.0,23.260000228881836,8.220000267028809,624.3619995117188,893.4240112304688,18.56999969482422,17.0,15.050000190734863
2023-05-03,44.666664123535156,89.9000015258789,42.54999923706055,23.31999969482422,8.0600004196167,620.114990234375,877.0969848632812,18.959999084472656,17.09000015258789,15.130000114440918
2023-05-04,45.33333206176758,89.0,43.349998474121094,23.31999969482422,8.279999732971191,626.9110107421875,888.8880004882812,19.200000762939453,17.09000015258789,15.149999618530273
2023-05-05,45.33333206176758,89.0,43.349998474121094,23.31999969482422,8.3100004196167,626.9110107421875,888.8880004882812,19.3799991607666,17.09000015258789,15.3100004196167
2023-05-07,46.20000076293945,90.19999694824219,44.0,22.969999313354492,8.3100004196167,628.6099853515625,887.073974609375,19.3799991607666,16.8700008392334,15.3100004196167
2023-05-08,45.400001525878906,91.19999694824219,44.0,23.389999389648438,8.449999809265137,624.3619995117188,880.7249755859375,19.329999923706055,17.649999618530273,15.210000038146973
2023-05-09,46.06666564941406,91.5999984741211,43.79999923706055,23.139999389648438,8.319999694824219,616.7169799804688,870.7479858398438,19.540000915527344,17.200000762939453,15.0600004196167
2023-05-10,46.0,92.19999694824219,44.45000076293945,23.139999389648438,8.399999618530273,618.416015625,877.0969848632812,19.5,17.5,15.149999618530273
2023-05-11,45.86666488647461,93.0,45.650001525878906,23.110000610351562,8.329999923706055,620.9650268554688,870.7479858398438,19.34000015258789,17.100000381469727,14.899999618530273
2023-05-12,45.86666488647461,93.0,45.650001525878906,23.110000610351562,8.300000190734863,620.9650268554688,870.7479858398438,19.239999771118164,17.100000381469727,14.800000190734863
2023-05-14,45.86666488647461,92.5,44.900001525878906,23.799999237060547,8.300000190734863,617.5670166015625,861.677978515625,19.239999771118164,17.700000762939453,14.800000190734863
2023-05-15,46.733333587646484,91.0,44.95000076293945,23.200000762939453,8.145000457763672,609.072021484375,852.6069946289062,19.059999465942383,17.399999618530273,14.569999694824219
2023-05-16,46.133331298828125,91.0,44.29999923706055,22.68000030517578,8.050000190734863,607.3729858398438,839.9089965820312,18.969999313354492,17.579999923706055,14.489999771118164
2023-05-17,45.86666488647461,91.0,44.150001525878906,22.940000534057617,8.489999771118164,598.0289916992188,830.8389892578125,19.5,16.920000076293945,14.65999984741211
2023-05-18,45.53333282470703,91.19999694824219,44.25,22.799999237060547,8.270000457763672,608.2219848632812,846.2579956054688,19.329999923706055,16.579999923706055,14.619999885559082
2023-05-19,45.53333282470703,91.19999694824219,44.25,22.799999237060547,8.649999618530273,608.2219848632812,846.2579956054688,19.290000915527344,16.579999923706055,14.630000114440918
2023-05-21,45.53333282470703,91.0,44.25,22.899999618530273,8.649999618530273,613.3189697265625,843.5369873046875,19.290000915527344,16.489999771118164,14.630000114440918
2023-05-22,44.33333206176758,90.0999984741211,44.599998474121094,22.84000015258789,8.90999984741211,598.8779907226562,839.9089965820312,19.459999084472656,16.059999465942383,14.725000381469727
2023-05-23,43.86666488647461,90.0999984741211,44.04999923706055,23.0,9.300000190734863,598.8779907226562,843.5369873046875,19.360000610351562,16.149999618530273,14.609999656677246
2023-05-24,43.33333206176758,90.80000305175781,43.70000076293945,23.600000381469727,9.069999694824219,600.5770263671875,838.094970703125,19.190000534057617,16.270000457763672,14.609999656677246
2023-05-25,42.666664123535156,90.0999984741211,42.650001525878906,23.399999618530273,9.180000305175781,602.2760009765625,837.18798828125,19.040000915527344,16.420000076293945,14.369999885559082
2023-05-26,42.666664123535156,90.0999984741211,42.650001525878906,23.399999618530273,9.289999961853027,602.2760009765625,837.18798828125,19.1299991607666,16.420000076293945,14.5600004196167
2023-05-28,42.666664123535156,90.19999694824219,41.5,24.239999771118164,9.289999961853027,609.072021484375,844.4439697265625,19.1299991607666,16.860000610351562,14.5600004196167
2023-05-29,42.93333435058594,89.80000305175781,41.400001525878906,23.989999771118164,9.289999961853027,610.77099609375,848.072021484375,19.1299991607666,17.219999313354492,14.5600004196167
2023-05-30,42.46666717529297,90.0999984741211,42.0,24.5,9.029999732971191,609.072021484375,848.97900390625,18.829999923706055,17.780000686645508,14.649999618530273
2023-05-31,41.400001525878906,88.19999694824219,43.25,24.229999542236328,9.210000038146973,600.5770263671875,834.4669799804688,18.43000030517578,19.299999237060547,14.59000015258789
2023-06-01,40.79999923706055,88.30000305175781,42.25,24.200000762939453,9.390000343322754,603.1259765625,831.7459716796875,18.770000457763672,18.809999465942383,14.649999618530273
2023-06-02,40.79999923706055,88.30000305175781,42.25,24.200000762939453,9.229999542236328,603.1259765625,831.7459716796875,19.1200008392334,18.809999465942383,14.789999961853027
2023-06-04,42.93333435058594,90.0999984741211,42.70000076293945,24.5,9.229999542236328,610.77099609375,847.1649780273438,19.1200008392334,18.600000381469727,14.789999961853027
2023-06-05,42.400001525878906,89.69999694824219,42.95000076293945,24.950000762939453,9.239999771118164,620.9650268554688,848.97900390625,18.969999313354492,18.329999923706055,14.699999809265137
2023-06-06,43.20000076293945,89.69999694824219,42.95000076293945,25.440000534057617,9.289999961853027,620.9650268554688,848.97900390625,18.770000457763672,18.270000457763672,14.664999961853027
2023-06-07,43.53333282470703,89.19999694824219,43.0,25.829999923706055,9.199999809265137,617.5670166015625,835.3740234375,18.1200008392334,17.899999618530273,14.270000457763672
2023-06-08,65.7750015258789,88.30000305175781,43.29999923706055,26.850000381469727,9.25,616.7169799804688,845.3510131835938,18.09000015258789,18.100000381469727,14.270000457763672
2023-06-09,65.7750015258789,88.30000305175781,43.29999923706055,26.850000381469727,9.329999923706055,616.7169799804688,845.3510131835938,18.09000015258789,18.100000381469727,14.279999732971191
2023-06-11,43.29999923706055,88.9000015258789,43.099998474121094,27.0,9.329999923706055,622.6630249023438,848.97900390625,18.09000015258789,18.889999389648438,14.279999732971191
2023-06-12,42.70000076293945,89.30000305175781,43.0,26.459999084472656,9.0,620.9650268554688,848.97900390625,17.889999389648438,18.610000610351562,14.3100004196167
2023-06-13,42.20000076293945,88.69999694824219,43.099998474121094,27.700000762939453,9.050000190734863,620.9650268554688,847.1649780273438,18.100000381469727,19.299999237060547,14.260000228881836
2023-06-14,42.54999923706055,88.5999984741211,43.04999923706055,27.459999084472656,8.805000305175781,623.5130004882812,848.072021484375,18.229999542236328,19.299999237060547,14.390000343322754
2023-06-15,42.0,88.30000305175781,44.099998474121094,26.610000610351562,8.779999732971191,628.6099853515625,849.885986328125,18.309999465942383,18.940000534057617,14.40999984741211
2023-06-16,42.0,88.30000305175781,44.099998474121094,26.610000610351562,8.75,628.6099853515625,849.885986328125,18.110000610351562,18.940000534057617,14.5600004196167
2023-06-18,41.79999923706055,88.69999694824219,44.0,26.780000686645508,8.75,632.0079956054688,851.7000122070312,18.110000610351562,19.799999237060547,14.5600004196167
2023-06-19,41.79999923706055,88.0999984741211,43.70000076293945,26.31999969482422,8.75,631.1580200195312,852.6069946289062,18.110000610351562,20.0,14.5600004196167
2023-06-20,41.849998474121094,88.0,43.650001525878906,26.0,8.699999809265137,632.0079956054688,855.3280029296875,17.940000534057617,20.399999618530273,14.454999923706055
2023-06-21,42.29999923706055,88.30000305175781,43.849998474121094,25.459999084472656,8.800000190734863,634.5560302734375,856.2349853515625,17.8799991607666,20.5,14.479999542236328
2023-06-22,42.20000076293945,88.19999694824219,43.5,25.239999771118164,9.050000190734863,636.2550048828125,853.5139770507812,17.639999389648438,20.899999618530273,14.529999732971191
2023-06-23,42.20000076293945,88.19999694824219,43.5,25.239999771118164,8.789999961853027,636.2550048828125,853.5139770507812,17.68000030517578,20.899999618530273,14.619999885559082
2023-06-25,42.20000076293945,88.19999694824219,43.5,25.799999237060547,8.789999961853027,629.458984375,848.072021484375,17.68000030517578,19.700000762939453,14.619999885559082
2023-06-26,42.20000076293945,88.19999694824219,43.5,25.8799991607666,8.899999618530273,632.8569946289062,848.072021484375,17.65999984741211,20.3700008392334,14.609999656677246
2023-07-04,42.349998474121094,89.30000305175781,44.70000076293945,25.25,9.0600004196167,643.9000244140625,872.56201171875,17.799999237060547,19.360000610351562,14.550000190734863
2023-07-05,44.54999923706055,88.69999694824219,44.79999923706055,24.5,8.75,650.6959838867188,874.3759765625,18.190000534057617,19.329999923706055,14.800000190734863
2023-07-06,43.5,88.5999984741211,44.29999923706055,24.479999542236328,8.65999984741211,649.8469848632812,868.0269775390625,17.889999389648438,18.65999984741211,14.739999771118164
2023-07-07,43.5,88.5999984741211,44.29999923706055,24.479999542236328,8.739999771118164,649.8469848632812,868.0269775390625,17.8799991607666,18.65999984741211,14.770000457763672
2023-07-09,43.599998474121094,89.30000305175781,44.599998474121094,24.280000686645508,8.739999771118164,652.39501953125,868.0269775390625,17.8799991607666,17.81999969482422,14.770000457763672
2023-07-10,43.650001525878906,88.80000305175781,44.75,24.860000610351562,8.699999809265137,654.093994140625,870.7479858398438,17.75,18.6200008392334,14.729999542236328
2023-07-11,43.599998474121094,88.5,45.25,25.15999984741211,8.710000038146973,661.739013671875,882.5390014648438,17.700000762939453,18.899999618530273,14.84000015258789
2023-07-12,44.29999923706055,88.5,45.0,24.43000030517578,8.600000381469727,662.5889892578125,887.9810180664062,17.81999969482422,18.860000610351562,15.0600004196167
2023-07-13,44.29999923706055,88.4000015258789,45.0,24.809999465942383,8.630000114440918,663.43798828125,887.9810180664062,17.969999313354492,18.920000076293945,15.199999809265137
2023-07-14,44.29999923706055,88.4000015258789,45.0,24.809999465942383,8.65999984741211,663.43798828125,887.9810180664062,17.950000762939453,18.920000076293945,15.050000190734863
2023-07-16,44.5,88.19999694824219,44.95000076293945,24.899999618530273,8.65999984741211,659.1909790039062,887.9810180664062,17.950000762939453,18.700000762939453,15.050000190734863
2023-07-17,44.400001525878906,87.0,45.349998474121094,25.100000381469727,8.710000038146973,658.3410034179688,887.073974609375,17.899999618530273,19.260000228881836,15.140000343322754
2023-07-18,44.25,86.0999984741211,45.599998474121094,25.459999084472656,8.699999809265137,665.1370239257812,890.7020263671875,18.020000457763672,19.450000762939453,15.149999618530273
2023-07-19,43.79999923706055,85.5,45.29999923706055,25.459999084472656,8.710000038146973,665.1370239257812,890.7020263671875,18.040000915527344,19.450000762939453,14.989999771118164
2023-07-20,43.29999923706055,84.19999694824219,45.45000076293945,25.459999084472656,8.699999809265137,665.1370239257812,890.7020263671875,18.170000076293945,19.450000762939453,14.90999984741211
2023-07-21,43.29999923706055,84.19999694824219,45.45000076293945,25.459999084472656,8.649999618530273,665.1370239257812,890.7020263671875,18.295000076293945,19.450000762939453,14.9399995803833
2023-07-23,43.349998474121094,85.4000015258789,45.400001525878906,25.459999084472656,8.649999618530273,669.3839721679688,888.8880004882812,18.295000076293945,19.450000762939453,14.9399995803833
2023-07-24,42.79999923706055,85.19999694824219,45.79999923706055,25.290000915527344,8.859999656677246,665.1370239257812,877.0969848632812,18.3799991607666,18.809999465942383,15.260000228881836
2023-07-25,43.099998474121094,86.0,45.650001525878906,25.0,8.899999618530273,669.3839721679688,880.7249755859375,18.559999465942383,18.5,15.239999771118164
2023-07-26,44.400001525878906,86.0,45.04999923706055,24.829999923706055,8.789999961853027,668.5349731445312,879.8179931640625,18.799999237060547,18.790000915527344,15.300000190734863
2023-07-27,43.849998474121094,86.5,44.849998474121094,24.709999084472656,9.0,667.6859741210938,879.8179931640625,18.850000381469727,18.299999237060547,15.199999809265137
2023-07-28,43.849998474121094,86.5,44.849998474121094,24.709999084472656,9.369999885559082,667.6859741210938,879.8179931640625,18.8799991607666,18.299999237060547,15.260000228881836
2023-07-30,44.599998474121094,86.4000015258789,44.349998474121094,25.399999618530273,9.369999885559082,668.5349731445312,878.0040283203125,18.8799991607666,18.690000534057617,15.260000228881836
2023-07-31,44.400001525878906,85.69999694824219,42.400001525878906,26.200000762939453,9.699999809265137,670.2340087890625,872.56201171875,18.959999084472656,18.850000381469727,15.369999885559082
2023-08-01,43.79999923706055,85.0999984741211,41.900001525878906,26.0,9.789999961853027,668.5349731445312,870.7479858398438,19.18000030517578,18.739999771118164,15.380000114440918
2023-08-02,43.349998474121094,85.4000015258789,41.400001525878906,26.0,9.600000381469727,660.8900146484375,866.2130126953125,18.850000381469727,18.520000457763672,15.319999694824219
2023-08-03,42.5,85.0,41.5,25.90999984741211,9.75,660.8900146484375,866.2130126953125,18.6299991607666,18.469999313354492,15.3100004196167
2023-08-04,42.5,85.0,41.5,25.90999984741211,9.819999694824219,660.8900146484375,866.2130126953125,18.739999771118164,18.469999313354492,15.34000015258789
2023-08-06,43.099998474121094,85.0,41.04999923706055,26.450000762939453,9.819999694824219,655.7930297851562,860.77001953125,18.739999771118164,19.25,15.34000015258789
2023-08-07,42.0,85.0,40.0,27.260000228881836,9.779999732971191,659.1909790039062,865.3060302734375,18.559999465942383,19.610000610351562,15.34000015258789
2023-08-08,40.79999923706055,84.0999984741211,40.20000076293945,26.899999618530273,9.960000038146973,655.7930297851562,854.4210205078125,18.520000457763672,19.420000076293945,15.369999885559082
2023-08-09,41.150001525878906,86.0999984741211,40.54999923706055,27.06999969482422,9.789999961853027,654.093994140625,849.885986328125,18.420000076293945,19.5,15.3100004196167
2023-08-10,41.04999923706055,87.30000305175781,41.400001525878906,26.520000457763672,9.869999885559082,649.8469848632812,843.5369873046875,18.510000228881836,19.600000381469727,15.300000190734863
2023-08-11,41.04999923706055,87.30000305175781,41.400001525878906,26.520000457763672,9.630000114440918,649.8469848632812,843.5369873046875,18.450000762939453,19.600000381469727,15.25
2023-08-13,41.400001525878906,88.0,41.54999923706055,26.700000762939453,9.630000114440918,651.5460205078125,849.885986328125,18.450000762939453,20.0,15.25
2023-08-14,41.0,86.69999694824219,41.5,26.440000534057617,9.869999885559082,644.75,843.5369873046875,18.600000381469727,19.959999084472656,15.199999809265137
2023-08-15,40.75,86.0999984741211,40.79999923706055,26.479999542236328,9.829999923706055,643.051025390625,843.5369873046875,18.600000381469727,19.8799991607666,15.0600004196167
2023-08-16,40.54999923706055,86.4000015258789,40.54999923706055,26.270000457763672,10.319999694824219,643.051025390625,846.2579956054688,18.290000915527344,20.260000228881836,15.020000457763672
2023-08-17,40.349998474121094,86.5,40.650001525878906,26.0,10.5,643.051025390625,847.1649780273438,18.479999542236328,20.1200008392334,14.930000305175781
2023-08-18,40.349998474121094,86.5,40.650001525878906,26.0,10.430000305175781,643.051025390625,847.1649780273438,18.25,20.1200008392334,15.050000190734863
2023-08-20,41.29999923706055,88.0,40.75,25.969999313354492,10.430000305175781,642.2009887695312,843.5369873046875,18.25,19.920000076293945,15.050000190734863
2023-08-21,41.5,87.30000305175781,40.20000076293945,26.010000228881836,10.539999961853027,633.7069702148438,829.9310302734375,18.229999542236328,20.0,14.970000267028809
2023-08-22,40.70000076293945,88.0,40.45000076293945,26.299999237060547,10.640000343322754,634.5560302734375,829.9310302734375,18.100000381469727,20.149999618530273,15.0
2023-08-23,40.099998474121094,88.0,40.0,26.190000534057617,10.699999809265137,636.2550048828125,842.6300048828125,17.989999771118164,20.010000228881836,15.180000305175781
2023-08-24,40.29999923706055,87.80000305175781,39.900001525878906,26.280000686645508,10.710000038146973,637.9539794921875,844.4439697265625,17.889999389648438,20.979999542236328,15.09000015258789
2023-08-25,40.29999923706055,87.80000305175781,39.900001525878906,26.280000686645508,10.600000381469727,637.9539794921875,844.4439697265625,18.010000228881836,20.979999542236328,15.109999656677246
2023-08-27,40.400001525878906,88.4000015258789,40.25,26.43000030517578,10.600000381469727,637.10400390625,839.0020141601562,18.010000228881836,21.540000915527344,15.109999656677246
2023-08-28,40.150001525878906,88.4000015258789,40.29999923706055,26.43000030517578,10.550000190734863,635.406005859375,832.6530151367188,18.010000228881836,21.329999923706055,15.154999732971191
2023-08-29,40.25,89.0,40.04999923706055,26.780000686645508,10.520000457763672,637.10400390625,829.9310302734375,18.040000915527344,22.799999237060547,15.079999923706055
2023-08-30,40.900001525878906,89.5999984741211,40.349998474121094,26.700000762939453,10.600000381469727,636.2550048828125,829.9310302734375,18.100000381469727,23.0,15.100000381469727
2023-08-31,40.5,88.4000015258789,39.79999923706055,26.700000762939453,10.579999923706055,632.8569946289062,834.4669799804688,17.969999313354492,23.0,15.029999732971191
2023-09-01,40.5,88.4000015258789,39.79999923706055,26.700000762939453,10.600000381469727,632.8569946289062,834.4669799804688,17.950000762939453,23.0,15.119999885559082
2023-09-03,40.25,90.0,39.900001525878906,26.010000228881836,10.600000381469727,633.7069702148438,833.5599975585938,17.950000762939453,22.299999237060547,15.119999885559082
2023-09-04,40.0,89.9000015258789,38.95000076293945,26.899999618530273,10.600000381469727,625.2119750976562,826.302978515625,17.950000762939453,23.010000228881836,15.119999885559082
2023-09-05,39.849998474121094,89.80000305175781,39.54999923706055,26.520000457763672,10.699999809265137,622.6630249023438,825.39599609375,17.399999618530273,23.110000610351562,14.84000015258789
2023-09-06,38.900001525878906,89.9000015258789,38.70000076293945,27.290000915527344,10.649999618530273,632.0079956054688,824.489013671875,17.59000015258789,22.399999618530273,14.720000267028809
2023-09-07,38.099998474121094,88.9000015258789,39.099998474121094,28.389999389648438,10.710000038146973,636.2550048828125,833.5599975585938,17.700000762939453,22.59000015258789,14.899999618530273
2023-09-08,38.099998474121094,88.9000015258789,39.099998474121094,28.389999389648438,11.020000457763672,636.2550048828125,833.5599975585938,17.739999771118164,22.59000015258789,14.960000038146973
2023-09-10,38.099998474121094,88.9000015258789,39.099998474121094,28.389999389648438,11.020000457763672,637.10400390625,834.4669799804688,17.739999771118164,22.59000015258789,14.960000038146973
2023-09-11,39.150001525878906,90.0,39.70000076293945,28.799999237060547,10.899999618530273,635.406005859375,833.5599975585938,18.06999969482422,22.299999237060547,15.020000457763672
2023-09-12,38.95000076293945,88.80000305175781,39.0,28.100000381469727,11.0,631.1580200195312,832.6530151367188,17.950000762939453,21.90999984741211,15.050000190734863
2023-09-13,38.75,85.69999694824219,38.650001525878906,28.520000457763672,10.90999984741211,636.2550048828125,831.7459716796875,17.770000457763672,22.600000381469727,15.229999542236328
2023-09-14,38.79999923706055,85.5,38.400001525878906,28.899999618530273,11.279999732971191,634.5560302734375,839.0020141601562,17.75,22.510000228881836,15.210000038146973
2023-09-15,38.79999923706055,85.5,38.400001525878906,28.899999618530273,11.270000457763672,634.5560302734375,839.0020141601562,17.600000381469727,22.510000228881836,15.180000305175781
2023-09-17,38.79999923706055,85.5,38.400001525878906,28.649999618530273,11.270000457763672,634.5560302734375,839.0020141601562,17.600000381469727,22.260000228881836,15.180000305175781
2023-09-18,38.04999923706055,84.0999984741211,37.95000076293945,28.780000686645508,11.260000228881836,632.8569946289062,831.7459716796875,17.6299991607666,22.700000762939453,15.229999542236328
2023-09-19,39.900001525878906,84.5,38.45000076293945,29.350000381469727,11.569999694824219,630.3090209960938,831.7459716796875,17.565000534057617,22.65999984741211,15.119999885559082
2023-09-20,39.45000076293945,84.0,38.150001525878906,29.350000381469727,11.470000267028809,627.760009765625,830.8389892578125,17.6200008392334,22.65999984741211,15.350000381469727
2023-09-21,38.45000076293945,83.0,38.0,29.350000381469727,11.5600004196167,626.9110107421875,829.0239868164062,17.489999771118164,22.65999984741211,15.390000343322754
2023-09-22,38.45000076293945,83.0,38.0,29.350000381469727,11.859999656677246,626.9110107421875,829.0239868164062,17.579999923706055,22.65999984741211,15.550000190734863
2023-09-24,38.45000076293945,83.0,38.0,29.350000381469727,11.859999656677246,615.8679809570312,823.5819702148438,17.579999923706055,22.65999984741211,15.550000190734863
2023-09-25,38.849998474121094,83.0999984741211,37.650001525878906,30.399999618530273,11.59000015258789,621.8140258789062,821.7680053710938,17.454999923706055,23.790000915527344,15.600000381469727
2023-09-26,39.70000076293945,82.30000305175781,37.20000076293945,30.260000228881836,11.59000015258789,626.0609741210938,824.489013671875,17.545000076293945,23.3799991607666,15.420000076293945
2023-09-27,39.75,82.5,38.0,30.260000228881836,11.479999542236328,622.6630249023438,821.7680053710938,17.56999969482422,23.3799991607666,15.479999542236328
2023-09-28,40.349998474121094,82.5,37.599998474121094,30.260000228881836,11.470000267028809,622.6630249023438,821.7680053710938,17.530000686645508,23.3799991607666,15.40999984741211
2023-09-29,40.349998474121094,82.5,37.599998474121094,30.260000228881836,11.279999732971191,622.6630249023438,821.7680053710938,17.389999389648438,23.3799991607666,15.289999961853027
2023-10-01,40.349998474121094,82.5,37.599998474121094,30.260000228881836,11.279999732971191,622.6630249023438,821.7680053710938,17.389999389648438,23.3799991607666,15.289999961853027
2023-10-02,39.0,82.0,37.29999923706055,28.5,11.4399995803833,616.7169799804688,807.2559814453125,17.40999984741211,22.790000915527344,15.510000228881836
2023-10-03,38.75,82.0999984741211,37.650001525878906,27.75,11.050000190734863,618.416015625,804.5349731445312,17.520000457763672,22.15999984741211,15.5600004196167
2023-10-04,38.099998474121094,81.0999984741211,37.0,28.59000015258789,11.050000190734863,619.2659912109375,801.8140258789062,17.354999542236328,22.360000610351562,15.520000457763672
2023-10-05,37.900001525878906,82.9000015258789,37.0,28.59000015258789,11.15999984741211,613.3189697265625,793.6500244140625,17.149999618530273,22.360000610351562,15.359999656677246
2023-10-06,37.900001525878906,82.9000015258789,37.0,28.59000015258789,11.140000343322754,613.3189697265625,793.6500244140625,17.219999313354492,22.360000610351562,15.539999961853027
2023-10-08,37.70000076293945,82.0,36.0,27.399999618530273,11.140000343322754,610.77099609375,790.02197265625,17.219999313354492,21.600000381469727,15.539999961853027
2023-10-09,38.20000076293945,80.5,35.79999923706055,27.989999771118164,10.880000114440918,599.72802734375,774.60302734375,16.969999313354492,21.469999313354492,14.739999771118164
2023-10-10,39.0,80.80000305175781,35.95000076293945,28.299999237060547,10.84000015258789,603.1259765625,775.510009765625,16.889999389648438,21.899999618530273,14.8100004196167
2023-10-11,40.20000076293945,79.0999984741211,35.349998474121094,27.600000381469727,10.84000015258789,599.72802734375,761.9039916992188,17.209999084472656,21.940000534057617,14.859999656677246
2023-10-12,40.400001525878906,80.0999984741211,35.349998474121094,27.93000030517578,10.800000190734863,602.2760009765625,774.60302734375,17.010000228881836,23.65999984741211,14.539999961853027
2023-10-13,40.400001525878906,80.0999984741211,35.349998474121094,27.93000030517578,10.930000305175781,602.2760009765625,774.60302734375,17.06999969482422,23.65999984741211,14.279999732971191
2023-10-15,39.5,80.0,35.900001525878906,28.530000686645508,10.930000305175781,602.2760009765625,774.60302734375,17.06999969482422,24.25,14.279999732971191
2023-10-16,38.75,78.80000305175781,36.900001525878906,29.6200008392334,10.869999885559082,603.1259765625,784.5800170898438,17.139999389648438,25.1200008392334,14.210000038146973
2023-10-17,39.54999923706055,79.5,37.25,30.760000228881836,11.029999732971191,621.8140258789062,819.0469970703125,17.020000457763672,27.610000610351562,14.40999984741211
2023-10-18,39.5,78.9000015258789,36.349998474121094,31.5,11.170000076293945,611.6199951171875,804.5349731445312,16.770000457763672,27.5,14.170000076293945
2023-10-19,39.349998474121094,79.0999984741211,36.25,31.5,11.229999542236328,611.6199951171875,809.0700073242188,16.65999984741211,27.5,14.029999732971191
2023-10-20,39.349998474121094,79.0999984741211,36.25,31.5,10.890000343322754,611.6199951171875,809.0700073242188,16.459999084472656,27.5,13.579999923706055
2023-10-22,38.79999923706055,78.80000305175781,36.150001525878906,30.8799991607666,10.890000343322754,603.1259765625,811.791015625,16.459999084472656,28.0,13.579999923706055
2023-10-23,37.25,75.80000305175781,35.650001525878906,30.809999465942383,11.079999923706055,599.72802734375,805.4420166015625,16.56999969482422,29.5,13.520000457763672
2023-10-24,37.20000076293945,76.0,36.0,31.06999969482422,11.0600004196167,591.2329711914062,792.7429809570312,16.329999923706055,28.920000076293945,13.710000038146973
2023-10-25,38.349998474121094,77.80000305175781,36.650001525878906,32.189998626708984,11.100000381469727,585.2869873046875,798.1849975585938,16.219999313354492,30.190000534057617,13.710000038146973
2023-10-26,37.0,76.69999694824219,36.04999923706055,32.25,11.039999961853027,575.9420166015625,785.4869995117188,15.970000267028809,29.969999313354492,13.59000015258789
2023-10-27,37.0,76.69999694824219,36.04999923706055,32.25,10.979999542236328,575.9420166015625,785.4869995117188,15.84000015258789,29.969999313354492,13.345000267028809
2023-10-29,36.900001525878906,76.80000305175781,36.849998474121094,33.040000915527344,10.979999542236328,561.5009765625,761.9039916992188,15.84000015258789,28.5,13.345000267028809
2023-10-30,37.0,76.0999984741211,37.099998474121094,32.70000076293945,11.069999694824219,577.6409912109375,775.510009765625,16.350000381469727,27.920000076293945,13.5600004196167
2023-10-31,36.0,77.0,38.400001525878906,34.0,10.989999771118164,581.0390014648438,795.4639892578125,16.239999771118164,27.1200008392334,13.800000190734863
2023-11-01,35.75,75.69999694824219,38.54999923706055,32.95000076293945,11.149999618530273,578.4910278320312,788.2080078125,16.520000457763672,27.469999313354492,14.149999618530273
2023-11-02,36.45000076293945,78.30000305175781,38.25,33.45000076293945,10.989999771118164,586.135986328125,799.0919799804688,16.899999618530273,27.530000686645508,14.479999542236328
2023-11-03,36.45000076293945,78.30000305175781,38.25,33.45000076293945,11.119999885559082,586.135986328125,799.0919799804688,16.93000030517578,27.530000686645508,14.550000190734863
2023-11-05,36.650001525878906,80.4000015258789,38.349998474121094,34.29999923706055,11.119999885559082,598.0289916992188,805.4420166015625,16.93000030517578,28.350000381469727,14.550000190734863
2023-11-06,37.900001525878906,79.4000015258789,37.95000076293945,33.810001373291016,10.979999542236328,594.6309814453125,811.791015625,17.469999313354492,28.010000228881836,14.720000267028809
2023-11-07,37.70000076293945,79.0,37.95000076293945,33.79999923706055,11.100000381469727,587.8350219726562,808.1630249023438,17.459999084472656,27.899999618530273,14.720000267028809
2023-11-08,37.20000076293945,77.80000305175781,38.20000076293945,33.849998474121094,11.079999923706055,585.2869873046875,802.7210083007812,17.290000915527344,28.25,14.65999984741211
2023-11-09,37.29999923706055,77.80000305175781,38.20000076293945,35.119998931884766,10.970000267028809,589.5339965820312,807.2559814453125,17.079999923706055,28.75,14.539999961853027
2023-11-10,37.29999923706055,77.80000305175781,38.20000076293945,35.119998931884766,10.949999809265137,589.5339965820312,807.2559814453125,17.200000762939453,28.75,14.770000457763672
2023-11-12,37.25,77.69999694824219,37.70000076293945,34.0,10.949999809265137,592.9320068359375,805.4420166015625,17.200000762939453,28.719999313354492,14.770000457763672
2023-11-13,37.25,78.0999984741211,37.099998474121094,38.20000076293945,10.9399995803833,588.6849975585938,790.9290161132812,17.209999084472656,28.299999237060547,14.630000114440918
2023-11-14,37.849998474121094,78.0,37.099998474121094,36.70000076293945,11.199999809265137,588.6849975585938,785.4869995117188,17.329999923706055,29.079999923706055,14.779999732971191
2023-11-15,39.650001525878906,81.30000305175781,38.75,35.650001525878906,12.039999961853027,594.6309814453125,797.2780151367188,17.5,29.309999465942383,14.760000228881836
2023-11-16,40.20000076293945,82.0999984741211,39.20000076293945,36.36000061035156,12.069999694824219,598.0289916992188,796.3709716796875,17.450000762939453,29.25,14.899999618530273
2023-11-17,40.20000076293945,82.0999984741211,39.20000076293945,36.36000061035156,11.979999542236328,598.0289916992188,796.3709716796875,17.6299991607666,29.25,15.010000228881836
2023-11-19,39.900001525878906,83.0,39.04999923706055,36.29999923706055,11.979999542236328,599.72802734375,792.7429809570312,17.6299991607666,29.25,15.010000228881836
2023-11-20,40.099998474121094,81.5999984741211,38.650001525878906,35.68000030517578,11.640000343322754,596.3300170898438,789.114990234375,17.59000015258789,28.399999618530273,14.880000114440918
2023-11-21,39.79999923706055,80.5,38.29999923706055,37.29999923706055,11.859999656677246,596.3300170898438,791.8359985351562,17.56999969482422,28.920000076293945,14.760000228881836
2023-11-22,40.150001525878906,81.30000305175781,38.29999923706055,37.0099983215332,11.600000381469727,596.3300170898438,794.5570068359375,17.520000457763672,28.65999984741211,14.670000076293945
2023-11-23,40.150001525878906,81.30000305175781,38.29999923706055,36.77000045776367,11.600000381469727,595.47998046875,797.2780151367188,17.520000457763672,28.450000762939453,14.670000076293945
2023-11-24,40.150001525878906,81.30000305175781,38.29999923706055,36.77000045776367,11.569999694824219,595.47998046875,797.2780151367188,17.579999923706055,28.450000762939453,14.859999656677246
2023-11-26,39.099998474121094,80.80000305175781,37.900001525878906,36.79999923706055,11.569999694824219,594.6309814453125,795.4639892578125,17.579999923706055,28.600000381469727,14.859999656677246
2023-11-27,38.5,79.5,38.29999923706055,36.459999084472656,11.75,593.781005859375,790.9290161132812,17.360000610351562,28.25,14.829999923706055
2023-11-28,39.0,79.0,38.45000076293945,36.20000076293945,11.520000457763672,593.781005859375,791.8359985351562,17.329999923706055,27.649999618530273,14.899999618530273
2023-11-29,38.650001525878906,79.30000305175781,38.45000076293945,35.79999923706055,11.819999694824219,590.3829956054688,787.301025390625,17.270000457763672,27.43000030517578,14.779999732971191
2023-11-30,39.849998474121094,79.19999694824219,38.45000076293945,35.9900016784668,11.760000228881836,593.781005859375,802.7210083007812,17.360000610351562,27.200000762939453,14.819999694824219
2023-12-01,39.849998474121094,79.19999694824219,38.45000076293945,35.9900016784668,11.869999885559082,593.781005859375,802.7210083007812,17.350000381469727,27.200000762939453,14.779999732971191
2023-12-03,39.54999923706055,80.0999984741211,38.29999923706055,36.0,11.869999885559082,592.9320068359375,796.3709716796875,17.350000381469727,27.079999923706055,14.779999732971191
2023-12-04,39.70000076293945,79.80000305175781,38.150001525878906,37.52000045776367,11.989999771118164,592.0819702148438,793.6500244140625,17.139999389648438,27.770000457763672,14.65999984741211
2023-12-05,39.29999923706055,80.0999984741211,38.25,37.41999816894531,12.420000076293945,592.9320068359375,796.3709716796875,17.1299991607666,28.770000457763672,14.640000343322754
2023-12-06,39.599998474121094,80.0,38.099998474121094,36.790000915527344,12.300000190734863,592.0819702148438,798.1849975585938,16.979999542236328,28.0,14.5
2023-12-07,39.0,80.0,38.150001525878906,36.060001373291016,12.510000228881836,595.47998046875,796.3709716796875,17.040000915527344,27.639999389648438,14.5600004196167
2023-12-08,39.0,80.0,38.150001525878906,36.060001373291016,12.489999771118164,595.47998046875,796.3709716796875,16.940000534057617,27.639999389648438,14.329999923706055
2023-12-10,38.5,79.9000015258789,38.400001525878906,35.84000015258789,12.489999771118164,594.6309814453125,797.2780151367188,16.940000534057617,27.18000030517578,14.329999923706055
2023-12-11,39.150001525878906,80.4000015258789,40.0,35.849998474121094,12.710000038146973,597.1790161132812,805.4420166015625,16.81999969482422,26.149999618530273,14.380000114440918
2023-12-12,39.400001525878906,78.9000015258789,39.04999923706055,36.4900016784668,12.5,609.9210205078125,811.791015625,16.6200008392334,26.149999618530273,14.40999984741211
2023-12-13,39.79999923706055,79.0999984741211,39.0,36.709999084472656,12.5600004196167,610.77099609375,819.0469970703125,16.84000015258789,28.200000762939453,14.385000228881836
2023-12-14,40.099998474121094,79.19999694824219,39.25,36.70000076293945,12.079999923706055,608.2219848632812,822.6749877929688,17.149999618530273,28.329999923706055,14.649999618530273
2023-12-15,40.099998474121094,79.19999694824219,39.25,36.70000076293945,11.640000343322754,608.2219848632812,822.6749877929688,17.209999084472656,28.329999923706055,14.5600004196167
2023-12-17,41.29999923706055,80.0,39.599998474121094,36.7599983215332,11.640000343322754,608.2219848632812,822.6749877929688,17.209999084472656,27.729999542236328,14.5600004196167
2023-12-18,42.5,81.30000305175781,39.599998474121094,37.59000015258789,11.920000076293945,608.2219848632812,822.6749877929688,17.219999313354492,28.309999465942383,14.520000457763672
2023-12-20,41.70000076293945,81.19999694824219,39.29999923706055,38.40999984741211,11.989999771118164,619.2659912109375,833.5599975585938,17.43000030517578,28.049999237060547,14.4399995803833
2023-12-21,41.79999923706055,81.19999694824219,39.20000076293945,37.47999954223633,12.430000305175781,616.7169799804688,833.5599975585938,17.719999313354492,27.15999984741211,14.529999732971191
2023-12-22,41.79999923706055,81.19999694824219,39.20000076293945,37.47999954223633,12.979999542236328,616.7169799804688,833.5599975585938,17.739999771118164,27.15999984741211,14.59000015258789
2023-12-24,42.29999923706055,81.5,39.29999923706055,37.47999954223633,12.979999542236328,616.7169799804688,833.5599975585938,17.739999771118164,27.15999984741211,14.59000015258789
2023-12-25,43.25,81.80000305175781,39.599998474121094,36.61000061035156,12.979999542236328,615.8679809570312,811.791015625,17.739999771118164,27.209999084472656,14.59000015258789
2023-12-26,43.5,82.30000305175781,40.25,35.43000030517578,13.069999694824219,609.9210205078125,795.4639892578125,17.950000762939453,27.0,14.699999809265137
2023-12-27,43.20000076293945,82.9000015258789,40.25,35.61000061035156,13.289999961853027,615.0180053710938,804.5349731445312,18.0,27.850000381469727,14.710000038146973
2023-12-28,44.150001525878906,83.30000305175781,40.45000076293945,36.66999816894531,13.039999961853027,616.7169799804688,810.8839721679688,18.1299991607666,28.610000610351562,14.84000015258789
2023-12-29,44.150001525878906,83.30000305175781,40.45000076293945,36.66999816894531,12.880000114440918,616.7169799804688,810.8839721679688,18.1299991607666,28.610000610351562,14.859999656677246
2023-12-31,48.54999923706055,83.5,40.400001525878906,37.650001525878906,12.880000114440918,616.7169799804688,810.8839721679688,18.1299991607666,29.0,14.859999656677246
2024-01-01,49.79999923706055,83.69999694824219,40.400001525878906,37.650001525878906,12.880000114440918,616.7169799804688,810.8839721679688,18.1299991607666,29.0,14.859999656677246
2024-01-02,48.400001525878906,83.30000305175781,40.95000076293945,38.5,12.960000038146973,626.0609741210938,834.4669799804688,18.329999923706055,29.639999389648438,14.84000015258789
2024-01-03,46.79999923706055,82.0,40.25,38.310001373291016,12.75,632.0079956054688,832.6530151367188,18.030000686645508,29.8700008392334,14.819999694824219
2024-01-04,47.849998474121094,80.5999984741211,40.849998474121094,38.2400016784668,12.829999923706055,632.0079956054688,838.094970703125,17.93000030517578,29.5,14.739999771118164
2024-01-05,47.849998474121094,80.5999984741211,40.849998474121094,38.2400016784668,12.960000038146973,632.0079956054688,838.094970703125,17.90999984741211,29.5,14.84000015258789
2024-01-07,47.29999923706055,81.5,41.5,38.2400016784668,12.960000038146973,640.5020141601562,840.8159790039062,17.90999984741211,29.5,14.84000015258789
2024-01-08,47.0,81.69999694824219,40.95000076293945,37.959999084472656,13.25,644.75,851.7000122070312,18.239999771118164,29.780000686645508,15.109999656677246
2024-01-09,47.04999923706055,81.0999984741211,40.900001525878906,38.33000183105469,13.0,651.5460205078125,858.0490112304688,17.940000534057617,30.530000686645508,15.229999542236328
2024-01-10,46.95000076293945,80.0,41.099998474121094,38.08000183105469,12.8100004196167,648.9970092773438,855.3280029296875,17.920000076293945,30.0,15.180000305175781
2024-01-11,45.849998474121094,79.9000015258789,41.150001525878906,38.29999923706055,12.770000457763672,660.8900146484375,861.677978515625,17.780000686645508,29.889999389648438,15.229999542236328
2024-01-12,45.849998474121094,79.9000015258789,41.150001525878906,38.29999923706055,12.869999885559082,660.8900146484375,861.677978515625,18.0,29.889999389648438,15.210000038146973
2024-01-14,45.29999923706055,80.0,41.04999923706055,38.310001373291016,12.869999885559082,657.4920043945312,866.2130126953125,18.0,30.600000381469727,15.210000038146973
2024-01-15,45.29999923706055,79.9000015258789,41.29999923706055,38.599998474121094,12.869999885559082,661.739013671875,879.8179931640625,18.0,30.479999542236328,15.210000038146973
2024-01-16,45.25,79.0,40.900001525878906,39.5,12.75,659.1909790039062,879.8179931640625,17.850000381469727,31.600000381469727,14.970000267028809
2024-01-17,44.45000076293945,78.0,41.599998474121094,39.81999969482422,12.850000381469727,657.4920043945312,878.9110107421875,17.59000015258789,31.700000762939453,15.069999694824219
2024-01-18,44.650001525878906,77.0,41.25,38.900001525878906,12.859999656677246,655.7930297851562,877.0969848632812,17.540000915527344,31.860000610351562,14.899999618530273
2024-01-19,44.650001525878906,77.0,41.25,38.900001525878906,12.970000267028809,655.7930297851562,877.0969848632812,17.579999923706055,31.860000610351562,14.930000305175781
2024-01-21,47.29999923706055,77.80000305175781,41.5,39.459999084472656,12.970000267028809,658.3410034179688,880.7249755859375,17.579999923706055,32.79999923706055,14.930000305175781
2024-01-22,47.29999923706055,77.80000305175781,41.5,39.04999923706055,13.050000190734863,661.739013671875,886.1669921875,17.739999771118164,32.61000061035156,15.020000457763672
2024-01-23,46.54999923706055,78.80000305175781,41.95000076293945,37.81999969482422,13.75,665.1370239257812,887.9810180664062,17.649999618530273,31.649999618530273,15.0600004196167
2024-01-24,46.75,79.30000305175781,42.400001525878906,38.5,13.670000076293945,666.8359985351562,891.6090087890625,17.75,32.15999984741211,15.300000190734863
2024-01-25,47.0,78.80000305175781,42.650001525878906,38.5,13.609999656677246,667.6859741210938,895.2379760742188,17.780000686645508,32.15999984741211,15.329999923706055
2024-01-26,47.0,78.80000305175781,42.650001525878906,38.5,13.699999809265137,667.6859741210938,895.2379760742188,17.7549991607666,32.15999984741211,15.010000228881836
2024-01-28,47.20000076293945,79.19999694824219,42.20000076293945,39.0,13.699999809265137,666.8359985351562,898.8660278320312,17.7549991607666,32.93000030517578,15.010000228881836
2024-01-29,47.70000076293945,79.69999694824219,41.79999923706055,39.06999969482422,13.520000457763672,663.43798828125,898.8660278320312,17.389999389648438,33.290000915527344,15.050000190734863
2024-01-30,46.45000076293945,78.0999984741211,41.75,39.31999969482422,13.529999732971191,664.2880249023438,905.2150268554688,17.450000762939453,34.810001373291016,15.029999732971191
2024-01-31,46.400001525878906,77.9000015258789,40.79999923706055,36.560001373291016,13.460000038146973,655.7930297851562,888.8880004882812,17.25,32.20000076293945,14.739999771118164
2024-02-01,46.75,78.4000015258789,41.75,37.0,13.300000190734863,654.093994140625,882.5390014648438,17.256000518798828,33.4900016784668,14.800000190734863
2024-02-02,46.75,78.4000015258789,41.75,37.0,13.40999984741211,654.093994140625,882.5390014648438,17.170000076293945,33.4900016784668,14.720000267028809
2024-02-04,46.849998474121094,78.5999984741211,41.849998474121094,36.88999938964844,13.40999984741211,648.9970092773438,876.1900024414062,17.170000076293945,31.940000534057617,14.720000267028809
2024-02-05,47.45000076293945,78.4000015258789,42.650001525878906,37.0099983215332,13.418999671936035,654.9429931640625,889.7949829101562,17.030000686645508,32.09000015258789,14.75
2024-02-06,47.349998474121094,79.19999694824219,42.54999923706055,37.790000915527344,13.319999694824219,659.1909790039062,885.260009765625,16.979999542236328,30.780000686645508,14.569999694824219
2024-02-07,49.849998474121094,79.4000015258789,41.95000076293945,39.709999084472656,13.0600004196167,660.8900146484375,881.6320190429688,17.100000381469727,31.399999618530273,14.510000228881836
2024-02-08,49.849998474121094,79.4000015258789,41.95000076293945,41.58000183105469,12.949999809265137,660.8900146484375,881.6320190429688,17.049999237060547,31.5,14.479999542236328
2024-02-09,49.849998474121094,79.4000015258789,41.95000076293945,41.58000183105469,13.039999961853027,660.8900146484375,881.6320190429688,17.1200008392334,31.5,14.550000190734863
2024-02-11,50.099998474121094,79.5,41.29999923706055,40.560001373291016,13.039999961853027,675.3309936523438,886.1669921875,17.1200008392334,31.350000381469727,14.550000190734863
2024-02-12,52.0,80.0,41.20000076293945,40.0,13.020000457763672,679.5780029296875,887.9810180664062,17.350000381469727,30.899999618530273,14.645000457763672
2024-02-13,51.900001525878906,78.4000015258789,41.5,39.84000015258789,12.800000190734863,675.3309936523438,887.073974609375,17.139999389648438,32.400001525878906,14.489999771118164
2024-02-14,51.0,78.5999984741211,41.349998474121094,40.5099983215332,12.850000381469727,670.2340087890625,885.260009765625,17.530000686645508,32.47999954223633,14.779999732971191
2024-02-15,50.900001525878906,79.0,41.650001525878906,40.15999984741211,12.930000305175781,667.6859741210938,886.1669921875,17.489999771118164,32.369998931884766,14.875
2024-02-16,50.900001525878906,79.0,41.650001525878906,40.15999984741211,13.1899995803833,667.6859741210938,886.1669921875,17.562000274658203,32.369998931884766,14.930000305175781
2024-02-18,50.400001525878906,79.0,41.54999923706055,40.15999984741211,13.1899995803833,665.1370239257812,883.4459838867188,17.562000274658203,32.369998931884766,14.930000305175781
2024-02-19,51.0,79.19999694824219,41.75,40.61000061035156,13.1899995803833,669.3839721679688,887.9810180664062,17.562000274658203,32.88999938964844,14.930000305175781
2024-02-20,50.79999923706055,79.4000015258789,42.79999923706055,41.5,12.930000305175781,677.8790283203125,888.8880004882812,17.799999237060547,33.5,14.949999809265137
2024-02-21,50.29999923706055,79.0999984741211,41.95000076293945,41.369998931884766,13.0600004196167,682.9760131835938,891.6090087890625,17.850000381469727,33.349998474121094,14.869999885559082
2024-02-22,50.29999923706055,79.0999984741211,41.95000076293945,41.290000915527344,13.0,680.427978515625,884.35302734375,17.90999984741211,33.0,14.680000305175781
2024-02-23,50.29999923706055,79.0999984741211,41.95000076293945,41.290000915527344,13.010000228881836,680.427978515625,884.35302734375,17.889999389648438,33.0,14.529999732971191
2024-02-25,49.25,79.80000305175781,41.95000076293945,38.5,13.010000228881836,680.427978515625,884.35302734375,17.889999389648438,31.549999237060547,14.529999732971191
2024-02-26,49.29999923706055,78.80000305175781,41.400001525878906,40.5,13.09000015258789,680.427978515625,884.35302734375,18.010000228881836,33.2599983215332,14.630000114440918
2024-02-27,50.29999923706055,79.9000015258789,41.70000076293945,40.709999084472656,12.850000381469727,684.6749877929688,891.6090087890625,18.100000381469727,36.5099983215332,14.579999923706055
2024-02-28,50.29999923706055,79.0,41.599998474121094,40.5099983215332,12.90999984741211,683.8259887695312,885.260009765625,18.229999542236328,34.70000076293945,14.5600004196167
2024-02-29,49.75,78.80000305175781,42.45000076293945,38.599998474121094,12.25,688.072998046875,888.8880004882812,18.18000030517578,35.0,14.5600004196167
2024-03-01,49.75,78.80000305175781,42.45000076293945,38.599998474121094,11.869999885559082,688.072998046875,888.8880004882812,18.1200008392334,35.0,14.699999809265137
2024-03-03,48.900001525878906,78.19999694824219,42.04999923706055,39.40999984741211,11.869999885559082,688.072998046875,886.1669921875,18.1200008392334,34.310001373291016,14.699999809265137
2024-03-04,48.25,77.69999694824219,41.099998474121094,39.08000183105469,12.079999923706055,688.9219970703125,887.9810180664062,18.09000015258789,37.0,14.635000228881836
2024-03-05,48.25,77.69999694824219,41.099998474121094,38.650001525878906,12.420000076293945,686.3740234375,887.073974609375,17.875,44.400001525878906,14.460000038146973
2024-03-06,49.95000076293945,78.9000015258789,41.349998474121094,38.970001220703125,12.449999809265137,683.8259887695312,878.0040283203125,17.809999465942383,41.0,14.380000114440918
2024-03-07,50.0,78.19999694824219,41.150001525878906,37.81999969482422,12.880000114440918,683.8259887695312,874.3759765625,18.040000915527344,42.619998931884766,14.489999771118164
2024-03-08,50.0,78.19999694824219,41.150001525878906,37.81999969482422,12.619999885559082,683.8259887695312,874.3759765625,17.90999984741211,42.619998931884766,14.430000305175781
2024-03-10,50.5,78.4000015258789,41.25,39.20000076293945,12.619999885559082,687.2230224609375,881.6320190429688,17.90999984741211,47.25,14.430000305175781
2024-03-11,52.0,78.69999694824219,40.45000076293945,41.0,12.5,689.77197265625,881.6320190429688,17.90999984741211,44.25,14.449999809265137
2024-03-12,52.400001525878906,78.5999984741211,40.150001525878906,39.0,12.619999885559082,693.1699829101562,881.6320190429688,17.899999618530273,42.5,14.5
2024-03-13,51.900001525878906,77.9000015258789,39.849998474121094,39.279998779296875,13.029999732971191,690.6209716796875,879.8179931640625,18.049999237060547,40.40999984741211,14.520000457763672
2024-03-14,53.20000076293945,77.4000015258789,39.75,40.099998474121094,12.90999984741211,688.9219970703125,877.0969848632812,17.969999313354492,41.4900016784668,14.579999923706055
2024-03-15,53.20000076293945,77.4000015258789,39.75,40.099998474121094,13.350000381469727,688.9219970703125,877.0969848632812,17.98200035095215,41.4900016784668,14.649999618530273
2024-03-17,53.79999923706055,77.4000015258789,39.900001525878906,39.459999084472656,13.350000381469727,690.6209716796875,878.0040283203125,17.98200035095215,40.5,14.649999618530273
2024-03-18,53.099998474121094,76.9000015258789,39.650001525878906,38.22999954223633,12.899999618530273,688.9219970703125,873.468994140625,18.100000381469727,35.0099983215332,14.800000190734863
2024-03-19,52.79999923706055,76.80000305175781,39.70000076293945,38.0,12.899999618530273,682.1270141601562,876.1900024414062,18.209999084472656,34.75,14.930000305175781
2024-03-20,51.400001525878906,78.80000305175781,39.75,37.63999938964844,13.239999771118164,682.9760131835938,879.8179931640625,18.049999237060547,34.209999084472656,14.90999984741211
2024-03-21,52.20000076293945,77.5999984741211,39.650001525878906,37.91999816894531,13.479999542236328,685.5239868164062,880.7249755859375,18.09000015258789,35.900001525878906,14.949999809265137
2024-03-22,52.20000076293945,77.5999984741211,39.650001525878906,37.91999816894531,13.319999694824219,685.5239868164062,880.7249755859375,18.079999923706055,35.900001525878906,14.970000267028809
2024-03-24,52.0,77.9000015258789,39.849998474121094,38.09000015258789,13.319999694824219,684.6749877929688,882.5390014648438,18.079999923706055,34.2400016784668,14.970000267028809
2024-03-25,50.599998474121094,77.0999984741211,39.45000076293945,38.5,13.300000190734863,684.6749877929688,882.5390014648438,17.719999313354492,35.2400016784668,15.050000190734863
2024-03-26,50.0,77.0,39.75,38.5,13.069999694824219,684.6749877929688,875.2830200195312,17.719999313354492,33.84000015258789,14.949999809265137
2024-03-27,51.5,77.0,39.75,38.29999923706055,13.720000267028809,682.1270141601562,874.3759765625,17.579999923706055,32.4900016784668,14.774999618530273
2024-03-28,50.5,78.0999984741211,39.599998474121094,37.779998779296875,13.539999961853027,679.5780029296875,870.7479858398438,17.639999389648438,31.049999237060547,14.789999961853027
2024-03-31,49.0,78.30000305175781,39.599998474121094,35.54999923706055,13.539999961853027,676.1799926757812,861.677978515625,17.639999389648438,31.5,14.789999961853027
2024-04-01,49.45000076293945,78.69999694824219,38.900001525878906,36.040000915527344,13.319999694824219,680.427978515625,869.8410034179688,17.350000381469727,32.04999923706055,14.789999961853027
2024-04-02,50.0,83.0,38.5,36.08000183105469,13.819999694824219,683.8259887695312,873.468994140625,17.270000457763672,31.209999084472656,14.852999687194824
2024-04-03,51.70000076293945,86.0999984741211,38.599998474121094,36.189998626708984,13.720000267028809,674.4810180664062,856.2349853515625,17.229999542236328,33.220001220703125,14.9399995803833
2024-04-04,52.5,88.4000015258789,38.95000076293945,36.36000061035156,13.649999618530273,674.4810180664062,856.2349853515625,17.3799991607666,33.7599983215332,14.800000190734863
2024-04-05,52.5,88.4000015258789,38.95000076293945,36.36000061035156,13.699999809265137,674.4810180664062,856.2349853515625,17.34000015258789,33.7599983215332,14.960000038146973
2024-04-07,52.5,88.4000015258789,38.95000076293945,36.5,13.699999809265137,674.4810180664062,856.2349853515625,17.34000015258789,33.099998474121094,14.960000038146973
2024-04-08,52.5,88.4000015258789,38.95000076293945,37.9900016784668,13.90999984741211,676.8510131835938,830.4760131835938,17.729999542236328,33.97999954223633,15.010000228881836
2024-04-15,52.599998474121094,85.69999694824219,39.099998474121094,39.0,13.359999656677246,668.5180053710938,820.9520263671875,17.389999389648438,36.400001525878906,14.869999885559082
2024-04-16,53.099998474121094,82.0999984741211,38.599998474121094,38.400001525878906,13.770000457763672,662.0369873046875,818.094970703125,17.459999084472656,35.849998474121094,14.635000228881836
2024-04-17,53.400001525878906,81.9000015258789,38.25,39.0,13.5,657.406982421875,804.760986328125,17.40999984741211,37.150001525878906,14.5
2024-04-18,55.0,80.9000015258789,39.25,37.5,13.4399995803833,673.1480102539062,808.5709838867188,17.309999465942383,35.0,14.579999923706055
2024-04-19,55.0,80.9000015258789,39.25,37.5,13.170000076293945,673.1480102539062,808.5709838867188,17.420000076293945,35.0,14.420000076293945
2024-04-21,54.0,79.69999694824219,39.29999923706055,36.79999923706055,13.170000076293945,679.6290283203125,813.3330078125,17.420000076293945,35.29999923706055,14.420000076293945
2024-04-22,53.5,78.9000015258789,38.79999923706055,34.900001525878906,13.25,676.8510131835938,823.8090209960938,17.139999389648438,34.220001220703125,14.399999618530273
2024-04-23,52.29999923706055,79.80000305175781,38.45000076293945,33.5099983215332,13.289999961853027,676.8510131835938,825.7139892578125,17.350000381469727,32.5,14.289999961853027
2024-04-24,51.5,78.9000015258789,38.25,32.0099983215332,13.539999961853027,675.9249877929688,827.6190185546875,17.149999618530273,31.649999618530273,14.25
2024-04-25,51.79999923706055,78.80000305175781,38.349998474121094,32.0099983215332,13.710000038146973,669.4439697265625,821.9039916992188,17.219999313354492,31.649999618530273,14.350000381469727
2024-04-26,51.79999923706055,78.80000305175781,38.349998474121094,32.0099983215332,13.649999618530273,669.4439697265625,821.9039916992188,17.200000762939453,31.649999618530273,14.34000015258789
2024-04-28,51.79999923706055,78.80000305175781,38.349998474121094,32.0099983215332,13.649999618530273,663.8880004882812,823.8090209960938,17.200000762939453,31.649999618530273,14.34000015258789
2024-04-29,51.70000076293945,85.5,38.04999923706055,32.16999816894531,13.109999656677246,669.4439697265625,820.0,17.420000076293945,33.43000030517578,14.399999618530273
2024-04-30,50.599998474121094,84.5,37.650001525878906,30.90999984741211,12.930000305175781,666.666015625,823.8090209960938,17.270000457763672,31.049999237060547,14.329999923706055
2024-05-01,50.29999923706055,83.80000305175781,37.29999923706055,30.90999984741211,13.289999961853027,663.8880004882812,822.8569946289062,17.309999465942383,31.049999237060547,14.399999618530273
2024-05-02,49.75,82.5,37.29999923706055,36.0,13.5,663.8880004882812,817.1420288085938,17.190000534057617,32.61000061035156,14.489999771118164
2024-05-03,49.75,82.5,37.29999923706055,36.0,13.479999542236328,663.8880004882812,817.1420288085938,17.31999969482422,32.61000061035156,14.579999923706055
2024-05-05,49.75,81.9000015258789,37.29999923706055,36.0,13.479999542236328,666.666015625,819.0469970703125,17.31999969482422,32.61000061035156,14.579999923706055
2024-05-06,49.79999923706055,81.5999984741211,37.79999923706055,36.0,13.5,663.8880004882812,815.2379760742188,17.270000457763672,32.61000061035156,14.539999961853027
2024-05-07,49.599998474121094,80.69999694824219,37.5,34.0,13.619999885559082,666.666015625,810.4760131835938,17.149999618530273,33.13999938964844,14.579999923706055
2024-05-08,52.0,81.4000015258789,38.150001525878906,33.70000076293945,14.15999984741211,673.1480102539062,812.3800048828125,17.18000030517578,34.47999954223633,14.75
2024-05-09,50.599998474121094,80.0,38.45000076293945,33.02000045776367,14.539999961853027,681.4810180664062,807.6190185546875,17.100000381469727,34.560001373291016,14.65999984741211
2024-05-10,50.599998474121094,80.0,38.45000076293945,33.02000045776367,14.420000076293945,681.4810180664062,807.6190185546875,17.200000762939453,34.560001373291016,14.529999732971191
2024-05-12,51.099998474121094,80.0,38.349998474121094,32.5,14.420000076293945,688.8880004882812,840.0,17.200000762939453,33.70000076293945,14.529999732971191
2024-05-13,50.5,80.80000305175781,38.099998474121094,31.719999313354492,14.479999542236328,687.9619750976562,851.427978515625,17.239999771118164,34.5,14.529999732971191
2024-05-14,49.5,79.80000305175781,38.04999923706055,31.639999389648438,14.470000267028809,685.1849975585938,847.6190185546875,17.15999984741211,33.849998474121094,14.510000228881836
2024-05-15,49.25,79.5999984741211,37.900001525878906,32.33000183105469,14.670000076293945,687.9619750976562,840.0,17.280000686645508,34.0,14.289999961853027
2024-05-16,49.900001525878906,80.9000015258789,38.0,33.349998474121094,14.8100004196167,689.8140258789062,833.3330078125,17.3799991607666,37.0099983215332,14.319999694824219
2024-05-17,49.900001525878906,80.9000015258789,38.0,33.349998474121094,14.970000267028809,689.8140258789062,833.3330078125,17.510000228881836,37.0099983215332,14.380000114440918
2024-05-19,49.900001525878906,80.9000015258789,38.0,31.709999084472656,14.970000267028809,690.739990234375,833.3330078125,17.510000228881836,44.40999984741211,14.380000114440918
2024-05-20,50.599998474121094,78.0999984741211,38.04999923706055,32.310001373291016,14.529999732971191,688.8880004882812,828.5709838867188,17.329999923706055,43.119998931884766,14.289999961853027
2024-05-21,51.79999923706055,78.5,38.0,32.040000915527344,14.399999618530273,690.739990234375,827.6190185546875,17.350000381469727,42.5,14.329999923706055
2024-05-22,51.400001525878906,78.0,37.79999923706055,31.950000762939453,14.199999809265137,690.739990234375,828.5709838867188,17.239999771118164,42.900001525878906,14.270000457763672
2024-05-23,49.95000076293945,76.80000305175781,36.849998474121094,31.8799991607666,14.220000267028809,688.8880004882812,821.9039916992188,16.950000762939453,44.279998779296875,14.0
2024-05-24,49.95000076293945,76.80000305175781,36.849998474121094,31.8799991607666,14.289999961853027,688.8880004882812,821.9039916992188,16.969999313354492,44.279998779296875,13.954000473022461
2024-05-26,47.650001525878906,76.19999694824219,36.54999923706055,31.8799991607666,14.289999961853027,687.9619750976562,825.7139892578125,16.969999313354492,44.279998779296875,13.954000473022461
2024-05-27,47.650001525878906,76.30000305175781,36.70000076293945,32.189998626708984,14.289999961853027,681.4810180664062,819.0469970703125,16.969999313354492,43.81999969482422,13.954000473022461
2024-05-28,46.900001525878906,75.0999984741211,36.400001525878906,32.09000015258789,14.170000076293945,679.6290283203125,815.2379760742188,16.610000610351562,44.70000076293945,13.579999923706055
2024-05-29,46.75,75.5,36.400001525878906,32.29999923706055,14.09000015258789,680.5549926757812,820.9520263671875,16.520000457763672,44.29999923706055,13.760000228881836
2024-05-30,46.75,75.5,36.400001525878906,30.84000015258789,14.350000381469727,675.9249877929688,816.1900024414062,16.709999084472656,44.5099983215332,13.869999885559082
2024-05-31,46.75,75.5,36.400001525878906,30.84000015258789,14.350000381469727,675.9249877929688,816.1900024414062,16.649999618530273,44.5099983215332,13.859999656677246
2024-06-02,46.75,75.5,36.400001525878906,30.610000610351562,14.350000381469727,675.0,819.0469970703125,16.649999618530273,46.65999984741211,13.859999656677246
2024-06-03,46.400001525878906,77.69999694824219,36.900001525878906,30.770000457763672,14.09000015258789,666.666015625,813.3330078125,16.780000686645508,46.150001525878906,13.739999771118164
2024-06-04,44.5,76.0,36.650001525878906,31.079999923706055,13.949999809265137,668.5180053710938,817.1420288085938,16.82699966430664,46.79999923706055,13.789999961853027
2024-06-05,43.900001525878906,75.0999984741211,36.5,31.0,13.899999618530273,670.3699951171875,819.0469970703125,16.920000076293945,46.79999923706055,13.8100004196167
2024-06-06,43.900001525878906,74.5,36.349998474121094,31.0,13.970000267028809,668.5180053710938,819.0469970703125,17.030000686645508,46.810001373291016,13.8100004196167
2024-06-07,43.900001525878906,74.5,36.349998474121094,31.0,14.09000015258789,668.5180053710938,819.0469970703125,16.889999389648438,46.810001373291016,13.789999961853027
2024-06-09,44.599998474121094,75.5,37.54999923706055,29.5,14.09000015258789,669.4439697265625,818.094970703125,16.889999389648438,47.310001373291016,13.789999961853027
2024-06-10,45.29999923706055,76.19999694824219,37.650001525878906,29.1200008392334,14.010000228881836,670.3699951171875,817.1420288085938,17.139999389648438,47.18000030517578,13.9399995803833
2024-06-11,45.70000076293945,75.30000305175781,37.5,29.510000228881836,14.369999885559082,669.4439697265625,813.3330078125,16.389999389648438,46.75,13.399999618530273
2024-06-12,45.04999923706055,74.0,36.79999923706055,29.479999542236328,14.510000228881836,667.5919799804688,814.2849731445312,16.520000457763672,47.02000045776367,13.390000343322754
2024-06-13,44.400001525878906,73.5,36.599998474121094,30.200000762939453,14.289999961853027,666.666015625,814.2849731445312,16.440000534057617,47.0,13.3100004196167
2024-06-14,44.400001525878906,73.5,36.599998474121094,30.200000762939453,14.100000381469727,666.666015625,814.2849731445312,16.389999389648438,47.0,13.359999656677246
2024-06-17,44.400001525878906,73.5,36.599998474121094,30.200000762939453,14.399999618530273,666.666015625,814.2849731445312,16.559999465942383,47.0,13.460000038146973
2024-06-18,44.400001525878906,73.5,36.599998474121094,30.200000762939453,14.6899995803833,666.666015625,814.2849731445312,16.59000015258789,47.0,13.489999771118164
2024-06-23,45.0,74.80000305175781,37.5,32.650001525878906,14.670000076293945,658.3330078125,820.9520263671875,16.434999465942383,47.970001220703125,13.479999542236328
2024-06-24,45.0,74.5,37.04999923706055,30.5,14.869999885559082,661.1110229492188,817.1420288085938,16.459999084472656,47.400001525878906,13.539999961853027
2024-06-25,44.349998474121094,74.0999984741211,37.45000076293945,30.700000762939453,14.75,663.8880004882812,813.3330078125,16.540000915527344,48.02000045776367,13.489999771118164
2024-06-26,43.70000076293945,73.5999984741211,37.099998474121094,30.510000228881836,14.229999542236328,653.7030029296875,809.5230102539062,16.6299991607666,47.70000076293945,13.470000267028809
2024-06-27,43.04999923706055,73.5,37.5,31.15999984741211,14.0,657.406982421875,820.9520263671875,16.940000534057617,47.2599983215332,13.5600004196167
2024-06-28,43.04999923706055,73.5,37.5,31.15999984741211,14.0,657.406982421875,820.9520263671875,16.8799991607666,47.2599983215332,13.75
2024-06-30,43.04999923706055,73.5,37.5,31.15999984741211,14.0,652.7769775390625,815.2379760742188,16.8799991607666,47.2599983215332,13.75
2024-07-01,42.45000076293945,74.0,38.0,31.15999984741211,14.180000305175781,653.7030029296875,810.4760131835938,17.049999237060547,47.2599983215332,13.789999961853027
2024-07-02,41.650001525878906,74.0,37.650001525878906,30.700000762939453,14.470000267028809,653.7030029296875,807.6190185546875,17.0,48.79999923706055,13.885000228881836
2024-07-03,41.79999923706055,74.0999984741211,38.099998474121094,30.549999237060547,14.09000015258789,656.4810180664062,808.5709838867188,17.1200008392334,49.0,13.84000015258789
2024-07-04,42.20000076293945,74.0,37.95000076293945,30.510000228881836,14.09000015258789,660.1849975585938,809.5230102539062,17.1200008392334,47.400001525878906,13.84000015258789
2024-07-05,42.20000076293945,74.0,37.95000076293945,30.510000228881836,13.960000038146973,660.1849975585938,809.5230102539062,17.15999984741211,47.400001525878906,13.800000190734863
2024-07-07,41.900001525878906,74.5,37.849998474121094,30.40999984741211,13.960000038146973,660.1849975585938,809.5230102539062,17.15999984741211,47.56999969482422,13.800000190734863
2024-07-08,41.900001525878906,74.69999694824219,38.5,30.290000915527344,14.515000343322754,668.5180053710938,814.2849731445312,17.260000228881836,47.540000915527344,13.800000190734863
2024-07-09,42.599998474121094,73.80000305175781,38.599998474121094,30.969999313354492,14.180000305175781,669.4439697265625,821.9039916992188,17.309999465942383,47.7599983215332,13.760000228881836
2024-07-10,42.79999923706055,74.0,38.650001525878906,30.459999084472656,14.1899995803833,670.3699951171875,815.2379760742188,17.219999313354492,47.02000045776367,13.760000228881836
2024-07-11,43.20000076293945,75.0,38.45000076293945,30.459999084472656,14.600000381469727,673.1480102539062,818.094970703125,17.31999969482422,47.02000045776367,13.920000076293945
2024-07-12,43.20000076293945,75.0,38.45000076293945,30.459999084472656,14.9399995803833,673.1480102539062,818.094970703125,17.3700008392334,47.02000045776367,14.039999961853027
2024-07-14,44.25,77.69999694824219,38.54999923706055,31.020000457763672,14.9399995803833,679.6290283203125,822.8569946289062,17.3700008392334,47.40999984741211,14.039999961853027
2024-07-15,44.20000076293945,77.5,38.900001525878906,31.25,15.229999542236328,676.8510131835938,827.6190185546875,17.34000015258789,47.22999954223633,13.920000076293945
2024-07-16,44.849998474121094,78.0999984741211,38.900001525878906,31.700000762939453,15.90999984741211,675.9249877929688,826.666015625,17.3700008392334,44.040000915527344,14.119999885559082
2024-07-17,44.900001525878906,78.80000305175781,38.75,32.79999923706055,15.6899995803833,675.0,828.5709838867188,17.059999465942383,44.630001068115234,14.149999618530273
2024-07-18,44.95000076293945,79.0999984741211,38.70000076293945,33.0,15.489999771118164,671.2960205078125,829.5230102539062,17.06999969482422,47.0,14.199999809265137
2024-07-19,44.95000076293945,79.0999984741211,38.70000076293945,33.0,15.359999656677246,671.2960205078125,829.5230102539062,16.950000762939453,47.0,14.270000457763672
2024-07-21,44.349998474121094,79.0999984741211,38.599998474121094,32.5099983215332,15.359999656677246,669.4439697265625,826.666015625,16.950000762939453,47.0,14.270000457763672
2024-07-22,43.900001525878906,78.5,39.0,32.45000076293945,16.020000457763672,673.1480102539062,830.4760131835938,17.170000076293945,47.47999954223633,14.380000114440918
2024-07-23,43.25,77.80000305175781,38.849998474121094,32.77000045776367,16.690000534057617,675.0,832.3800048828125,17.299999237060547,47.689998626708984,14.430000305175781
2024-07-24,43.45000076293945,78.0,39.099998474121094,32.77000045776367,16.440000534057617,678.7030029296875,832.3800048828125,17.239999771118164,47.5099983215332,14.430000305175781
2024-07-25,42.650001525878906,77.80000305175781,39.150001525878906,32.77000045776367,16.56999969482422,678.7030029296875,831.427978515625,17.229999542236328,47.5099983215332,14.387999534606934
2024-07-26,42.650001525878906,77.80000305175781,39.150001525878906,32.77000045776367,17.030000686645508,678.7030029296875,831.427978515625,17.309999465942383,47.5099983215332,14.670000076293945
2024-07-28,43.900001525878906,78.69999694824219,39.04999923706055,32.79999923706055,17.030000686645508,682.406982421875,833.3330078125,17.309999465942383,47.900001525878906,14.670000076293945
2024-07-29,43.75,79.0,38.900001525878906,33.5,17.399999618530273,686.1110229492188,836.1900024414062,17.1200008392334,47.36000061035156,14.760000228881836
2024-07-30,43.099998474121094,78.69999694824219,38.599998474121094,33.810001373291016,17.520000457763672,684.2589721679688,834.2849731445312,17.229999542236328,47.150001525878906,14.880000114440918
2024-07-31,43.04999923706055,78.80000305175781,38.5,34.04999923706055,17.360000610351562,682.406982421875,861.9039916992188,17.399999618530273,47.209999084472656,14.600000381469727
2024-08-01,42.79999923706055,79.4000015258789,38.349998474121094,34.04999923706055,17.1200008392334,679.6290283203125,857.1420288085938,17.1299991607666,46.91999816894531,14.510000228881836
2024-08-02,42.79999923706055,79.4000015258789,38.349998474121094,34.04999923706055,16.31999969482422,679.6290283203125,857.1420288085938,16.950000762939453,46.91999816894531,14.3100004196167
2024-08-04,42.0,77.19999694824219,37.150001525878906,32.90999984741211,16.31999969482422,664.8140258789062,838.094970703125,16.950000762939453,46.66999816894531,14.3100004196167
2024-08-05,39.95000076293945,74.9000015258789,37.150001525878906,33.31999969482422,15.779999732971191,656.4810180664062,811.427978515625,16.920000076293945,43.70000076293945,13.770000457763672
2024-08-06,40.75,75.69999694824219,38.150001525878906,33.5,16.020000457763672,666.666015625,813.3330078125,17.170000076293945,44.560001373291016,13.989999771118164
2024-08-07,40.650001525878906,76.0999984741211,37.900001525878906,33.47999954223633,15.6899995803833,668.5180053710938,817.1420288085938,17.100000381469727,46.849998474121094,14.170000076293945
2024-08-08,39.900001525878906,75.0,38.04999923706055,33.84000015258789,15.59000015258789,666.666015625,827.6190185546875,17.312000274658203,56.220001220703125,14.520000457763672
2024-08-09,39.900001525878906,75.0,38.04999923706055,33.84000015258789,15.579999923706055,666.666015625,827.6190185546875,17.459999084472656,56.220001220703125,14.470000267028809
2024-08-11,42.0,75.0999984741211,38.0,33.900001525878906,15.579999923706055,672.2219848632812,832.3800048828125,17.459999084472656,62.40999984741211,14.470000267028809
2024-08-12,41.150001525878906,75.4000015258789,38.900001525878906,33.79999923706055,15.859999656677246,662.9619750976562,825.7139892578125,17.309999465942383,68.0,14.460000038146973
2024-08-13,40.849998474121094,75.30000305175781,39.099998474121094,33.61000061035156,15.779999732971191,656.4810180664062,820.0,17.329999923706055,63.63999938964844,14.529999732971191
2024-08-14,40.900001525878906,74.5,39.25,34.0,16.420000076293945,662.9619750976562,840.9520263671875,17.440000534057617,59.70000076293945,14.40999984741211
2024-08-15,41.20000076293945,74.5999984741211,39.099998474121094,33.0,16.610000610351562,662.9619750976562,844.760986328125,17.6200008392334,60.61000061035156,14.640000343322754
2024-08-16,41.20000076293945,74.5999984741211,39.099998474121094,33.0,16.68000030517578,662.9619750976562,844.760986328125,17.65999984741211,60.61000061035156,14.510000228881836
2024-08-18,41.04999923706055,73.9000015258789,38.95000076293945,32.58000183105469,16.68000030517578,663.8880004882812,845.7139892578125,17.65999984741211,58.849998474121094,14.510000228881836
2024-08-19,40.900001525878906,74.19999694824219,39.0,32.209999084472656,16.610000610351562,663.8880004882812,840.9520263671875,17.420000076293945,58.70000076293945,14.640000343322754
2024-08-20,42.04999923706055,74.4000015258789,39.20000076293945,31.989999771118164,16.31999969482422,664.8140258789062,833.3330078125,17.399999618530273,62.5099983215332,14.670000076293945
2024-08-21,41.95000076293945,74.5,39.75,31.6299991607666,16.700000762939453,663.8880004882812,836.1900024414062,17.6200008392334,59.75,14.930000305175781
2024-08-22,42.5,74.5999984741211,39.75,31.030000686645508,16.979999542236328,665.739990234375,840.0,17.5,57.90999984741211,14.90999984741211
2024-08-23,42.5,74.5999984741211,39.75,31.030000686645508,17.420000076293945,665.739990234375,840.0,17.5,57.90999984741211,14.890000343322754
2024-08-25,42.29999923706055,75.5,43.70000076293945,31.239999771118164,17.420000076293945,664.8140258789062,835.2379760742188,17.5,57.880001068115234,14.890000343322754
2024-08-26,42.150001525878906,76.5,43.599998474121094,31.0,17.739999771118164,666.666015625,840.9520263671875,17.600000381469727,56.52000045776367,14.789999961853027
2024-08-27,42.20000076293945,75.5,43.599998474121094,31.510000228881836,18.100000381469727,672.2219848632812,840.9520263671875,17.600000381469727,56.310001373291016,14.869999885559082
2024-08-28,42.0,75.80000305175781,42.70000076293945,32.2599983215332,18.100000381469727,671.2960205078125,833.3330078125,17.530000686645508,59.0,14.739999771118164
2024-08-29,42.45000076293945,74.80000305175781,43.0,32.279998779296875,18.209999084472656,673.1480102539062,836.1900024414062,17.600000381469727,57.61000061035156,14.84000015258789
2024-08-30,42.45000076293945,74.80000305175781,43.0,32.279998779296875,18.479999542236328,673.1480102539062,836.1900024414062,17.6299991607666,57.61000061035156,15.0
2024-09-01,42.29999923706055,75.5,43.29999923706055,31.90999984741211,18.479999542236328,669.4439697265625,832.3800048828125,17.6299991607666,58.31999969482422,15.0
2024-09-02,42.29999923706055,75.5,43.29999923706055,32.06999969482422,18.479999542236328,670.3699951171875,831.427978515625,17.6299991607666,60.4900016784668,15.0
2024-09-03,41.79999923706055,75.69999694824219,43.25,32.599998474121094,18.100000381469727,671.2960205078125,833.3330078125,17.90999984741211,60.0,15.100000381469727
2024-09-04,41.75,74.0999984741211,43.0,33.5,18.219999313354492,671.2960205078125,826.666015625,17.860000610351562,59.709999084472656,15.140000343322754
2024-09-05,41.150001525878906,73.80000305175781,42.650001525878906,33.880001068115234,18.299999237060547,670.3699951171875,832.3800048828125,17.75,60.9900016784668,15.199999809265137
2024-09-06,41.150001525878906,73.80000305175781,42.650001525878906,33.880001068115234,17.81999969482422,670.3699951171875,832.3800048828125,17.719999313354492,60.9900016784668,15.09000015258789
2024-09-08,40.5,73.9000015258789,42.20000076293945,32.529998779296875,17.81999969482422,667.5919799804688,828.5709838867188,17.719999313354492,59.189998626708984,15.09000015258789
2024-09-09,40.349998474121094,73.69999694824219,42.5,32.63999938964844,17.760000228881836,667.5919799804688,832.3800048828125,17.770000457763672,58.52000045776367,15.050000190734863
2024-09-10,40.29999923706055,73.80000305175781,42.650001525878906,33.41999816894531,17.469999313354492,670.3699951171875,839.0469970703125,17.719999313354492,58.0,15.130000114440918
2024-09-11,39.150001525878906,72.30000305175781,42.349998474121094,35.0,17.229999542236328,663.8880004882812,825.7139892578125,17.670000076293945,58.29999923706055,15.0
2024-09-12,39.099998474121094,72.5999984741211,42.29999923706055,34.900001525878906,17.649999618530273,666.666015625,826.666015625,18.100000381469727,56.599998474121094,14.960000038146973
2024-09-13,39.099998474121094,72.5999984741211,42.29999923706055,34.900001525878906,18.15999984741211,666.666015625,826.666015625,18.139999389648438,56.599998474121094,15.109999656677246
2024-09-15,39.20000076293945,72.4000015258789,42.29999923706055,34.900001525878906,18.15999984741211,666.666015625,826.666015625,18.139999389648438,56.599998474121094,15.109999656677246
2024-09-16,39.349998474121094,72.4000015258789,42.400001525878906,34.16999816894531,18.290000915527344,666.666015625,831.427978515625,18.200000762939453,56.0,15.09000015258789
2024-09-17,41.95000076293945,72.69999694824219,42.400001525878906,34.09000015258789,18.3799991607666,665.739990234375,832.3800048828125,18.049999237060547,55.79999923706055,15.1899995803833
2024-09-18,42.150001525878906,72.9000015258789,42.75,33.970001220703125,18.280000686645508,665.739990234375,832.3800048828125,18.049999237060547,55.54999923706055,15.069999694824219
2024-09-19,41.900001525878906,73.0999984741211,43.650001525878906,34.900001525878906,18.959999084472656,670.3699951171875,837.1420288085938,18.219999313354492,58.13999938964844,15.40999984741211
2024-09-20,41.900001525878906,73.0999984741211,43.650001525878906,34.900001525878906,19.1200008392334,670.3699951171875,837.1420288085938,18.149999618530273,58.13999938964844,15.399999618530273
2024-09-22,42.099998474121094,73.4000015258789,43.849998474121094,34.90999984741211,19.1200008392334,665.739990234375,835.2379760742188,18.149999618530273,58.599998474121094,15.399999618530273
2024-09-23,42.099998474121094,73.4000015258789,43.849998474121094,34.7400016784668,19.1200008392334,665.739990234375,838.094970703125,18.209999084472656,59.29999923706055,15.350000381469727
2024-09-24,43.95000076293945,75.69999694824219,43.54999923706055,34.20000076293945,18.889999389648438,664.8140258789062,842.8569946289062,18.270000457763672,67.66999816894531,15.380000114440918
2024-09-25,45.0,75.4000015258789,44.0,34.400001525878906,19.010000228881836,669.4439697265625,846.666015625,18.360000610351562,68.37999725341797,15.4399995803833
2024-09-26,46.79999923706055,74.9000015258789,44.099998474121094,34.20000076293945,18.700000762939453,669.4439697265625,846.666015625,18.3700008392334,67.66999816894531,15.4399995803833
2024-09-27,46.79999923706055,74.9000015258789,44.099998474121094,34.20000076293945,18.829999923706055,669.4439697265625,846.666015625,18.389999389648438,67.66999816894531,15.430000305175781
2024-09-29,47.0,74.30000305175781,43.95000076293945,33.90999984741211,18.829999923706055,666.666015625,841.9039916992188,18.389999389648438,69.0,15.430000305175781
2024-09-30,48.79999923706055,74.9000015258789,43.70000076293945,33.77000045776367,19.0,662.9619750976562,840.9520263671875,18.540000915527344,72.5,15.1899995803833
2024-10-01,48.900001525878906,76.0999984741211,43.849998474121094,34.2400016784668,19.1200008392334,664.8140258789062,839.0469970703125,18.34000015258789,76.16000366210938,15.0600004196167
2024-10-02,48.900001525878906,76.0999984741211,43.849998474121094,34.08000183105469,18.670000076293945,658.3330078125,825.7139892578125,18.450000762939453,81.11000061035156,15.0
2024-10-03,50.0,74.0999984741211,42.5,34.099998474121094,18.600000381469727,653.7030029296875,818.094970703125,18.079999923706055,97.0,14.630000114440918
2024-10-04,50.0,74.0999984741211,42.5,34.099998474121094,19.170000076293945,653.7030029296875,818.094970703125,18.25,97.0,14.59000015258789
2024-10-06,48.54999923706055,72.80000305175781,42.04999923706055,34.099998474121094,19.170000076293945,650.9249877929688,812.3800048828125,18.25,97.0,14.59000015258789
2024-10-07,48.45000076293945,72.80000305175781,42.25,34.27000045776367,18.489999771118164,652.7769775390625,817.1420288085938,18.110000610351562,108.41999816894531,14.5600004196167
2024-10-08,48.25,73.9000015258789,42.349998474121094,33.5099983215332,19.459999084472656,656.4810180664062,823.8090209960938,18.389999389648438,94.5,14.850000381469727
2024-10-09,47.20000076293945,73.0999984741211,42.04999923706055,34.709999084472656,19.18000030517578,655.5549926757812,823.8090209960938,18.420000076293945,99.0,14.949999809265137
2024-10-10,48.95000076293945,73.19999694824219,42.150001525878906,34.9900016784668,19.280000686645508,657.406982421875,825.7139892578125,18.260000228881836,100.3499984741211,14.829999923706055
2024-10-11,48.95000076293945,73.19999694824219,42.150001525878906,34.9900016784668,19.549999237060547,657.406982421875,825.7139892578125,18.360000610351562,100.3499984741211,14.760000228881836
2024-10-13,49.349998474121094,73.5999984741211,42.349998474121094,33.5099983215332,19.549999237060547,656.4810180664062,822.8569946289062,18.360000610351562,92.0,14.760000228881836
2024-10-14,49.900001525878906,72.9000015258789,42.75,33.5,19.399999618530273,655.5549926757812,820.9520263671875,18.40999984741211,96.0,14.949999809265137
2024-10-15,50.79999923706055,73.0,43.150001525878906,33.79999923706055,19.110000610351562,662.0369873046875,820.0,18.399999618530273,95.0,15.0
2024-10-16,51.5,72.80000305175781,43.150001525878906,33.939998626708984,19.15999984741211,662.0369873046875,823.8090209960938,18.65999984741211,90.25,15.0
2024-10-17,50.900001525878906,72.5,42.25,32.630001068115234,19.350000381469727,662.0369873046875,820.0,18.510000228881836,88.51000213623047,14.949999809265137
2024-10-18,50.900001525878906,72.5,42.25,32.630001068115234,19.149999618530273,662.0369873046875,820.0,18.5,88.51000213623047,14.880000114440918
2024-10-20,51.400001525878906,72.69999694824219,42.20000076293945,31.780000686645508,19.149999618530273,658.3330078125,816.1900024414062,18.5,84.5,14.880000114440918
2024-10-21,53.599998474121094,73.0999984741211,42.45000076293945,32.0099983215332,19.059999465942383,656.4810180664062,814.2849731445312,18.389999389648438,87.05000305175781,14.829999923706055
2024-10-22,53.0,72.4000015258789,42.04999923706055,32.400001525878906,19.209999084472656,657.406982421875,811.427978515625,18.479999542236328,90.80000305175781,14.920000076293945
2024-10-23,54.0,72.4000015258789,42.04999923706055,32.900001525878906,19.110000610351562,655.5549926757812,802.8569946289062,17.979999542236328,91.11000061035156,14.6899995803833
2024-10-24,54.29999923706055,72.5999984741211,42.099998474121094,33.4900016784668,19.709999084472656,652.7769775390625,800.0,17.979999542236328,91.0999984741211,14.6899995803833
2024-10-25,54.29999923706055,72.5999984741211,42.099998474121094,33.4900016784668,21.100000381469727,652.7769775390625,800.0,17.969999313354492,91.0999984741211,14.729999542236328
2024-10-27,54.29999923706055,73.4000015258789,42.45000076293945,33.310001373291016,21.100000381469727,662.0369873046875,813.3330078125,17.969999313354492,92.5,14.729999542236328
2024-10-28,54.79999923706055,73.0,42.5,32.61000061035156,22.239999771118164,662.9619750976562,811.427978515625,18.329999923706055,91.0,15.0600004196167
2024-10-29,56.5,73.5999984741211,42.20000076293945,33.0099983215332,22.389999389648438,661.1110229492188,809.5230102539062,18.3799991607666,89.5999984741211,15.170000076293945
2024-10-30,56.20000076293945,72.9000015258789,42.45000076293945,33.29999923706055,23.0,663.8880004882812,809.5230102539062,18.209999084472656,87.08999633789062,15.180000305175781
2024-10-31,56.400001525878906,72.69999694824219,42.150001525878906,33.58000183105469,22.270000457763672,667.5919799804688,809.5230102539062,18.1299991607666,88.26000213623047,15.09000015258789
2024-11-01,56.400001525878906,72.69999694824219,42.150001525878906,33.58000183105469,21.719999313354492,667.5919799804688,809.5230102539062,18.280000686645508,88.26000213623047,15.270000457763672
2024-11-03,56.0,72.80000305175781,42.04999923706055,33.77000045776367,21.719999313354492,665.739990234375,811.427978515625,18.280000686645508,88.05000305175781,15.270000457763672
2024-11-04,54.900001525878906,72.5,42.29999923706055,33.70000076293945,21.3799991607666,667.5919799804688,813.3330078125,18.400999069213867,87.5999984741211,15.109999656677246
2024-11-05,54.0,72.5,42.45000076293945,33.9900016784668,21.600000381469727,667.5919799804688,815.2379760742188,18.469999313354492,87.37000274658203,15.220000267028809
2024-11-06,56.20000076293945,72.5,42.29999923706055,33.45000076293945,22.739999771118164,672.2219848632812,816.1900024414062,18.649999618530273,88.5,15.3100004196167
2024-11-07,53.900001525878906,72.30000305175781,42.150001525878906,33.900001525878906,24.100000381469727,671.2960205078125,816.1900024414062,18.549999237060547,92.5,15.34000015258789
2024-11-08,53.900001525878906,72.30000305175781,42.150001525878906,33.900001525878906,23.760000228881836,671.2960205078125,816.1900024414062,18.610000610351562,92.5,15.324999809265137
2024-11-10,52.099998474121094,72.0,42.29999923706055,33.7400016784668,23.760000228881836,675.9249877929688,818.094970703125,18.610000610351562,93.20999908447266,15.324999809265137
2024-11-11,52.5,71.80000305175781,41.95000076293945,36.0,24.809999465942383,682.406982421875,819.0469970703125,18.399999618530273,92.12000274658203,15.3100004196167
2024-11-12,53.79999923706055,71.30000305175781,41.25,36.150001525878906,24.8700008392334,684.2589721679688,819.0469970703125,18.399999618530273,90.11000061035156,15.449999809265137
2024-11-13,53.29999923706055,70.5,41.099998474121094,35.41999816894531,24.540000915527344,688.8880004882812,825.7139892578125,18.3700008392334,90.30999755859375,15.3100004196167
2024-11-14,52.5,69.80000305175781,40.20000076293945,34.400001525878906,25.030000686645508,687.9619750976562,828.5709838867188,18.31999969482422,90.98999786376953,15.345000267028809
2024-11-15,52.5,69.80000305175781,40.20000076293945,34.400001525878906,24.729999542236328,687.9619750976562,828.5709838867188,18.299999237060547,90.98999786376953,15.319999694824219
2024-11-17,52.5,69.80000305175781,40.20000076293945,33.5099983215332,24.729999542236328,691.666015625,830.4760131835938,18.299999237060547,90.1500015258789,15.319999694824219
2024-11-18,54.29999923706055,69.69999694824219,40.0,33.0,25.06999969482422,694.4439697265625,834.2849731445312,18.440000534057617,89.5,15.449999809265137
2024-11-19,54.099998474121094,70.0,39.650001525878906,33.400001525878906,25.049999237060547,694.4439697265625,838.094970703125,18.34000015258789,88.87999725341797,15.569999694824219
2024-11-20,53.5,69.9000015258789,39.79999923706055,33.279998779296875,24.540000915527344,692.5919799804688,840.0,18.239999771118164,89.0199966430664,15.59000015258789
2024-11-21,53.0,69.69999694824219,39.95000076293945,33.02000045776367,26.020000457763672,688.8880004882812,836.1900024414062,18.399999618530273,90.8499984741211,15.470000267028809
2024-11-22,53.0,69.69999694824219,39.95000076293945,33.02000045776367,25.979999542236328,688.8880004882812,836.1900024414062,18.28499984741211,90.8499984741211,15.359999656677246
2024-11-24,54.0,69.9000015258789,40.0,32.5,25.979999542236328,686.1110229492188,836.1900024414062,18.28499984741211,91.80000305175781,15.359999656677246
2024-11-25,52.5,69.0,39.75,32.400001525878906,25.8799991607666,680.5549926757812,829.5230102539062,18.229999542236328,90.26000213623047,15.420000076293945
2024-11-26,52.5,68.5999984741211,40.0,33.11000061035156,26.600000381469727,682.406982421875,828.5709838867188,18.030000686645508,89.5,15.444000244140625
2024-11-27,50.900001525878906,68.0,39.79999923706055,32.779998779296875,25.90999984741211,680.5549926757812,827.6190185546875,18.014999389648438,89.69999694824219,15.486000061035156
2024-11-28,51.70000076293945,68.9000015258789,39.79999923706055,33.0,25.90999984741211,683.3330078125,828.5709838867188,18.014999389648438,89.30999755859375,15.486000061035156
2024-11-29,51.70000076293945,68.9000015258789,39.79999923706055,33.0,25.94499969482422,683.3330078125,828.5709838867188,18.209999084472656,89.30999755859375,15.553999900817871
2024-12-01,51.70000076293945,68.9000015258789,39.79999923706055,32.959999084472656,25.94499969482422,683.3330078125,828.5709838867188,18.209999084472656,89.62000274658203,15.553999900817871
2024-12-02,51.0,68.19999694824219,39.650001525878906,32.93000030517578,25.899999618530273,680.5549926757812,829.5230102539062,18.059999465942383,89.0999984741211,15.515000343322754
2024-12-03,52.0,68.4000015258789,39.849998474121094,32.900001525878906,25.6299991607666,680.5549926757812,830.4760131835938,18.110000610351562,87.30999755859375,15.524999618530273
2024-12-04,51.400001525878906,68.69999694824219,39.70000076293945,33.0,25.709999084472656,683.3330078125,836.1900024414062,18.0,87.75,15.449999809265137
2024-12-05,52.29999923706055,68.5,39.900001525878906,32.79999923706055,25.760000228881836,683.3330078125,840.0,17.969999313354492,87.80000305175781,15.430000305175781
2024-12-06,52.29999923706055,68.5,39.900001525878906,32.79999923706055,26.09000015258789,683.3330078125,840.0,18.020000457763672,87.80000305175781,15.479999542236328
2024-12-08,52.0,68.80000305175781,40.25,34.40999984741211,26.09000015258789,682.406982421875,837.1420288085938,18.020000457763672,90.5,15.479999542236328
2024-12-09,52.099998474121094,70.0999984741211,40.099998474121094,34.400001525878906,24.639999389648438,684.2589721679688,840.0,18.079999923706055,89.80999755859375,15.40999984741211
2024-12-10,53.20000076293945,70.0999984741211,40.599998474121094,34.040000915527344,24.729999542236328,686.1110229492188,832.3800048828125,18.200000762939453,88.55999755859375,15.25
2024-12-11,54.0,69.5,40.400001525878906,34.20000076293945,24.399999618530273,686.1110229492188,836.1900024414062,18.200000762939453,88.01000213623047,15.4399995803833
2024-12-12,52.79999923706055,68.69999694824219,40.900001525878906,34.220001220703125,24.31999969482422,686.1110229492188,838.094970703125,18.25,88.02999877929688,15.392999649047852
2024-12-13,52.79999923706055,68.69999694824219,40.900001525878906,34.220001220703125,24.469999313354492,686.1110229492188,838.094970703125,18.260000228881836,88.02999877929688,15.489999771118164
2024-12-15,52.900001525878906,68.80000305175781,40.900001525878906,34.2599983215332,24.469999313354492,685.1849975585938,835.2379760742188,18.260000228881836,87.69999694824219,15.489999771118164
2024-12-16,52.099998474121094,68.80000305175781,40.70000076293945,34.220001220703125,24.059999465942383,685.1849975585938,830.4760131835938,18.299999237060547,86.4000015258789,16.649999618530273
2024-12-17,51.20000076293945,67.80000305175781,40.70000076293945,34.09000015258789,23.68000030517578,684.2589721679688,829.5230102539062,18.049999237060547,86.5,16.3700008392334
2024-12-18,50.20000076293945,67.4000015258789,40.349998474121094,34.02000045776367,23.450000762939453,685.1849975585938,833.3330078125,17.719999313354492,85.4800033569336,16.030000686645508
2024-12-19,49.75,66.5,40.099998474121094,33.400001525878906,24.010000228881836,688.8880004882812,828.5709838867188,17.780000686645508,83.52999877929688,16.139999389648438
2024-12-20,49.75,66.5,40.099998474121094,33.400001525878906,23.889999389648438,688.8880004882812,828.5709838867188,17.790000915527344,83.52999877929688,16.290000915527344
2024-12-22,49.099998474121094,66.69999694824219,40.25,33.459999084472656,23.889999389648438,687.9619750976562,833.3330078125,17.790000915527344,84.25,16.290000915527344
2024-12-23,49.349998474121094,67.0999984741211,40.349998474121094,33.0,23.8799991607666,687.9619750976562,832.3800048828125,17.959999084472656,82.7699966430664,16.360000610351562
2024-12-24,49.20000076293945,67.0999984741211,40.54999923706055,32.9900016784668,24.149999618530273,690.739990234375,833.3330078125,17.959999084472656,81.05999755859375,16.459999084472656
2024-12-25,49.5,67.19999694824219,40.349998474121094,32.470001220703125,24.149999618530273,694.4439697265625,837.1420288085938,17.959999084472656,81.7699966430664,16.459999084472656
2024-12-26,49.849998474121094,67.19999694824219,40.150001525878906,32.900001525878906,24.3700008392334,693.5180053710938,837.1420288085938,17.809999465942383,80.0199966430664,16.540000915527344
2024-12-27,49.849998474121094,67.19999694824219,40.150001525878906,32.900001525878906,23.84000015258789,693.5180053710938,837.1420288085938,17.739999771118164,80.0199966430664,16.405000686645508
2024-12-29,50.20000076293945,67.19999694824219,39.900001525878906,33.20000076293945,23.84000015258789,693.5180053710938,839.0469970703125,17.739999771118164,78.12000274658203,16.405000686645508
2024-12-30,49.849998474121094,66.9000015258789,39.900001525878906,33.13999938964844,23.68000030517578,692.5919799804688,845.7139892578125,17.860000610351562,75.51000213623047,16.440000534057617
2024-12-31,50.29999923706055,67.0,40.0,33.099998474121094,23.760000228881836,690.739990234375,853.3330078125,17.93000030517578,75.87999725341797,16.459999084472656
2025-01-01,50.29999923706055,67.30000305175781,40.5,33.099998474121094,23.760000228881836,690.739990234375,853.3330078125,17.93000030517578,75.87999725341797,16.459999084472656
2025-01-02,49.349998474121094,66.9000015258789,40.849998474121094,34.59000015258789,24.3700008392334,690.739990234375,853.3330078125,17.889999389648438,77.0,16.34000015258789
2025-01-03,49.349998474121094,66.9000015258789,40.849998474121094,34.59000015258789,23.899999618530273,690.739990234375,853.3330078125,17.920000076293945,77.0,16.393999099731445
2025-01-05,48.79999923706055,67.0,40.599998474121094,35.5,23.899999618530273,693.5180053710938,852.3800048828125,17.920000076293945,83.5,16.393999099731445
2025-01-06,48.099998474121094,66.4000015258789,40.75,35.18000030517578,23.829999923706055,694.4439697265625,848.5709838867188,17.729999542236328,80.93000030517578,16.360000610351562
2025-01-07,48.400001525878906,67.0999984741211,41.5,35.18000030517578,24.020000457763672,698.1480102539062,858.094970703125,17.610000610351562,80.93000030517578,16.3700008392334
2025-01-08,47.900001525878906,66.5,40.849998474121094,35.20000076293945,23.979999542236328,699.073974609375,871.427978515625,17.68000030517578,79.22000122070312,16.489999771118164
2025-01-09,47.900001525878906,66.5,40.849998474121094,35.209999084472656,23.979999542236328,700.9249877929688,880.9520263671875,17.68000030517578,78.69999694824219,16.489999771118164
2025-01-10,47.900001525878906,66.5,40.849998474121094,35.209999084472656,23.079999923706055,700.9249877929688,880.9520263671875,17.59000015258789,78.69999694824219,16.6200008392334
2025-01-12,48.0,66.69999694824219,41.0,34.900001525878906,23.079999923706055,699.073974609375,871.427978515625,17.59000015258789,78.0,16.6200008392334
2025-01-13,47.150001525878906,67.0,41.25,34.560001373291016,23.549999237060547,695.3699951171875,863.8090209960938,17.469999313354492,75.06999969482422,16.739999771118164
2025-01-14,46.75,66.80000305175781,41.599998474121094,34.0,24.155000686645508,699.073974609375,873.3330078125,17.530000686645508,75.0999984741211,16.729999542236328
2025-01-15,47.45000076293945,67.0999984741211,41.900001525878906,33.630001068115234,24.520000457763672,700.0,885.7139892578125,17.760000228881836,74.30000305175781,17.0
2025-01-16,48.20000076293945,67.5999984741211,42.0,33.90999984741211,24.6299991607666,700.9249877929688,885.7139892578125,17.75,75.30000305175781,16.809999465942383
2025-01-17,48.20000076293945,67.5999984741211,42.0,33.90999984741211,23.979999542236328,700.9249877929688,885.7139892578125,17.799999237060547,75.30000305175781,16.979999542236328
2025-01-19,49.0,68.4000015258789,42.45000076293945,34.0099983215332,23.979999542236328,702.7769775390625,882.8569946289062,17.799999237060547,79.45999908447266,16.979999542236328
2025-01-20,48.5,68.69999694824219,42.5,33.650001525878906,23.979999542236328,708.3330078125,887.6190185546875,17.799999237060547,86.0,16.979999542236328
2025-01-21,49.400001525878906,68.0999984741211,42.20000076293945,33.45000076293945,24.530000686645508,714.8140258789062,889.5230102539062,17.780000686645508,84.97000122070312,17.079999923706055
2025-01-22,49.79999923706055,66.80000305175781,41.900001525878906,33.70000076293945,24.15999984741211,720.3699951171875,900.9520263671875,17.899999618530273,86.44999694824219,17.15999984741211
2025-01-23,49.54999923706055,67.80000305175781,42.400001525878906,34.040000915527344,24.059999465942383,721.2960205078125,904.760986328125,18.010000228881836,85.5,17.260000228881836
2025-01-24,49.54999923706055,67.80000305175781,42.400001525878906,34.040000915527344,24.209999084472656,721.2960205078125,904.760986328125,18.06999969482422,85.5,17.260000228881836
2025-01-26,49.849998474121094,67.5,42.45000076293945,33.61000061035156,24.209999084472656,737.0369873046875,923.8090209960938,18.06999969482422,88.0,17.260000228881836
2025-01-27,48.79999923706055,67.5999984741211,42.349998474121094,33.5,23.940000534057617,737.0369873046875,940.9520263671875,18.040000915527344,85.0999984741211,17.170000076293945
2025-01-28,48.79999923706055,67.5999984741211,42.349998474121094,33.810001373291016,24.5,736.1110229492188,928.5709838867188,18.059999465942383,82.54000091552734,17.219999313354492
2025-01-29,49.099998474121094,67.19999694824219,42.349998474121094,33.720001220703125,25.469999313354492,727.7769775390625,918.094970703125,18.010000228881836,83.5,17.06999969482422
2025-01-30,48.70000076293945,67.0,43.5,34.15999984741211,25.44499969482422,727.7769775390625,918.094970703125,18.149999618530273,82.9000015258789,17.200000762939453
2025-01-31,48.70000076293945,67.0,43.5,34.15999984741211,25.06999969482422,727.7769775390625,918.094970703125,18.110000610351562,82.9000015258789,17.030000686645508
2025-02-02,49.0,67.19999694824219,43.79999923706055,33.7400016784668,25.06999969482422,727.7769775390625,935.2379760742188,18.110000610351562,81.01000213623047,17.030000686645508
2025-02-03,48.849998474121094,67.0999984741211,43.650001525878906,33.25,24.850000381469727,731.4810180664062,946.666015625,17.950000762939453,80.5,17.309999465942383
2025-02-04,48.400001525878906,67.0999984741211,44.25,33.29999923706055,25.260000228881836,737.9619750976562,947.6190185546875,18.1200008392334,79.5999984741211,17.209999084472656
2025-02-05,48.150001525878906,67.30000305175781,43.900001525878906,33.2400016784668,25.989999771118164,737.0369873046875,943.8090209960938,18.149999618530273,78.5,17.200000762939453
2025-02-06,50.099998474121094,67.9000015258789,44.150001525878906,34.040000915527344,26.25,735.1849975585938,935.2379760742188,17.989999771118164,79.01000213623047,17.059999465942383
2025-02-07,50.099998474121094,67.9000015258789,44.150001525878906,34.040000915527344,26.059999465942383,735.1849975585938,935.2379760742188,17.940000534057617,79.01000213623047,17.219999313354492
2025-02-09,49.95000076293945,67.9000015258789,44.0,33.869998931884766,26.059999465942383,734.2589721679688,940.9520263671875,17.940000534057617,79.0999984741211,17.219999313354492
2025-02-10,49.29999923706055,67.80000305175781,44.150001525878906,34.0,25.389999389648438,737.0369873046875,947.6190185546875,17.950000762939453,79.08000183105469,17.3799991607666
2025-02-11,49.5,67.80000305175781,43.75,34.2599983215332,25.59000015258789,736.1110229492188,950.4760131835938,18.0,77.12000274658203,17.65999984741211
2025-02-12,49.29999923706055,66.5999984741211,44.0,34.45000076293945,26.079999923706055,737.0369873046875,956.1900024414062,17.889999389648438,77.33000183105469,17.559999465942383
2025-02-13,49.099998474121094,66.5,44.29999923706055,35.029998779296875,26.690000534057617,740.739990234375,959.0469970703125,18.040000915527344,77.5,17.56999969482422
2025-02-14,49.099998474121094,66.5,44.29999923706055,35.029998779296875,26.770000457763672,740.739990234375,959.0469970703125,17.979999542236328,77.5,17.559999465942383
2025-02-16,49.099998474121094,66.5,44.0,34.9900016784668,26.770000457763672,740.739990234375,959.0469970703125,17.979999542236328,81.08999633789062,17.559999465942383
2025-02-17,48.650001525878906,66.19999694824219,43.349998474121094,35.02000045776367,26.770000457763672,741.666015625,953.3330078125,17.979999542236328,82.23999786376953,17.559999465942383
2025-02-18,48.54999923706055,65.69999694824219,44.0,36.5,27.360000610351562,745.3699951171875,961.9039916992188,18.059999465942383,82.47000122070312,17.489999771118164
2025-02-19,48.54999923706055,65.69999694824219,44.0,37.040000915527344,27.149999618530273,746.2960205078125,968.5709838867188,18.06999969482422,81.88999938964844,17.549999237060547
2025-02-20,49.29999923706055,65.5999984741211,44.79999923706055,37.31999969482422,26.540000915527344,749.073974609375,984.760986328125,18.079999923706055,81.41999816894531,17.690000534057617
2025-02-21,49.29999923706055,65.5999984741211,44.79999923706055,37.31999969482422,25.959999084472656,749.073974609375,984.760986328125,17.969999313354492,81.41999816894531,17.389999389648438
2025-02-23,49.29999923706055,65.5999984741211,44.79999923706055,38.150001525878906,25.959999084472656,746.2960205078125,988.5709838867188,17.969999313354492,82.05000305175781,17.389999389648438
2025-02-24,47.599998474121094,65.0,44.70000076293945,38.0,26.100000381469727,741.666015625,980.9520263671875,18.06999969482422,81.58000183105469,17.299999237060547
2025-02-25,47.0,65.4000015258789,44.70000076293945,38.0,26.3700008392334,741.666015625,980.9520263671875,18.1299991607666,81.0,17.360000610351562
2025-02-26,45.79999923706055,64.0,46.29999923706055,38.060001373291016,26.579999923706055,741.666015625,980.9520263671875,18.100000381469727,80.5199966430664,17.469999313354492
2025-02-27,45.650001525878906,62.0,45.25,38.0,25.469999313354492,741.666015625,980.9520263671875,17.860000610351562,80.43000030517578,17.420000076293945
2025-03-02,45.75,61.79999923706055,45.5,37.84000015258789,26.09000015258789,745.3699951171875,990.4760131835938,18.0,81.41999816894531,17.450000762939453
2025-03-03,45.20000076293945,62.599998474121094,45.79999923706055,37.79999923706055,25.40999984741211,750.0,995.2379760742188,17.940000534057617,82.5,17.1200008392334
2025-03-04,43.54999923706055,62.0,45.45000076293945,37.599998474121094,24.559999465942383,748.1480102539062,994.2849731445312,17.959999084472656,81.94999694824219,17.31999969482422
2025-03-05,43.70000076293945,61.79999923706055,45.650001525878906,38.02000045776367,24.739999771118164,745.3699951171875,992.3800048828125,18.049999237060547,82.87999725341797,17.299999237060547
2025-03-06,44.45000076293945,62.5,44.599998474121094,37.79999923706055,24.440000534057617,741.666015625,992.3800048828125,18.139999389648438,81.75,17.09000015258789
2025-03-07,44.45000076293945,62.5,44.599998474121094,37.79999923706055,24.780000686645508,741.666015625,992.3800048828125,18.06999969482422,81.75,16.920000076293945
2025-03-09,45.5,62.5,43.900001525878906,37.849998474121094,24.780000686645508,734.2589721679688,985.7139892578125,18.06999969482422,81.05999755859375,16.920000076293945
2025-03-10,43.0,62.599998474121094,44.20000076293945,36.61000061035156,25.229999542236328,737.9619750976562,989.5230102539062,18.06999969482422,80.94000244140625,16.610000610351562
2025-03-11,44.849998474121094,62.900001525878906,44.20000076293945,36.61000061035156,25.09000015258789,731.4810180664062,980.9520263671875,18.049999237060547,80.5,16.579999923706055
2025-03-12,43.75,63.29999923706055,44.0,36.720001220703125,25.459999084472656,730.5549926757812,980.0,18.079999923706055,80.16000366210938,16.780000686645508
2025-03-13,44.04999923706055,63.29999923706055,43.70000076293945,36.70000076293945,24.8700008392334,725.9249877929688,975.2379760742188,17.940000534057617,84.80000305175781,16.780000686645508
2025-03-14,44.04999923706055,63.29999923706055,43.70000076293945,36.70000076293945,25.68000030517578,725.9249877929688,975.2379760742188,18.1200008392334,84.80000305175781,16.969999313354492
2025-03-16,46.0,64.5,44.0,36.630001068115234,25.68000030517578,725.9249877929688,967.6190185546875,18.1200008392334,83.51000213623047,16.969999313354492
2025-03-17,46.400001525878906,64.69999694824219,44.5,36.75,25.940000534057617,717.5919799804688,971.427978515625,18.18000030517578,83.31999969482422,17.100000381469727
2025-03-18,46.650001525878906,63.5,44.0,37.0099983215332,25.489999771118164,720.3699951171875,980.9520263671875,18.149999618530273,87.5,16.940000534057617
2025-03-19,45.349998474121094,62.5,44.5,37.099998474121094,25.6299991607666,722.2219848632812,983.8090209960938,18.139999389648438,85.31999969482422,17.020000457763672
2025-03-20,45.349998474121094,62.5,44.5,36.970001220703125,27.010000228881836,730.5549926757812,991.427978515625,17.920000076293945,84.5,16.950000762939453
2025-03-21,45.349998474121094,62.5,44.5,36.970001220703125,26.229999542236328,730.5549926757812,991.427978515625,17.989999771118164,84.5,16.829999923706055
2025-03-23,45.900001525878906,62.29999923706055,44.099998474121094,36.939998626708984,26.229999542236328,728.7030029296875,991.427978515625,17.989999771118164,83.86000061035156,16.829999923706055
2025-03-24,46.599998474121094,63.20000076293945,44.79999923706055,36.31999969482422,26.889999389648438,737.9619750976562,1006.666015625,17.860000610351562,81.69999694824219,17.040000915527344
2025-03-25,44.900001525878906,63.099998474121094,44.45000076293945,36.34000015258789,26.270000457763672,739.8140258789062,1014.2849731445312,17.8700008392334,80.5,16.90999984741211
2025-03-26,45.29999923706055,64.0,45.099998474121094,36.0,26.010000228881836,738.8880004882812,1000.9520263671875,17.790000915527344,82.69999694824219,16.90999984741211
2025-03-27,46.29999923706055,63.70000076293945,45.349998474121094,35.29999923706055,26.530000686645508,736.1110229492188,998.094970703125,17.8700008392334,81.5,17.049999237060547
2025-03-28,46.29999923706055,63.70000076293945,45.349998474121094,35.29999923706055,25.8799991607666,736.1110229492188,998.094970703125,17.75,81.5,16.850000381469727
2025-03-31,46.29999923706055,63.70000076293945,45.349998474121094,35.29999923706055,26.309999465942383,736.1110229492188,998.094970703125,17.84000015258789,81.5,16.969999313354492
2025-04-01,46.29999923706055,63.70000076293945,45.349998474121094,35.29999923706055,26.459999084472656,736.1110229492188,998.094970703125,17.8799991607666,81.5,16.93000030517578
2025-04-03,44.04999923706055,62.900001525878906,46.0,35.04999923706055,26.020000457763672,729.6290283203125,997.1420288085938,17.65999984741211,81.41000366210938,16.350000381469727
2025-04-04,44.04999923706055,62.900001525878906,46.0,35.04999923706055,22.610000610351562,729.6290283203125,997.1420288085938,16.829999923706055,81.41000366210938,15.600000381469727
2025-04-06,39.849998474121094,60.5,43.95000076293945,33.95000076293945,22.610000610351562,689.8140258789062,927.6190185546875,16.829999923706055,79.83000183105469,15.600000381469727
2025-04-07,41.75,59.599998474121094,44.650001525878906,33.68000030517578,21.290000915527344,694.4439697265625,886.0,17.15999984741211,79.3499984741211,15.880000114440918
2025-04-08,40.900001525878906,60.599998474121094,45.0,33.88999938964844,22.43000030517578,715.0,932.0,17.229999542236328,80.9800033569336,15.579999923706055
2025-04-09,41.0,60.099998474121094,44.70000076293945,33.77000045776367,23.5,710.0,927.0,17.56999969482422,76.30000305175781,16.459999084472656
2025-04-10,41.0,60.099998474121094,44.70000076293945,33.9900016784668,23.920000076293945,719.0,949.0,17.520000457763672,79.05000305175781,16.170000076293945
2025-04-11,41.0,60.099998474121094,44.70000076293945,33.9900016784668,24.110000610351562,719.0,949.0,17.610000610351562,79.05000305175781,16.510000228881836
2025-04-13,43.900001525878906,61.20000076293945,45.900001525878906,34.0,24.110000610351562,717.0,939.0,17.610000610351562,80.0,16.510000228881836
2025-04-14,44.95000076293945,61.29999923706055,45.79999923706055,34.650001525878906,24.40999984741211,714.0,943.0,17.790000915527344,79.30999755859375,16.709999084472656
2025-04-15,45.04999923706055,61.29999923706055,46.849998474121094,35.20000076293945,24.780000686645508,712.0,940.0,17.889999389648438,79.1500015258789,16.790000915527344
2025-04-16,45.599998474121094,61.70000076293945,47.150001525878906,34.79999923706055,24.579999923706055,711.0,942.0,17.780000686645508,78.79000091552734,16.68000030517578
2025-04-17,45.599998474121094,61.70000076293945,47.150001525878906,34.790000915527344,24.739999771118164,714.0,955.0,17.719999313354492,78.68000030517578,16.760000228881836
2025-04-20,44.900001525878906,61.400001525878906,46.75,34.790000915527344,24.739999771118164,715.0,954.0,17.719999313354492,78.68000030517578,16.760000228881836
2025-04-21,44.650001525878906,61.099998474121094,46.400001525878906,34.790000915527344,23.860000610351562,713.0,950.0,17.780000686645508,78.68000030517578,16.760000228881836
2025-04-22,44.29999923706055,60.79999923706055,46.150001525878906,33.70000076293945,24.450000762939453,709.0,939.0,17.90999984741211,78.48999786376953,17.010000228881836
2025-04-23,44.45000076293945,61.20000076293945,47.29999923706055,34.29999923706055,24.959999084472656,714.0,936.0,17.899999618530273,82.94000244140625,17.229999542236328
2025-04-24,47.0,62.0,48.0,34.29999923706055,24.8700008392334,719.0,929.0,18.1200008392334,82.94000244140625,17.56999969482422
2025-04-25,47.0,62.0,48.0,34.29999923706055,24.459999084472656,719.0,929.0,18.15999984741211,82.94000244140625,17.469999313354492
2025-04-27,48.0,62.0,48.099998474121094,34.58000183105469,24.459999084472656,721.0,928.0,18.15999984741211,83.01000213623047,17.469999313354492
2025-04-28,48.0,61.70000076293945,48.0,34.599998474121094,24.670000076293945,718.0,923.0,18.139999389648438,81.91999816894531,17.639999389648438
2025-04-29,49.54999923706055,61.400001525878906,47.400001525878906,34.15999984741211,24.6200008392334,719.0,924.0,18.200000762939453,82.0,17.989999771118164
2025-04-30,51.099998474121094,61.0,47.599998474121094,34.599998474121094,24.059999465942383,723.0,952.0,18.309999465942383,82.0,17.8799991607666
2025-05-01,49.95000076293945,61.29999923706055,47.0,34.599998474121094,24.09000015258789,725.0,955.0,18.34000015258789,82.0,17.959999084472656
2025-05-02,49.95000076293945,61.29999923706055,47.0,34.599998474121094,25.549999237060547,725.0,955.0,18.540000915527344,82.0,18.139999389648438
2025-05-04,47.900001525878906,59.599998474121094,45.900001525878906,35.11000061035156,25.549999237060547,728.0,959.0,18.540000915527344,82.11000061035156,18.139999389648438
2025-05-05,51.0,60.099998474121094,46.20000076293945,35.54999923706055,26.110000610351562,729.0,959.0,18.549999237060547,81.43000030517578,18.229999542236328
2025-05-06,51.099998474121094,60.0,46.0,35.720001220703125,25.739999771118164,735.0,955.0,18.549999237060547,82.0,18.309999465942383
2025-05-07,51.400001525878906,59.20000076293945,45.95000076293945,35.20000076293945,23.510000228881836,736.0,956.0,18.510000228881836,80.87000274658203,18.18000030517578
2025-05-08,50.70000076293945,58.79999923706055,45.5,35.290000915527344,22.920000076293945,734.0,955.0,18.614999771118164,80.44000244140625,18.139999389648438
2025-05-09,50.70000076293945,58.79999923706055,45.5,35.290000915527344,23.020000457763672,734.0,955.0,18.690000534057617,80.44000244140625,18.149999618530273
2025-05-11,51.0,58.70000076293945,45.849998474121094,35.0,23.020000457763672,742.0,959.0,18.690000534057617,79.30000305175781,18.149999618530273
2025-05-12,51.0,60.5,45.95000076293945,34.959999084472656,22.899999618530273,741.0,959.0,18.700000762939453,79.7699966430664,18.1299991607666
2025-05-13,51.099998474121094,60.79999923706055,46.0,35.400001525878906,23.579999923706055,741.0,961.0,18.7549991607666,81.0,18.360000610351562
2025-05-14,51.0,60.5,43.5,35.099998474121094,23.940000534057617,743.0,959.0,18.829999923706055,81.38999938964844,18.15999984741211
2025-05-15,51.29999923706055,60.29999923706055,43.25,35.25,23.899999618530273,740.0,957.0,18.84000015258789,79.88999938964844,18.299999237060547
2025-05-16,51.29999923706055,60.29999923706055,43.25,35.25,24.09000015258789,740.0,957.0,18.8799991607666,79.88999938964844,18.479999542236328
2025-05-18,51.29999923706055,60.29999923706055,43.25,35.029998779296875,24.09000015258789,740.0,949.0,18.8799991607666,78.05999755859375,18.479999542236328
2025-05-19,51.400001525878906,59.29999923706055,43.150001525878906,34.90999984741211,23.700000762939453,740.0,949.0,19.049999237060547,78.0199966430664,18.649999618530273
2025-05-20,53.099998474121094,59.099998474121094,43.349998474121094,35.90999984741211,23.81999969482422,739.0,943.0,19.059999465942383,78.48999786376953,18.709999084472656
2025-05-21,51.0,58.5,42.95000076293945,37.0099983215332,23.209999084472656,740.0,950.0,19.18000030517578,78.69999694824219,18.56999969482422
2025-05-22,51.70000076293945,58.79999923706055,42.599998474121094,37.0,22.950000762939453,742.0,947.0,19.110000610351562,78.44999694824219,18.530000686645508
2025-05-23,51.70000076293945,58.79999923706055,42.599998474121094,37.0,23.09000015258789,742.0,947.0,19.149999618530273,78.44999694824219,18.450000762939453
2025-05-25,50.29999923706055,57.5,42.099998474121094,36.310001373291016,23.09000015258789,739.0,946.0,19.149999618530273,80.12000274658203,18.450000762939453
2025-05-26,51.20000076293945,57.5,42.20000076293945,36.2599983215332,23.09000015258789,743.0,942.0,19.149999618530273,79.01000213623047,18.450000762939453
2025-05-27,50.099998474121094,56.400001525878906,42.0,37.900001525878906,23.040000915527344,745.0,950.0,18.90999984741211,79.91000366210938,18.6200008392334
2025-05-28,51.0,56.599998474121094,42.25,36.9900016784668,22.889999389648438,750.0,965.0,18.940000534057617,82.0,18.65999984741211
2025-05-29,51.0,55.70000076293945,41.900001525878906,36.130001068115234,23.209999084472656,750.0,956.0,18.829999923706055,81.75,18.59000015258789
2025-05-30,51.0,55.70000076293945,41.900001525878906,36.130001068115234,23.34000015258789,750.0,956.0,18.75,81.75,18.56999969482422
2025-06-01,49.04999923706055,54.900001525878906,41.95000076293945,37.0,23.34000015258789,754.0,955.0,18.75,81.16000366210938,18.56999969482422
2025-06-02,49.5,55.29999923706055,41.95000076293945,37.54999923706055,23.190000534057617,753.0,952.0,18.799999237060547,80.55999755859375,18.450000762939453
2025-06-03,49.70000076293945,54.900001525878906,42.04999923706055,37.77000045776367,22.989999771118164,750.0,950.0,19.079999923706055,80.11000061035156,18.59000015258789
2025-06-04,50.400001525878906,55.20000076293945,43.0,37.5,22.739999771118164,754.0,951.0,18.90999984741211,80.5,18.59000015258789
2025-06-05,50.400001525878906,55.20000076293945,43.0,37.5,22.81999969482422,754.0,951.0,18.780000686645508,80.5,18.610000610351562
2025-06-06,50.400001525878906,55.20000076293945,43.0,37.5,23.1200008392334,754.0,951.0,18.829999923706055,80.5,18.670000076293945
2025-06-09,50.400001525878906,55.20000076293945,43.0,37.5,22.8700008392334,754.0,951.0,18.829999923706055,80.5,18.709999084472656
2025-06-11,52.0,55.400001525878906,42.5,37.5,22.68000030517578,771.0,962.0,18.959999084472656,80.20999908447266,18.719999313354492
2025-06-12,50.29999923706055,55.599998474121094,41.95000076293945,37.369998931884766,23.68000030517578,757.0,952.0,18.899999618530273,78.51000213623047,18.395000457763672
2025-06-13,50.29999923706055,55.599998474121094,41.95000076293945,37.369998931884766,23.139999389648438,757.0,952.0,18.200000762939453,78.51000213623047,17.8799991607666
2025-06-15,49.04999923706055,54.29999923706055,41.79999923706055,36.790000915527344,23.139999389648438,729.0,916.0,18.200000762939453,76.5999984741211,17.8799991607666
2025-06-16,49.25,55.79999923706055,42.29999923706055,36.380001068115234,23.420000076293945,739.0,930.0,18.045000076293945,77.06999969482422,17.559999465942383
2025-06-17,48.25,55.400001525878906,41.70000076293945,35.880001068115234,22.709999084472656,742.0,933.0,17.895000457763672,75.95999908447266,17.239999771118164
2025-06-18,47.29999923706055,55.29999923706055,41.75,36.040000915527344,22.850000381469727,734.0,917.0,17.81999969482422,74.55000305175781,16.989999771118164
2025-06-19,48.20000076293945,54.20000076293945,41.599998474121094,36.0,22.850000381469727,740.0,933.0,17.81999969482422,73.0,16.989999771118164
2025-06-20,48.20000076293945,54.20000076293945,41.599998474121094,36.0,22.0,740.0,933.0,17.719999313354492,73.0,17.260000228881836
2025-06-22,47.25,54.29999923706055,41.70000076293945,36.34000015258789,22.0,745.0,934.0,17.719999313354492,73.94999694824219,17.260000228881836
2025-06-23,48.54999923706055,54.900001525878906,42.099998474121094,37.4900016784668,22.510000228881836,747.0,936.0,17.959999084472656,73.93000030517578,17.65999984741211
2025-06-24,50.599998474121094,54.79999923706055,42.70000076293945,37.400001525878906,23.229999542236328,767.0,959.0,18.25,77.01000213623047,18.299999237060547
2025-06-25,50.70000076293945,54.5,42.95000076293945,37.93000030517578,23.15999984741211,775.0,960.0,18.360000610351562,77.08999633789062,18.219999313354492
2025-06-26,50.900001525878906,54.900001525878906,43.349998474121094,37.93000030517578,23.690000534057617,775.0,960.0,18.530000686645508,77.08999633789062,18.5
2025-06-27,50.900001525878906,54.900001525878906,43.349998474121094,37.93000030517578,24.049999237060547,775.0,960.0,18.56999969482422,77.08999633789062,18.56999969482422
2025-06-29,51.099998474121094,54.900001525878906,43.20000076293945,38.29999923706055,24.049999237060547,795.0,988.0,18.56999969482422,76.18000030517578,18.56999969482422
2025-06-30,53.599998474121094,54.650001525878906,42.540000915527344,38.0,24.020000457763672,802.0,999.0,18.6200008392334,75.06999969482422,18.719999313354492
2025-07-01,52.349998474121094,55.099998474121094,41.81999969482422,37.880001068115234,23.40999984741211,798.0,995.0,18.579999923706055,75.0,18.65999984741211
2025-07-02,53.25,56.0,41.97999954223633,37.15999984741211,23.6200008392334,792.0,988.0,18.559999465942383,76.43000030517578,18.600000381469727
2025-07-03,53.400001525878906,56.75,42.5,37.15999984741211,23.959999084472656,795.0,991.0,18.6299991607666,76.43000030517578,18.84000015258789
2025-07-06,54.70000076293945,56.29999923706055,42.459999084472656,38.20000076293945,23.959999084472656,798.0,995.0,18.6299991607666,77.58000183105469,18.84000015258789
2025-07-07,54.650001525878906,55.75,42.58000183105469,39.25,23.8799991607666,800.0,1005.0,18.68000030517578,76.76000213623047,18.860000610351562
2025-07-08,54.20000076293945,56.099998474121094,42.779998779296875,39.25,23.959999084472656,800.0,1010.0,18.729999542236328,76.76000213623047,18.84000015258789
2025-07-09,55.20000076293945,56.0,42.70000076293945,38.349998474121094,24.229999542236328,806.0,1020.0,18.75,75.75,19.1299991607666
2025-07-10,55.599998474121094,55.75,42.31999969482422,38.70000076293945,24.100000381469727,812.0,1039.0,18.75,75.9000015258789,19.079999923706055
2025-07-11,55.599998474121094,55.75,42.31999969482422,38.70000076293945,24.170000076293945,812.0,1039.0,18.729999542236328,75.9000015258789,19.209999084472656
2025-07-13,55.70000076293945,55.04999923706055,42.220001220703125,37.25,24.170000076293945,815.0,1040.0,18.729999542236328,75.7300033569336,19.209999084472656
2025-07-14,55.099998474121094,55.349998474121094,42.20000076293945,38.439998626708984,23.84000015258789,814.0,1047.0,18.709999084472656,75.62000274658203,19.3700008392334
2025-07-15,54.5,55.400001525878906,41.79999923706055,39.349998474121094,23.09000015258789,811.0,1047.0,18.690000534057617,75.80000305175781,19.40999984741211
2025-07-16,54.5,55.099998474121094,41.70000076293945,38.25,23.75,801.0,1030.0,18.77899932861328,77.19999694824219,19.860000610351562
2025-07-17,54.5,55.099998474121094,41.70000076293945,38.369998931884766,24.219999313354492,807.0,1047.0,18.959999084472656,77.55000305175781,20.049999237060547
2025-07-18,54.5,55.099998474121094,41.70000076293945,38.369998931884766,24.049999237060547,807.0,1047.0,18.90999984741211,77.55000305175781,19.979999542236328
2025-07-20,54.29999923706055,54.900001525878906,41.5,38.31999969482422,24.049999237060547,804.0,1046.0,18.90999984741211,77.36000061035156,19.979999542236328
2025-07-21,54.54999923706055,54.599998474121094,41.959999084472656,37.630001068115234,23.93000030517578,805.0,1047.0,19.1200008392334,76.5999984741211,19.899999618530273
2025-07-22,53.099998474121094,53.5,41.31999969482422,37.61000061035156,24.020000457763672,802.0,1037.0,19.34000015258789,76.55000305175781,19.795000076293945
2025-07-23,54.099998474121094,54.0,42.08000183105469,37.61000061035156,23.989999771118164,803.0,1041.0,19.540000915527344,76.55000305175781,20.104999542236328
2025-07-24,53.70000076293945,54.29999923706055,41.97999954223633,37.61000061035156,23.510000228881836,803.0,1033.0,19.610000610351562,76.55000305175781,20.110000610351562
2025-07-25,53.70000076293945,54.29999923706055,41.97999954223633,37.61000061035156,24.0,803.0,1033.0,19.6299991607666,76.55000305175781,20.350000381469727
2025-07-27,52.29999923706055,55.150001525878906,42.220001220703125,39.77000045776367,24.0,801.0,1035.0,19.6299991607666,76.16000366210938,20.350000381469727
2025-07-28,52.29999923706055,55.849998474121094,42.119998931884766,38.9900016784668,23.31999969482422,795.0,1027.0,19.600000381469727,74.0,20.31999969482422
2025-07-29,51.849998474121094,55.25,42.2599983215332,40.189998626708984,23.399999618530273,801.0,1034.0,19.600000381469727,74.27999877929688,20.145000457763672
2025-07-30,51.900001525878906,55.29999923706055,42.29999923706055,40.13999938964844,23.3799991607666,803.0,1041.0,19.65999984741211,74.16000366210938,20.260000228881836
2025-07-31,52.0,54.650001525878906,42.040000915527344,41.0,23.850000381469727,807.0,1049.0,19.655000686645508,74.48999786376953,20.040000915527344
2025-08-01,52.0,54.650001525878906,42.040000915527344,41.0,23.299999237060547,807.0,1049.0,19.665000915527344,74.48999786376953,19.950000762939453
2025-08-03,51.099998474121094,54.0,41.81999969482422,41.0,23.299999237060547,805.0,1041.0,19.665000915527344,74.48999786376953,19.950000762939453
2025-08-04,52.20000076293945,54.75,41.720001220703125,41.0,23.469999313354492,800.0,1033.0,19.709999084472656,74.48999786376953,20.209999084472656
2025-08-05,52.95000076293945,56.45000076293945,42.380001068115234,41.0,23.469999313354492,805.0,1039.0,19.78499984741211,74.48999786376953,20.010000228881836
2025-08-06,52.20000076293945,57.650001525878906,42.400001525878906,41.0,24.31999969482422,806.0,1032.0,19.850000381469727,74.48999786376953,20.25
2025-08-07,52.20000076293945,57.95000076293945,42.13999938964844,41.0,23.940000534057617,807.0,1045.0,19.945999145507812,74.48999786376953,20.100000381469727
2025-08-08,52.20000076293945,57.95000076293945,42.13999938964844,41.0,23.799999237060547,807.0,1045.0,19.93000030517578,74.48999786376953,20.139999389648438
2025-08-10,53.45000076293945,57.349998474121094,42.619998931884766,45.0,23.799999237060547,811.0,1050.0,19.93000030517578,76.0,20.139999389648438
2025-08-11,52.900001525878906,57.0,42.040000915527344,45.150001525878906,24.209999084472656,809.0,1058.0,20.03499984741211,79.0,20.079999923706055
2025-08-12,51.95000076293945,56.75,42.29999923706055,44.79999923706055,24.329999923706055,800.0,1054.0,20.270000457763672,78.73999786376953,20.149999618530273
2025-08-13,52.95000076293945,57.400001525878906,42.400001525878906,44.79999923706055,24.260000228881836,802.0,1061.0,20.559999465942383,79.19999694824219,19.93000030517578
2025-08-14,53.650001525878906,57.29999923706055,42.720001220703125,45.0,24.25,804.0,1062.0,20.520000457763672,80.31999969482422,19.979999542236328
2025-08-15,53.650001525878906,57.29999923706055,42.720001220703125,45.0,23.850000381469727,804.0,1062.0,20.540000915527344,80.31999969482422,19.905000686645508
2025-08-17,53.599998474121094,57.95000076293945,43.040000915527344,46.06999969482422,23.850000381469727,802.0,1064.0,20.540000915527344,80.30000305175781,19.905000686645508
2025-08-18,53.0,59.20000076293945,42.86000061035156,46.400001525878906,24.010000228881836,799.0,1061.0,20.3799991607666,78.55000305175781,19.96500015258789
2025-08-19,52.849998474121094,59.04999923706055,42.939998626708984,46.79999923706055,24.1200008392334,798.0,1060.0,20.239999771118164,79.05000305175781,19.83799934387207
2025-08-20,52.75,57.5,42.880001068115234,46.189998626708984,24.65999984741211,796.0,1050.0,20.079999923706055,77.22000122070312,19.799999237060547
2025-08-21,53.150001525878906,61.900001525878906,42.900001525878906,46.0,25.100000381469727,794.0,1043.0,20.065000534057617,77.0,19.753000259399414
2025-08-22,53.150001525878906,61.900001525878906,42.900001525878906,46.0,25.260000228881836,794.0,1043.0,20.190000534057617,77.0,19.959999084472656
2025-08-24,52.599998474121094,62.0,42.79999923706055,46.20000076293945,25.260000228881836,792.0,1039.0,20.190000534057617,75.9000015258789,19.959999084472656
2025-08-25,52.45000076293945,61.04999923706055,42.380001068115234,46.22999954223633,24.389999389648438,788.0,1036.0,20.003000259399414,75.0999984741211,19.829999923706055
2025-08-26,52.25,61.70000076293945,42.220001220703125,46.0,24.200000762939453,781.0,1025.0,20.139999389648438,74.51000213623047,19.75
2025-08-27,52.75,61.45000076293945,42.099998474121094,46.790000915527344,24.510000228881836,776.0,1026.0,20.1299991607666,75.0,19.68000030517578
2025-08-28,52.20000076293945,61.0,42.0,46.33000183105469,23.979999542236328,771.0,1021.0,19.959999084472656,75.05999755859375,19.530000686645508
2025-08-29,52.20000076293945,61.0,42.0,46.33000183105469,24.139999389648438,771.0,1021.0,20.0,75.05999755859375,19.3799991607666
2025-08-31,51.45000076293945,60.849998474121094,42.02000045776367,45.5,24.139999389648438,770.0,1021.0,20.0,74.9000015258789,19.3799991607666
2025-09-01,52.400001525878906,60.25,41.81999969482422,45.900001525878906,24.139999389648438,770.0,1027.0,20.0,74.5999984741211,19.3799991607666
2025-09-02,52.650001525878906,59.75,41.959999084472656,46.189998626708984,24.299999237060547,772.0,1030.0,19.729999542236328,74.44999694824219,19.139999389648438
2025-09-03,53.0,60.45000076293945,41.900001525878906,45.04999923706055,24.09000015258789,766.0,1022.0,19.860000610351562,75.0,19.030000686645508
2025-09-04,53.599998474121094,59.75,41.79999923706055,45.04999923706055,24.190000534057617,766.0,1022.0,19.700000762939453,75.0,19.200000762939453
2025-09-05,53.599998474121094,59.75,41.79999923706055,45.04999923706055,24.18000030517578,766.0,1022.0,19.690000534057617,75.0,19.15999984741211
2025-09-07,53.29999923706055,60.0,41.81999969482422,45.0,24.18000030517578,766.0,1015.0,19.690000534057617,75.11000061035156,19.15999984741211
2025-09-08,52.900001525878906,59.150001525878906,41.619998931884766,45.72999954223633,24.0,794.0,1040.0,19.6299991607666,75.0,18.940000534057617
2025-09-09,53.79999923706055,59.20000076293945,41.7400016784668,44.099998474121094,23.989999771118164,795.0,1060.0,19.3700008392334,75.01000213623047,18.90999984741211
2025-09-10,54.20000076293945,59.5,41.31999969482422,44.79999923706055,24.149999618530273,795.0,1065.0,19.530000686645508,74.69000244140625,18.850000381469727
2025-09-11,54.400001525878906,59.0,41.220001220703125,46.02000045776367,24.280000686645508,792.0,1061.0,19.579999923706055,74.7699966430664,19.010000228881836
2025-09-12,54.400001525878906,59.0,41.220001220703125,46.02000045776367,24.200000762939453,792.0,1061.0,19.540000915527344,74.7699966430664,19.170000076293945
2025-09-14,55.95000076293945,58.349998474121094,41.47999954223633,46.959999084472656,24.200000762939453,798.0,1074.0,19.540000915527344,74.91000366210938,19.170000076293945
2025-09-15,56.29999923706055,58.849998474121094,41.439998626708984,47.709999084472656,24.049999237060547,799.0,1078.0,19.549999237060547,74.05000305175781,19.200000762939453
2025-09-16,56.54999923706055,59.20000076293945,41.540000915527344,46.900001525878906,24.204999923706055,797.0,1086.0,19.770000457763672,73.62000274658203,19.31999969482422
2025-09-17,56.25,59.5,42.099998474121094,46.5,23.610000610351562,798.0,1084.0,19.850000381469727,73.5199966430664,19.15999984741211
2025-09-18,56.75,60.70000076293945,42.439998626708984,47.25,24.18000030517578,796.0,1091.0,19.940000534057617,73.97000122070312,19.360000610351562
2025-09-19,56.75,60.70000076293945,42.439998626708984,47.25,23.969999313354492,796.0,1091.0,19.940000534057617,73.97000122070312,19.469999313354492
2025-09-21,58.0,60.95000076293945,43.0,46.83000183105469,23.969999313354492,796.0,1091.0,19.940000534057617,73.51000213623047,19.469999313354492
2025-09-22,59.25,61.29999923706055,43.380001068115234,46.5,24.0,794.0,1095.0,19.940000534057617,72.98999786376953,19.549999237060547
2025-09-23,59.25,61.29999923706055,43.380001068115234,46.689998626708984,23.649999618530273,797.0,1111.0,19.78499984741211,73.55000305175781,19.139999389648438
2025-09-24,61.70000076293945,62.79999923706055,44.86000061035156,46.939998626708984,23.350000381469727,792.0,1086.0,19.565000534057617,73.37999725341797,18.68000030517578
2025-09-25,61.70000076293945,62.79999923706055,44.86000061035156,47.0,23.709999084472656,786.0,1075.0,19.3700008392334,72.69000244140625,18.84000015258789
2025-09-26,61.70000076293945,62.79999923706055,44.86000061035156,47.0,23.420000076293945,786.0,1075.0,19.420000076293945,72.69000244140625,18.979999542236328
2025-09-28,60.349998474121094,60.400001525878906,43.34000015258789,48.5,23.420000076293945,785.0,1059.0,19.420000076293945,72.88999938964844,18.979999542236328
2025-09-29,62.5,61.75,43.65999984741211,49.9900016784668,23.399999618530273,793.0,1064.0,19.424999237060547,74.33000183105469,18.81999969482422
2025-09-30,64.0,61.54999923706055,44.08000183105469,51.0,23.200000762939453,795.0,1061.0,19.530000686645508,73.9000015258789,18.889999389648438
2025-10-01,64.0,61.54999923706055,44.08000183105469,51.0,23.610000610351562,790.0,1056.0,19.389999389648438,73.83999633789062,18.989999771118164
2025-10-02,65.05000305175781,61.54999923706055,44.63999938964844,49.79999923706055,23.450000762939453,786.0,1051.0,19.274999618530273,74.0199966430664,19.079999923706055
2025-10-03,65.05000305175781,61.54999923706055,44.63999938964844,49.79999923706055,23.450000762939453,786.0,1051.0,19.295000076293945,74.0199966430664,19.110000610351562
2025-10-05,64.9000015258789,61.650001525878906,44.52000045776367,49.0,23.450000762939453,785.0,1050.0,19.295000076293945,74.41999816894531,19.110000610351562
2025-10-06,67.9000015258789,62.29999923706055,44.36000061035156,49.0,23.389999389648438,786.0,1049.0,19.21500015258789,75.19000244140625,19.040000915527344
2025-10-07,66.6500015258789,61.5,44.36000061035156,47.81999969482422,23.299999237060547,791.0,1057.0,19.260000228881836,75.83000183105469,19.1299991607666
2025-10-08,66.44999694824219,60.79999923706055,44.540000915527344,48.029998779296875,23.030000686645508,788.0,1052.0,19.309999465942383,76.4800033569336,19.290000915527344
2025-10-09,67.19999694824219,60.900001525878906,44.619998931884766,48.029998779296875,22.719999313354492,783.0,1045.0,19.329999923706055,76.4800033569336,19.25
2025-10-10,67.19999694824219,60.900001525878906,44.619998931884766,48.029998779296875,22.280000686645508,783.0,1045.0,19.229999542236328,76.4800033569336,19.0
2025-10-12,66.8499984741211,60.70000076293945,44.2400016784668,50.0,22.280000686645508,781.0,1046.0,19.229999542236328,78.05999755859375,19.0
2025-10-13,66.19999694824219,60.650001525878906,44.79999923706055,48.900001525878906,22.709999084472656,785.0,1051.0,19.2549991607666,77.77999877929688,19.15999984741211
2025-10-14,66.9000015258789,60.849998474121094,45.0,49.54999923706055,23.1299991607666,790.0,1058.0,19.204999923706055,76.62000274658203,19.56999969482422
2025-10-15,66.8499984741211,61.0,44.79999923706055,50.0,22.78499984741211,786.0,1046.0,19.070999145507812,77.5,19.469999313354492
2025-10-16,67.0,61.75,44.900001525878906,50.33000183105469,21.969999313354492,787.0,1054.0,19.13599967956543,77.58999633789062,19.469999313354492
2025-10-17,67.0,61.75,44.900001525878906,50.33000183105469,22.1299991607666,787.0,1054.0,19.084999084472656,77.58999633789062,19.6299991607666
2025-10-19,66.55000305175781,61.900001525878906,44.720001220703125,50.400001525878906,22.1299991607666,791.0,1057.0,19.084999084472656,77.58999633789062,19.6299991607666
2025-10-20,67.05000305175781,61.04999923706055,44.119998931884766,50.02000045776367,22.325000762939453,790.0,1053.0,19.135000228881836,77.5,19.56999969482422
2025-10-21,66.5999984741211,60.849998474121094,44.31999969482422,50.5,22.43000030517578,791.0,1053.0,19.09000015258789,77.36000061035156,19.579999923706055
2025-10-22,63.650001525878906,60.0,44.560001373291016,50.66999816894531,22.229999542236328,791.0,1045.0,19.139999389648438,77.20999908447266,19.690000534057617
2025-10-23,64.19999694824219,60.349998474121094,44.959999084472656,50.79999923706055,22.350000381469727,792.0,1050.0,19.260000228881836,76.94999694824219,19.920000076293945
2025-10-24,64.19999694824219,60.349998474121094,44.959999084472656,50.79999923706055,22.25,792.0,1050.0,19.290000915527344,76.94999694824219,19.979999542236328
2025-10-26,63.650001525878906,60.29999923706055,45.040000915527344,50.529998779296875,22.25,790.0,1047.0,19.290000915527344,76.19999694824219,19.979999542236328
2025-10-27,63.54999923706055,60.5,44.720001220703125,50.5099983215332,22.020000457763672,790.0,1040.0,19.19499969482422,76.72000122070312,19.969999313354492
2025-10-28,63.54999923706055,60.5,44.70000076293945,50.40999984741211,22.020000457763672,794.0,1041.0,19.19499969482422,75.98999786376953,20.010000228881836
2025-10-29,64.19999694824219,61.0,44.91999816894531,50.400001525878906,21.979999542236328,800.0,1050.0,19.25,75.95999908447266,20.0
2025-10-30,64.25,61.04999923706055,45.18000030517578,50.099998474121094,22.010000228881836,803.0,1050.0,19.288999557495117,75.86000061035156,20.149999618530273
2025-10-31,64.25,61.04999923706055,45.18000030517578,50.099998474121094,21.299999237060547,803.0,1050.0,19.299999237060547,75.86000061035156,19.68000030517578
2025-11-02,62.75,59.79999923706055,44.720001220703125,49.70000076293945,21.299999237060547,803.0,1047.0,19.299999237060547,75.12000274658203,19.68000030517578
2025-11-03,63.54999923706055,58.70000076293945,44.2400016784668,51.83000183105469,21.450000762939453,800.0,1040.0,19.315000534057617,75.97000122070312,19.579999923706055
2025-11-04,61.79999923706055,58.75,44.900001525878906,53.5,21.280000686645508,798.0,1030.0,19.434999465942383,75.05999755859375,19.360000610351562
2025-11-05,61.0,58.29999923706055,44.619998931884766,53.79999923706055,22.459999084472656,796.0,1026.0,19.415000915527344,75.01000213623047,19.350000381469727
2025-11-06,59.79999923706055,58.0,44.34000015258789,52.86000061035156,22.299999237060547,796.0,1019.0,19.459999084472656,79.08999633789062,19.309999465942383
2025-11-07,59.79999923706055,58.0,44.34000015258789,52.86000061035156,21.93000030517578,796.0,1019.0,19.420000076293945,79.08999633789062,19.43000030517578
2025-11-09,59.400001525878906,57.45000076293945,44.02000045776367,52.47999954223633,21.93000030517578,799.0,1018.0,19.420000076293945,82.11000061035156,19.43000030517578
2025-11-10,61.45000076293945,57.75,43.86000061035156,52.4900016784668,22.889999389648438,797.0,1008.0,19.479999542236328,80.6500015258789,19.530000686645508
2025-11-11,61.29999923706055,57.599998474121094,44.439998626708984,53.43000030517578,22.84000015258789,801.0,1015.0,19.648000717163086,80.70999908447266,19.690000534057617
2025-11-12,61.04999923706055,57.79999923706055,43.97999954223633,52.63999938964844,23.020000457763672,798.0,1012.0,19.55500030517578,81.06999969482422,19.479999542236328
2025-11-13,59.5,56.900001525878906,43.81999969482422,56.0,23.459999084472656,798.0,1013.0,19.25,79.80000305175781,19.190000534057617
2025-11-14,59.5,56.900001525878906,43.81999969482422,56.0,23.43000030517578,798.0,1013.0,19.28499984741211,79.80000305175781,19.170000076293945
2025-11-16,59.45000076293945,56.5,43.13999938964844,62.68000030517578,23.43000030517578,795.0,1004.0,19.28499984741211,77.97000122070312,19.170000076293945
2025-11-17,60.45000076293945,56.70000076293945,43.400001525878906,61.099998474121094,23.56999969482422,795.0,1011.0,18.889999389648438,79.0,18.93000030517578
2025-11-18,60.20000076293945,57.400001525878906,43.31999969482422,60.65999984741211,23.489999771118164,791.0,1002.0,18.815000534057617,77.0,18.850000381469727
2025-11-19,59.150001525878906,56.75,43.08000183105469,60.0,23.520000457763672,791.0,1012.0,18.954999923706055,77.0,18.8700008392334
2025-11-20,61.29999923706055,56.54999923706055,43.0,62.900001525878906,23.399999618530273,794.0,1010.0,18.614999771118164,76.69999694824219,18.757999420166016
2025-11-21,61.29999923706055,56.54999923706055,43.0,62.900001525878906,23.579999923706055,794.0,1010.0,18.68000030517578,76.69999694824219,18.68000030517578
2025-11-23,63.349998474121094,56.400001525878906,43.2400016784668,65.2699966430664,23.579999923706055,793.0,1012.0,18.68000030517578,76.52999877929688,18.68000030517578
2025-11-24,62.20000076293945,55.75,42.540000915527344,65.80000305175781,23.889999389648438,790.0,1007.0,18.850000381469727,76.0199966430664,18.75
2025-11-25,61.599998474121094,55.5,42.540000915527344,63.529998779296875,23.920000076293945,795.0,1010.0,18.770000457763672,75.54000091552734,18.709999084472656
2025-11-26,61.849998474121094,55.75,42.619998931884766,63.9900016784668,24.059999465942383,795.0,1004.0,18.885000228881836,76.70999908447266,18.530000686645508
2025-11-27,61.0,55.150001525878906,42.65999984741211,63.5,24.059999465942383,796.0,1004.0,18.885000228881836,76.52999877929688,18.530000686645508
2025-11-28,61.0,55.150001525878906,42.65999984741211,63.5,24.049999237060547,796.0,1004.0,18.8799991607666,76.52999877929688,18.579999923706055
2025-11-30,59.650001525878906,54.0,42.5,65.0,24.049999237060547,797.0,1003.0,18.8799991607666,76.01000213623047,18.579999923706055
2025-12-01,60.0,54.650001525878906,42.20000076293945,63.619998931884766,23.989999771118164,795.0,1000.0,18.709999084472656,76.77999877929688,18.493999481201172
2025-12-02,60.20000076293945,54.5,42.279998779296875,61.959999084472656,24.15999984741211,795.0,996.0,18.774999618530273,76.38999938964844,18.530000686645508
2025-12-03,59.54999923706055,54.95000076293945,42.31999969482422,61.95000076293945,23.950000762939453,797.0,1010.0,18.93000030517578,76.70999908447266,18.850000381469727
2025-12-04,59.54999923706055,54.95000076293945,42.31999969482422,61.0,24.020000457763672,802.0,1022.0,18.940000534057617,76.19999694824219,19.049999237060547
2025-12-05,59.54999923706055,54.95000076293945,42.31999969482422,61.0,24.040000915527344,802.0,1022.0,18.93000030517578,76.19999694824219,19.219999313354492
2025-12-07,58.95000076293945,55.20000076293945,42.099998474121094,62.0099983215332,24.040000915527344,803.0,1027.0,18.93000030517578,76.13999938964844,19.219999313354492
2025-12-08,59.650001525878906,55.0,42.0,64.0,24.010000228881836,811.0,1036.0,18.954999923706055,65.5199966430664,19.079999923706055
2025-12-09,59.0,54.5,42.380001068115234,64.01000213623047,24.200000762939453,820.0,1040.0,19.041000366210938,75.30999755859375,19.3799991607666
2025-12-10,60.150001525878906,54.400001525878906,42.65999984741211,63.650001525878906,23.940000534057617,820.0,1039.0,19.16900062561035,75.26000213623047,19.440000534057617
2025-12-11,59.45000076293945,54.650001525878906,43.34000015258789,64.6500015258789,24.15999984741211,826.0,1043.0,19.315000534057617,75.61000061035156,19.510000228881836
2025-12-12,59.45000076293945,54.650001525878906,43.34000015258789,64.6500015258789,24.299999237060547,826.0,1043.0,19.31999969482422,75.61000061035156,19.350000381469727
2025-12-14,58.29999923706055,54.0,42.5,66.0,24.299999237060547,831.0,1037.0,19.31999969482422,75.77999877929688,19.350000381469727
2025-12-15,58.04999923706055,53.29999923706055,42.47999954223633,66.1500015258789,24.899999618530273,822.0,1023.0,19.010000228881836,76.16000366210938,19.3799991607666
2025-12-16,56.95000076293945,52.599998474121094,42.439998626708984,64.01000213623047,25.0,813.0,1016.0,18.69700050354004,76.16000366210938,19.239999771118164
2025-12-17,57.95000076293945,52.400001525878906,42.20000076293945,63.0,25.200000762939453,808.0,1005.0,18.607999801635742,76.02999877929688,19.113000869750977
2025-12-18,60.25,52.75,42.060001373291016,63.130001068115234,25.3799991607666,815.0,1004.0,18.739999771118164,75.27999877929688,19.309999465942383
2025-12-19,60.25,52.75,42.060001373291016,63.130001068115234,25.239999771118164,815.0,1004.0,18.774999618530273,75.27999877929688,19.25
2025-12-21,60.400001525878906,52.29999923706055,42.220001220703125,64.0,25.239999771118164,820.0,1004.0,18.774999618530273,75.51000213623047,19.25
2025-12-22,63.599998474121094,52.400001525878906,42.599998474121094,62.79999923706055,25.520000457763672,817.0,1009.0,18.84000015258789,75.86000061035156,19.450000762939453
2025-12-23,63.349998474121094,52.79999923706055,42.779998779296875,63.0,25.600000381469727,818.0,1015.0,18.93000030517578,76.2699966430664,19.559999465942383
2025-12-24,63.099998474121094,52.45000076293945,42.86000061035156,63.0,25.43000030517578,815.0,1012.0,18.959999084472656,76.0,19.520000457763672
2025-12-25,62.45000076293945,52.150001525878906,42.900001525878906,62.83000183105469,25.43000030517578,816.0,1017.0,18.959999084472656,76.02999877929688,19.520000457763672
2025-12-26,62.45000076293945,52.150001525878906,42.900001525878906,62.83000183105469,25.459999084472656,816.0,1017.0,18.864999771118164,76.02999877929688,19.540000915527344
2025-12-28,62.29999923706055,51.20000076293945,42.52000045776367,64.22000122070312,25.459999084472656,818.0,1017.0,18.864999771118164,76.0199966430664,19.540000915527344
2025-12-29,62.45000076293945,51.95000076293945,42.58000183105469,64.80000305175781,25.5,817.0,1015.0,18.875,76.72000122070312,19.600000381469727
2025-12-30,60.79999923706055,51.20000076293945,42.65999984741211,64.79000091552734,25.309999465942383,805.0,1009.0,18.950000762939453,77.01000213623047,19.049999237060547
2025-12-31,60.95000076293945,51.29999923706055,42.97999954223633,65.7699966430664,25.09000015258789,811.0,1015.0,18.81800079345703,78.25,19.1200008392334
2026-01-01,60.849998474121094,51.400001525878906,42.959999084472656,65.7699966430664,25.09000015258789,811.0,1015.0,18.81800079345703,78.25,19.1200008392334
2026-01-02,60.849998474121094,51.400001525878906,42.959999084472656,65.7699966430664,25.030000686645508,811.0,1015.0,18.825000762939453,78.25,19.21500015258789
2026-01-04,59.599998474121094,50.54999923706055,42.70000076293945,65.30999755859375,25.030000686645508,805.0,1005.0,18.825000762939453,77.0,19.21500015258789
2026-01-05,61.0,49.959999084472656,42.720001220703125,63.97999954223633,24.979999542236328,803.0,1008.0,19.190000534057617,76.33999633789062,19.219999313354492
2026-01-06,64.5,49.7400016784668,42.2599983215332,65.25,24.850000381469727,807.0,1005.0,19.354999542236328,78.95999908447266,19.424999237060547
2026-01-07,63.79999923706055,50.650001525878906,42.79999923706055,65.25,23.90999984741211,811.0,1010.0,19.405000686645508,78.95999908447266,19.649999618530273
2026-01-08,63.5,50.900001525878906,42.880001068115234,68.72000122070312,24.18000030517578,810.0,1007.0,19.280000686645508,80.5,19.649999618530273
2026-01-09,63.5,50.900001525878906,42.880001068115234,68.72000122070312,23.440000534057617,810.0,1007.0,19.360000610351562,80.5,19.43000030517578
2026-01-11,64.44999694824219,52.70000076293945,43.0,71.0,23.440000534057617,806.0,1006.0,19.360000610351562,80.47000122070312,19.43000030517578
2026-01-12,67.5,54.95000076293945,44.0,69.1500015258789,23.645000457763672,807.0,1000.0,19.610000610351562,80.6500015258789,19.549999237060547
2026-01-13,70.80000305175781,55.0,44.540000915527344,69.01000213623047,23.510000228881836,817.0,1005.0,19.709999084472656,78.51000213623047,19.760000228881836
2026-01-14,71.5,55.54999923706055,44.459999084472656,68.5,23.809999465942383,817.0,1001.0,19.65999984741211,79.0,19.59000015258789
2026-01-15,71.30000305175781,55.349998474121094,44.29999923706055,68.25,24.010000228881836,815.0,998.0,19.424999237060547,76.52999877929688,19.729999542236328
2026-01-16,71.30000305175781,55.349998474121094,44.29999923706055,68.25,23.739999771118164,815.0,998.0,19.459999084472656,76.52999877929688,19.8700008392334
2026-01-18,72.3499984741211,56.0,44.0,67.94999694824219,23.739999771118164,815.0,998.0,19.459999084472656,77.98999786376953,19.8700008392334
2026-01-19,72.3499984741211,54.54999923706055,44.0,73.87999725341797,23.739999771118164,822.0,1003.0,19.459999084472656,79.4000015258789,19.8700008392334
2026-01-20,74.0,53.45000076293945,44.15999984741211,80.11000061035156,24.139999389648438,824.0,1002.0,19.709999084472656,81.1500015258789,20.09000015258789
2026-01-21,73.5,54.79999923706055,43.900001525878906,80.11000061035156,24.059999465942383,826.0,999.0,19.709999084472656,83.9000015258789,20.299999237060547
2026-01-22,72.44999694824219,56.04999923706055,43.939998626708984,78.51000213623047,24.59000015258789,826.0,1002.0,19.899999618530273,82.7300033569336,20.6200008392334
2026-01-23,72.44999694824219,56.04999923706055,43.939998626708984,78.51000213623047,24.770000457763672,826.0,1002.0,19.81999969482422,82.7300033569336,20.459999084472656
2026-01-25,77.6500015258789,55.849998474121094,44.18000030517578,77.98999786376953,24.770000457763672,821.0,999.0,19.81999969482422,80.9800033569336,20.459999084472656
2026-01-26,79.5,56.0,44.31999969482422,81.2300033569336,24.809999465942383,814.0,993.0,19.937000274658203,80.16000366210938,20.40999984741211
2026-01-27,77.4000015258789,57.54999923706055,44.959999084472656,79.66000366210938,24.530000686645508,822.0,1006.0,19.940000534057617,78.5999984741211,20.709999084472656
2026-01-28,77.5,57.400001525878906,44.79999923706055,78.5,24.799999237060547,819.0,986.0,20.0,78.66000366210938,20.75
2026-01-29,77.30000305175781,56.849998474121094,44.400001525878906,78.5,25.25,808.0,951.0,19.81999969482422,78.66000366210938,20.65999984741211
2026-01-30,77.30000305175781,56.849998474121094,44.400001525878906,78.5,24.920000076293945,808.0,951.0,19.709999084472656,78.66000366210938,20.489999771118164
2026-02-01,69.94999694824219,55.54999923706055,44.2599983215332,79.27999877929688,24.920000076293945,815.0,965.0,19.709999084472656,77.5,20.489999771118164
2026-02-02,73.44999694824219,54.849998474121094,44.79999923706055,78.4000015258789,24.93000030517578,818.0,965.0,19.969999313354492,78.0,20.940000534057617
2026-02-03,75.05000305175781,55.349998474121094,44.900001525878906,83.25,25.010000228881836,822.0,994.0,19.91699981689453,80.01000213623047,21.110000610351562
2026-02-04,76.69999694824219,55.849998474121094,44.7599983215332,83.30000305175781,25.479999542236328,815.0,978.0,19.959999084472656,80.87999725341797,21.290000915527344
2026-02-05,72.55000305175781,55.5,44.279998779296875,84.88999938964844,25.579999923706055,814.0,967.0,19.81999969482422,79.88999938964844,21.389999389648438
2026-02-06,72.55000305175781,55.5,44.279998779296875,84.88999938964844,25.600000381469727,814.0,967.0,19.940000534057617,79.88999938964844,21.729999542236328
2026-02-08,73.5999984741211,55.400001525878906,44.439998626708984,88.75,25.600000381469727,817.0,973.0,19.940000534057617,79.01000213623047,21.729999542236328
2026-02-09,72.94999694824219,55.599998474121094,44.599998474121094,90.88999938964844,24.780000686645508,815.0,966.0,20.100000381469727,78.45999908447266,21.889999389648438
2026-02-10,72.69999694824219,57.04999923706055,44.47999954223633,92.88999938964844,25.190000534057617,816.0,960.0,20.094999313354492,79.08999633789062,21.899999618530273
2026-02-11,73.55000305175781,56.5,44.560001373291016,93.1500015258789,25.0,817.0,960.0,20.125,78.41999816894531,21.829999923706055
2026-02-12,73.9000015258789,58.0,44.779998779296875,94.94000244140625,25.0,819.0,960.0,20.075000762939453,78.5199966430664,21.889999389648438
2026-02-13,73.9000015258789,58.0,44.779998779296875,94.94000244140625,25.1200008392334,819.0,960.0,20.097000122070312,78.5199966430664,21.940000534057617
2026-02-15,73.0,57.900001525878906,44.79999923706055,112.9800033569336,25.1200008392334,816.0,952.0,20.097000122070312,79.48999786376953,21.940000534057617
2026-02-16,72.4000015258789,57.29999923706055,44.79999923706055,99.01000213623047,25.1200008392334,817.0,958.0,20.097000122070312,78.58999633789062,21.940000534057617
2026-02-17,71.25,57.04999923706055,44.79999923706055,97.33999633789062,25.530000686645508,818.0,959.0,19.979999542236328,79.01000213623047,21.850000381469727
2026-02-18,72.0,56.75,43.599998474121094,97.69999694824219,25.420000076293945,817.0,971.0,20.114999771118164,83.48999786376953,22.229999542236328
2026-02-19,70.80000305175781,55.400001525878906,43.0,94.0999984741211,25.56999969482422,812.0,955.0,19.856000900268555,80.75,21.690000534057617
2026-02-20,70.80000305175781,55.400001525878906,43.0,94.0999984741211,25.579999923706055,812.0,955.0,19.844999313354492,80.75,21.6299991607666
2026-02-22,70.80000305175781,55.400001525878906,43.0,91.88999938964844,25.579999923706055,809.0,949.0,19.844999313354492,79.18000030517578,21.6299991607666
2026-02-23,71.8499984741211,56.04999923706055,43.20000076293945,92.5,25.010000228881836,809.0,959.0,19.920000076293945,80.1500015258789,21.959999084472656
2026-02-24,71.25,55.400001525878906,42.29999923706055,93.9000015258789,25.3799991607666,804.0,943.0,19.989999771118164,78.81999969482422,22.0
2026-02-25,71.55000305175781,54.79999923706055,42.459999084472656,89.77999877929688,25.200000762939453,804.0,943.0,19.889999389648438,77.52999877929688,22.0
2026-02-26,70.19999694824219,54.20000076293945,41.81999969482422,92.79000091552734,25.280000686645508,804.0,943.0,19.520000457763672,77.48999786376953,21.540000915527344
2026-02-27,70.19999694824219,54.20000076293945,41.81999969482422,92.79000091552734,25.200000762939453,804.0,943.0,19.459999084472656,77.48999786376953,21.350000381469727
2026-03-01,69.0,52.29999923706055,41.5,90.30000305175781,25.200000762939453,804.0,943.0,19.459999084472656,75.8499984741211,21.350000381469727
2026-03-02,70.0,52.20000076293945,41.220001220703125,88.83000183105469,25.309999465942383,793.0,908.0,18.8700008392334,76.80999755859375,20.309999465942383
2026-03-03,70.0,54.400001525878906,41.7400016784668,86.5999984741211,25.399999618530273,800.0,929.0,19.010000228881836,76.66000366210938,19.690000534057617
2026-03-04,71.8499984741211,53.95000076293945,42.099998474121094,88.0,25.06999969482422,795.0,922.0,18.889999389648438,78.0,19.834999084472656
2026-03-05,71.4000015258789,55.29999923706055,42.0,88.0,24.770000457763672,797.0,949.0,18.860000610351562,77.93000030517578,19.399999618530273
2026-03-06,71.4000015258789,55.29999923706055,42.0,88.0,24.510000228881836,797.0,949.0,18.75,77.93000030517578,19.079999923706055
2026-03-08,71.69999694824219,59.70000076293945,42.099998474121094,86.0,24.510000228881836,799.0,940.0,18.75,79.19999694824219,19.079999923706055
2026-03-09,69.0,58.900001525878906,42.20000076293945,82.12999725341797,24.1200008392334,797.0,940.0,18.809999465942383,79.22000122070312,19.170000076293945
2026-03-10,69.0,56.70000076293945,42.15999984741211,84.01000213623047,24.229999542236328,809.0,946.0,18.93000030517578,79.4000015258789,19.110000610351562
2026-03-11,69.30000305175781,57.5,42.36000061035156,84.80000305175781,24.020000457763672,813.0,950.0,18.799999237060547,79.5,18.68000030517578
2026-03-12,68.94999694824219,57.849998474121094,42.29999923706055,84.6500015258789,23.719999313354492,810.0,941.0,18.700000762939453,79.02999877929688,17.889999389648438
2026-03-13,68.94999694824219,57.849998474121094,42.29999923706055,84.6500015258789,23.510000228881836,810.0,941.0,18.739999771118164,79.02999877929688,17.760000228881836
2026-03-15,69.5,56.5,42.439998626708984,82.55000305175781,23.510000228881836,813.0,943.0,18.739999771118164,78.30000305175781,17.760000228881836
2026-03-16,69.55000305175781,57.099998474121094,42.220001220703125,81.0,24.06999969482422,809.0,938.0,18.739999771118164,78.0,17.899999618530273
2026-03-17,69.55000305175781,57.099998474121094,42.220001220703125,82.30000305175781,24.530000686645508,805.0,925.0,18.690000534057617,78.37000274658203,18.299999237060547
2026-03-18,69.55000305175781,57.099998474121094,42.220001220703125,84.38999938964844,23.149999618530273,800.0,909.0,18.670000076293945,78.52999877929688,17.8799991607666
2026-03-19,69.55000305175781,57.099998474121094,42.220001220703125,84.38999938964844,22.31999969482422,800.0,909.0,18.329999923706055,78.52999877929688,17.920000076293945
2026-03-24,64.8499984741211,57.0,41.779998779296875,82.5999984741211,23.520000457763672,800.0,912.0,18.209999084472656,78.62000274658203,18.06999969482422
2026-03-25,65.0,58.0,42.220001220703125,83.5,23.56999969482422,801.0,922.0,18.42099952697754,78.25,18.709999084472656
2026-03-26,64.5,58.95000076293945,42.2400016784668,82.6500015258789,23.829999923706055,801.0,911.0,18.34000015258789,78.30999755859375,17.950000762939453
2026-03-27,64.5,58.95000076293945,42.2400016784668,82.6500015258789,23.15999984741211,801.0,911.0,18.160999298095703,78.30999755859375,17.799999237060547
2026-03-29,63.70000076293945,58.400001525878906,42.2599983215332,81.5,23.15999984741211,797.0,909.0,18.160999298095703,77.93000030517578,17.799999237060547
2026-03-30,63.70000076293945,58.400001525878906,42.2599983215332,79.01000213623047,23.780000686645508,798.0,924.0,18.195999145507812,78.0,17.84000015258789
2026-03-31,64.80000305175781,60.29999923706055,42.5,78.58999633789062,24.225000381469727,805.0,917.0,18.600000381469727,78.0,18.649999618530273
2026-04-01,65.4000015258789,59.54999923706055,42.47999954223633,78.58999633789062,24.684999465942383,810.0,934.0,18.6299991607666,78.0,18.639999389648438
